{
  "model": "DNNC-R",
  "dataset": "concrete",
  "rmse_train": 4.683314448361339,
  "rmse_test": 5.966227340908929,
  "log_score_train": -3.0297875793063107,
  "log_score_test": -3.359334280355993,
  "crps_train": 2.7085502510711645,
  "crps_test": 3.404693219072315,
  "picp_train": 0.9557713052858684,
  "picp_test": 0.8932038834951457,
  "mpiw_train": 23.436646567581562,
  "mpiw_test": 23.55190050130496
}