{
  "model": "PBP",
  "dataset": "energy",
  "rmse_train": 3.083399310322096,
  "rmse_test": 8.653659668419383,
  "log_score_train": -1.9108980195116376,
  "log_score_test": -17.80426730171938,
  "crps_train": 0.9522244044457479,
  "crps_test": 6.535978079432371,
  "picp_train": 0.96875,
  "picp_test": 0.2890625,
  "mpiw_train": 5.934673249020923,
  "mpiw_test": 6.4958344406101585
}