{
  "model": "NLM",
  "dataset": "energy",
  "rmse_train": 2.9347667355364795,
  "rmse_test": 2.6603210032410742,
  "log_score_train": -1.328495665595748,
  "log_score_test": -1.5470403010298623,
  "crps_train": 0.9055481092147413,
  "crps_test": 1.015571228304422,
  "picp_train": 0.9956647398843931,
  "picp_test": 0.9868421052631579,
  "mpiw_train": 7.019322258171058,
  "mpiw_test": 7.420463723280601
}