{
  "model": "NLM",
  "dataset": "kin8nm",
  "rmse_train": 0.07948925697206465,
  "rmse_test": 0.08254425515704612,
  "log_score_train": 1.1998792558119467,
  "log_score_test": 1.1633301553795081,
  "crps_train": 0.04227283192131194,
  "crps_test": 0.044213546711874094,
  "picp_train": 0.9866324848928768,
  "picp_test": 0.9670450384474552,
  "mpiw_train": 0.3647780956275365,
  "mpiw_test": 0.3366692594170549
}