{
  "model": "DNNC-R",
  "dataset": "energy",
  "rmse_train": 2.5122656747130487,
  "rmse_test": 2.0019692296451868,
  "log_score_train": -1.8806720777834756,
  "log_score_test": -1.833504479682879,
  "crps_train": 1.0945662638765874,
  "crps_test": 1.0694989781095918,
  "picp_train": 0.9855491329479769,
  "picp_test": 0.9868421052631579,
  "mpiw_train": 10.698209064202615,
  "mpiw_test": 10.324502867987789
}