{
  "model": "MC dropout",
  "dataset": "wine",
  "rmse_train": 0.5912521339575286,
  "rmse_test": 0.6505224366817818,
  "log_score_train": -0.7744188887836412,
  "log_score_test": -0.9051286721828514,
  "crps_train": 0.3176833127202758,
  "crps_test": 0.3521011278316884,
  "picp_train": 0.95,
  "picp_test": 0.89937106918239,
  "mpiw_train": 2.2211420431785482,
  "mpiw_test": 2.2357206574635735
}