{
  "model": "DNNC-R",
  "dataset": "concrete",
  "rmse_train": 4.900106408474803,
  "rmse_test": 7.795488754655166,
  "log_score_train": -3.0182126782976133,
  "log_score_test": -3.8801482780167493,
  "crps_train": 2.759592961961652,
  "crps_test": 4.384051268928121,
  "picp_train": 0.9636098981077147,
  "picp_test": 0.8075801749271136,
  "mpiw_train": 22.712830728965734,
  "mpiw_test": 21.99225689554143
}