{
  "model": "MC dropout",
  "dataset": "kin8nm",
  "rmse_train": 0.12373498510843015,
  "rmse_test": 0.12375763802449455,
  "log_score_train": 0.6421266611337262,
  "log_score_test": 0.6213295954656982,
  "crps_train": 0.07027091011890255,
  "crps_test": 0.07096247160651291,
  "picp_train": 0.9913919413919414,
  "picp_test": 0.9802342606149341,
  "mpiw_train": 0.6282884542032182,
  "mpiw_test": 0.622684973037898
}