{
  "model": "DNNC-R",
  "dataset": "yacht",
  "rmse_train": 3.468283955098322,
  "rmse_test": 3.269862764872932,
  "log_score_train": -1.2375271336563765,
  "log_score_test": -1.2600982806740035,
  "crps_train": 4.357657177305316,
  "crps_test": 4.235713396013567,
  "picp_train": 0.8992805755395683,
  "picp_test": 0.9,
  "mpiw_train": 24.771462504837007,
  "mpiw_test": 27.44504142357802
}