{
  "model": "PNN-E",
  "dataset": "energy",
  "rmse_train": 2.827965966370292,
  "rmse_test": 4.269498169878925,
  "log_score_train": -1.3839708762814136,
  "log_score_test": -1.5594447332619756,
  "crps_train": 0.8929418629023169,
  "crps_test": 1.1518984434533976,
  "picp_train": 0.9942196531791907,
  "picp_test": 0.9868421052631579,
  "mpiw_train": 6.850403864577557,
  "mpiw_test": 6.926288112301292
}