{
  "model": "PBP",
  "dataset": "boston",
  "rmse_train": 2.2117819920296804,
  "rmse_test": 5.510582518532209,
  "log_score_train": -2.2058117330161435,
  "log_score_test": -3.863439570483773,
  "crps_train": 1.1871423156292717,
  "crps_test": 2.911223940557484,
  "picp_train": 0.9613095238095238,
  "picp_test": 0.7823529411764706,
  "mpiw_train": 9.582539880860589,
  "mpiw_test": 10.040621031273634
}