{
  "model": "NLM",
  "dataset": "boston",
  "rmse_train": 3.2766972715804914,
  "rmse_test": 3.073761729313158,
  "log_score_train": -1.9258581068283307,
  "log_score_test": -2.677108621337447,
  "crps_train": 1.198669109974131,
  "crps_test": 1.619621066636683,
  "picp_train": 0.9792284866468842,
  "picp_test": 0.8402366863905325,
  "mpiw_train": 9.41637008250073,
  "mpiw_test": 9.337054556383398
}