{
  "model": "PBP",
  "dataset": "wine",
  "rmse_train": 0.5902353355097403,
  "rmse_test": 0.6595944231569253,
  "log_score_train": -0.8904594449273345,
  "log_score_test": -1.010069743534146,
  "crps_train": 0.3284713553829572,
  "crps_test": 0.3719324621905088,
  "picp_train": 0.9465277777777777,
  "picp_test": 0.9245283018867925,
  "mpiw_train": 2.3395197516988397,
  "mpiw_test": 2.339537565768376
}