{
  "model": "NLM-E",
  "dataset": "boston",
  "rmse_train": 2.803407595658149,
  "rmse_test": 5.248695118571503,
  "log_score_train": -1.8299557170639376,
  "log_score_test": -3.007079599911335,
  "crps_train": 1.0364344311013876,
  "crps_test": 2.7171966613130247,
  "picp_train": 0.9880952380952381,
  "picp_test": 0.9294117647058824,
  "mpiw_train": 9.597842171922355,
  "mpiw_test": 18.593401083445027
}