{
  "model": "PNN",
  "dataset": "concrete",
  "rmse_train": 4.865850275066261,
  "rmse_test": 7.331145240818018,
  "log_score_train": -2.874009463150304,
  "log_score_test": -3.3515892668261626,
  "crps_train": 2.5459242348034112,
  "crps_test": 3.6569859752367053,
  "picp_train": 0.9859762675296656,
  "picp_test": 0.912621359223301,
  "mpiw_train": 22.998021376770055,
  "mpiw_test": 22.275894920739827
}