{
  "model": "NLM",
  "dataset": "kin8nm",
  "rmse_train": 0.07730032360655484,
  "rmse_test": 0.08551156711641913,
  "log_score_train": 1.2517213378281178,
  "log_score_test": 1.1725490635433324,
  "crps_train": 0.040566953936568985,
  "crps_test": 0.04454459020323552,
  "picp_train": 0.9831818798318188,
  "picp_test": 0.9682539682539683,
  "mpiw_train": 0.3408353358317081,
  "mpiw_test": 0.352889679151758
}