{
  "model": "PNN",
  "dataset": "wine",
  "rmse_train": 0.5892561145457474,
  "rmse_test": 0.6084922156178741,
  "log_score_train": -0.7412000879296684,
  "log_score_test": -0.9307867342803838,
  "crps_train": 0.31238959703124414,
  "crps_test": 0.34049897690973435,
  "picp_train": 0.9520833333333333,
  "picp_test": 0.9119496855345912,
  "mpiw_train": 2.166147938486341,
  "mpiw_test": 2.2758948156371552
}