{
  "model": "PBP",
  "dataset": "yacht",
  "rmse_train": 0.8211828617186518,
  "rmse_test": 1.297499249872687,
  "log_score_train": -1.575721103404451,
  "log_score_test": -1.7005192391569879,
  "crps_train": 0.542296626520436,
  "crps_test": 0.6550457009032212,
  "picp_train": 0.9928057553956835,
  "picp_test": 0.9666666666666667,
  "mpiw_train": 6.8014960370510655,
  "mpiw_test": 6.762271018052966
}