{
  "model": "MC dropout",
  "dataset": "kin8nm",
  "rmse_train": 0.07712346689129018,
  "rmse_test": 0.08002104542624211,
  "log_score_train": 1.1743652283922743,
  "log_score_test": 1.1356848264988104,
  "crps_train": 0.04234627615003753,
  "crps_test": 0.044108601850938504,
  "picp_train": 0.9846738098467381,
  "picp_test": 0.9877899877899878,
  "mpiw_train": 0.36787177345243144,
  "mpiw_test": 0.3720290476833229
}