{
  "model": "PNN-E",
  "dataset": "wine",
  "rmse_train": 0.48110138969610045,
  "rmse_test": 2.8067157144887562,
  "log_score_train": -0.6377545860937871,
  "log_score_test": -1.886399795227604,
  "crps_train": 0.2770290975561213,
  "crps_test": 1.6784057872757525,
  "picp_train": 0.9859154929577465,
  "picp_test": 0.9868913857677902,
  "mpiw_train": 2.562988032874525,
  "mpiw_test": 24.30730531141006
}