{
  "model": "NLM-E",
  "dataset": "wine",
  "rmse_train": 0.5780157066792649,
  "rmse_test": 0.5622800654610771,
  "log_score_train": -0.785961144254289,
  "log_score_test": -0.8516656079915783,
  "crps_train": 0.39113649213964047,
  "crps_test": 0.32137906496622115,
  "picp_train": 0.9652777777777778,
  "picp_test": 0.9748427672955975,
  "mpiw_train": 3.7606362954095953,
  "mpiw_test": 2.6991898474396128
}