{
  "model": "DNNC-R",
  "dataset": "concrete",
  "rmse_train": 4.138417893168986,
  "rmse_test": 7.345429548006583,
  "log_score_train": -2.8505453824070295,
  "log_score_test": -4.439681766716411,
  "crps_train": 2.2991925429245823,
  "crps_test": 4.363153603546391,
  "picp_train": 0.9606413994169096,
  "picp_test": 0.7122093023255814,
  "mpiw_train": 19.427103608974697,
  "mpiw_test": 17.110729028681867
}