{
  "model": "NLM-E",
  "dataset": "yacht",
  "rmse_train": 1.1320057918484911,
  "rmse_test": 0.826735580468255,
  "log_score_train": -1.9942482530081422,
  "log_score_test": -2.0709806551180017,
  "crps_train": 0.8409442634014581,
  "crps_test": 0.8839415590362096,
  "picp_train": 1.0,
  "picp_test": 1.0,
  "mpiw_train": 13.0827277077307,
  "mpiw_test": 14.270390774486032
}