{
  "model": "MC dropout",
  "dataset": "kin8nm",
  "rmse_train": 0.08450900952827527,
  "rmse_test": 0.08740590113942408,
  "log_score_train": 1.1501587092149128,
  "log_score_test": 1.1018835570729115,
  "crps_train": 0.044681325914344476,
  "crps_test": 0.04694934904167609,
  "picp_train": 0.9716533297165333,
  "picp_test": 0.9658119658119658,
  "mpiw_train": 0.3500696269194321,
  "mpiw_test": 0.35697684495147547
}