{
  "model": "MC dropout",
  "dataset": "energy",
  "rmse_train": 3.2186752348506906,
  "rmse_test": 2.0948710045018024,
  "log_score_train": -1.590267145138319,
  "log_score_test": -1.581553808892433,
  "crps_train": 0.9803837337640078,
  "crps_test": 0.9066964371668342,
  "picp_train": 0.994140625,
  "picp_test": 0.98828125,
  "mpiw_train": 7.993542436377522,
  "mpiw_test": 6.1690790874710615
}