{
  "model": "PNN",
  "dataset": "wine",
  "rmse_train": 0.5904260995019196,
  "rmse_test": 0.6961984427508049,
  "log_score_train": -0.7790116090328458,
  "log_score_test": -1.4587179709064029,
  "crps_train": 0.31640528371051047,
  "crps_test": 0.3967276645804178,
  "picp_train": 0.9416666666666667,
  "picp_test": 0.8490566037735849,
  "mpiw_train": 2.067245377651611,
  "mpiw_test": 2.053939466023634
}