{
  "model": "DNNC-R",
  "dataset": "wine",
  "rmse_train": 0.5306324098046137,
  "rmse_test": 0.6316229561382063,
  "log_score_train": -0.16748503524941166,
  "log_score_test": -0.372855173749068,
  "crps_train": 0.27784050645297853,
  "crps_test": 0.32854833878141937,
  "picp_train": 0.9521575984990619,
  "picp_test": 0.9362101313320825,
  "mpiw_train": 2.1962797235164304,
  "mpiw_test": 2.305956251239804
}