{
  "model": "MC dropout",
  "dataset": "concrete",
  "rmse_train": 5.18167798892974,
  "rmse_test": 14.589606624776515,
  "log_score_train": -3.1366767297434084,
  "log_score_test": -3.7687263998705904,
  "crps_train": 2.924568159773861,
  "crps_test": 6.9653463944157386,
  "picp_train": 1.0,
  "picp_test": 0.9593023255813954,
  "mpiw_train": 31.27273113506989,
  "mpiw_test": 50.42643268443365
}