{
  "model": "PNN",
  "dataset": "concrete",
  "rmse_train": 5.916023550409222,
  "rmse_test": 6.067783494078119,
  "log_score_train": -3.0680561425262964,
  "log_score_test": -3.283875515462841,
  "crps_train": 3.1593038581090234,
  "crps_test": 3.3737481321946117,
  "picp_train": 0.9471413160733549,
  "picp_test": 0.8932038834951457,
  "mpiw_train": 21.269243427144954,
  "mpiw_test": 22.43466554302447
}