{
  "model": "PBP",
  "dataset": "wine",
  "rmse_train": 0.58409841357898,
  "rmse_test": 0.623094433232121,
  "log_score_train": -0.8799660650579917,
  "log_score_test": -0.9441303604291211,
  "crps_train": 0.32652631620900036,
  "crps_test": 0.3437585163208102,
  "picp_train": 0.949343339587242,
  "picp_test": 0.9324577861163227,
  "mpiw_train": 2.34509139486026,
  "mpiw_test": 2.3421375112978393
}