{
  "model": "NLM-E",
  "dataset": "kin8nm",
  "rmse_train": 0.06702611198766555,
  "rmse_test": 0.10527100034736012,
  "log_score_train": 1.3737541495595293,
  "log_score_test": 0.969325843313298,
  "crps_train": 0.03546764112353487,
  "crps_test": 0.05485294553606901,
  "picp_train": 0.9866300366300367,
  "picp_test": 0.9487554904831625,
  "mpiw_train": 0.3054524564813683,
  "mpiw_test": 0.37447322875631245
}