{
  "model": "NLM-E",
  "dataset": "wine",
  "rmse_train": 0.5625645083670663,
  "rmse_test": 0.6216339333714236,
  "log_score_train": -0.7661782280459881,
  "log_score_test": -1.0154944663868288,
  "crps_train": 0.38570576708509746,
  "crps_test": 0.35839889531330393,
  "picp_train": 0.9743055555555555,
  "picp_test": 0.9308176100628931,
  "mpiw_train": 3.8526963966221626,
  "mpiw_test": 2.6141810438925357
}