{
  "model": "NLM-E",
  "dataset": "powerplant",
  "rmse_train": 3.9924688123277527,
  "rmse_test": 4.06858331866579,
  "log_score_train": -2.7773345870727892,
  "log_score_test": -2.798479126910553,
  "crps_train": 2.167095982095714,
  "crps_test": 2.201411854048253,
  "picp_train": 0.9683000464468184,
  "picp_test": 0.9581589958158996,
  "mpiw_train": 16.29044172212212,
  "mpiw_test": 16.298687257472686
}