{
  "model": "NLM-E",
  "dataset": "kin8nm",
  "rmse_train": 0.07222134107720908,
  "rmse_test": 0.08049339654331224,
  "log_score_train": 1.2914904502512083,
  "log_score_test": 1.2120087486796267,
  "crps_train": 0.038354917603537486,
  "crps_test": 0.042232609235518394,
  "picp_train": 0.9907771599077716,
  "picp_test": 0.9804639804639804,
  "mpiw_train": 0.3430010668942823,
  "mpiw_test": 0.34508570726588805
}