{
  "model": "PNN-E",
  "dataset": "powerplant",
  "rmse_train": 3.80193329756858,
  "rmse_test": 4.674012657312795,
  "log_score_train": -2.737237984133296,
  "log_score_test": -2.9879360220956412,
  "crps_train": 2.0876818888498456,
  "crps_test": 2.572137571939087,
  "picp_train": 0.9720915647538413,
  "picp_test": 0.9836990595611286,
  "mpiw_train": 16.077948018166836,
  "mpiw_test": 22.09475773649763
}