{
  "model": "DNNC-R",
  "dataset": "boston",
  "rmse_train": 2.5449432360899857,
  "rmse_test": 2.662975625671226,
  "log_score_train": -2.1452251659797414,
  "log_score_test": -2.7046307519197885,
  "crps_train": 1.2659001035326791,
  "crps_test": 1.4320245989215659,
  "picp_train": 0.956140350877193,
  "picp_test": 0.9,
  "mpiw_train": 11.586947381447567,
  "mpiw_test": 10.644393887381554
}