{
  "model": "PNN-E",
  "dataset": "boston",
  "rmse_train": 2.6387534323268165,
  "rmse_test": 3.544495254161088,
  "log_score_train": -1.926080949326708,
  "log_score_test": -3.4001033222309305,
  "crps_train": 1.0973455479651126,
  "crps_test": 2.0422273875024586,
  "picp_train": 0.9881305637982196,
  "picp_test": 0.727810650887574,
  "mpiw_train": 9.622392561524002,
  "mpiw_test": 8.48807223726532
}