{
  "model": "NLM",
  "dataset": "energy",
  "rmse_train": 3.048082297748437,
  "rmse_test": 1.54314427040611,
  "log_score_train": -1.4259253185126908,
  "log_score_test": -1.4269905125935853,
  "crps_train": 0.9067619521855935,
  "crps_test": 0.7246406185943289,
  "picp_train": 0.9956647398843931,
  "picp_test": 1.0,
  "mpiw_train": 9.431335733948158,
  "mpiw_test": 7.935721926988272
}