{
  "model": "NLM-E",
  "dataset": "kin8nm",
  "rmse_train": 0.07055505146723515,
  "rmse_test": 0.07913917271426137,
  "log_score_train": 1.3239336402119672,
  "log_score_test": 1.2417043225482332,
  "crps_train": 0.037487461779981086,
  "crps_test": 0.04144817165619834,
  "picp_train": 0.9860301098603012,
  "picp_test": 0.9804639804639804,
  "mpiw_train": 0.31696076940375567,
  "mpiw_test": 0.328733694892533
}