{
  "model": "DNNC-R",
  "dataset": "kin8nm",
  "rmse_train": 0.08849350633990798,
  "rmse_test": 0.08689281306069657,
  "log_score_train": 0.8125203808144884,
  "log_score_test": 0.8320942705090174,
  "crps_train": 0.05343043265968308,
  "crps_test": 0.05291291325717982,
  "picp_train": 0.9627017496270175,
  "picp_test": 0.9572649572649573,
  "mpiw_train": 0.46916687175855337,
  "mpiw_test": 0.4714401121003081
}