{
  "model": "DNNC-R",
  "dataset": "wine",
  "rmse_train": 0.5223312692892124,
  "rmse_test": 0.6560445412299453,
  "log_score_train": -0.04831119970622893,
  "log_score_test": -0.41122259004159945,
  "crps_train": 0.26931949196997784,
  "crps_test": 0.3370772534966207,
  "picp_train": 0.9590277777777778,
  "picp_test": 0.9182389937106918,
  "mpiw_train": 2.1733718999529823,
  "mpiw_test": 2.168667741155769
}