{
  "model": "MC dropout",
  "dataset": "yacht",
  "rmse_train": 2.9229009191594524,
  "rmse_test": 3.14582631929165,
  "log_score_train": -2.2957261778641214,
  "log_score_test": -2.252991429501711,
  "crps_train": 1.5053594591527761,
  "crps_test": 1.4893514501787464,
  "picp_train": 0.9928057553956835,
  "picp_test": 1.0,
  "mpiw_train": 15.979905161792878,
  "mpiw_test": 14.806987829111929
}