{
  "model": "PNN",
  "dataset": "kin8nm",
  "rmse_train": 0.07754202979987927,
  "rmse_test": 0.08739250329321209,
  "log_score_train": 1.2271834686178795,
  "log_score_test": 1.0715020559183202,
  "crps_train": 0.041794471930841695,
  "crps_test": 0.047669560489831286,
  "picp_train": 0.9595312213880242,
  "picp_test": 0.9212742585133651,
  "mpiw_train": 0.30422452367085867,
  "mpiw_test": 0.29839616682530345
}