{
  "model": "PNN-E",
  "dataset": "concrete",
  "rmse_train": 4.1458523123499615,
  "rmse_test": 5.892948581646587,
  "log_score_train": -2.7015925995956467,
  "log_score_test": -3.0248622808319854,
  "crps_train": 2.1566841371560455,
  "crps_test": 3.0297018268766878,
  "picp_train": 0.982740021574973,
  "picp_test": 0.9320388349514563,
  "mpiw_train": 18.331687663403457,
  "mpiw_test": 18.598588451475294
}