{
  "model": "DNNC-R",
  "dataset": "energy",
  "rmse_train": 2.82505596347604,
  "rmse_test": 2.0968088568784213,
  "log_score_train": -1.9740663902646958,
  "log_score_test": -1.8913782427607504,
  "crps_train": 1.1827955763249955,
  "crps_test": 1.0185845260585524,
  "picp_train": 0.9667630057803468,
  "picp_test": 0.9736842105263158,
  "mpiw_train": 11.642093052378994,
  "mpiw_test": 11.536087499380232
}