{
  "model": "PNN",
  "dataset": "powerplant",
  "rmse_train": 4.15074248217964,
  "rmse_test": 4.01511213373924,
  "log_score_train": -2.8190151414892677,
  "log_score_test": -2.800139320277702,
  "crps_train": 2.250434174345893,
  "crps_test": 2.2358979894056836,
  "picp_train": 0.9667905248490478,
  "picp_test": 0.9612970711297071,
  "mpiw_train": 17.019945821678142,
  "mpiw_test": 16.824153195471524
}