{
  "model": "NLM",
  "dataset": "concrete",
  "rmse_train": 4.812232926828191,
  "rmse_test": 7.013242375726694,
  "log_score_train": -2.714055194650223,
  "log_score_test": -3.365539806196693,
  "crps_train": 2.3295575395055788,
  "crps_test": 3.4799047235317513,
  "picp_train": 0.9590075512405609,
  "picp_test": 0.8932038834951457,
  "mpiw_train": 16.993583991771366,
  "mpiw_test": 17.520456169931613
}