{
  "model": "PNN",
  "dataset": "concrete",
  "rmse_train": 5.607244164830831,
  "rmse_test": 6.187187931470095,
  "log_score_train": -3.0614055194984062,
  "log_score_test": -3.313017085661508,
  "crps_train": 2.9803306300622334,
  "crps_test": 3.4705530160640654,
  "picp_train": 0.970873786407767,
  "picp_test": 0.9320388349514563,
  "mpiw_train": 23.240413544747586,
  "mpiw_test": 22.653385092263466
}