{
  "model": "MC dropout",
  "dataset": "kin8nm",
  "rmse_train": 0.0747451958935345,
  "rmse_test": 0.1013953343009122,
  "log_score_train": 1.102105413709129,
  "log_score_test": 0.884813050844103,
  "crps_train": 0.043701144582815335,
  "crps_test": 0.0566972550640444,
  "picp_train": 0.995970695970696,
  "picp_test": 0.9674231332357247,
  "mpiw_train": 0.4565425992068702,
  "mpiw_test": 0.4744527466995298
}