{
  "model": "NLM-E",
  "dataset": "wine",
  "rmse_train": 0.5641820163150674,
  "rmse_test": 0.6446189919317163,
  "log_score_train": -0.7209564313295489,
  "log_score_test": -0.9881678704373231,
  "crps_train": 0.30337248918888715,
  "crps_test": 0.35943218135387345,
  "picp_train": 0.9680555555555556,
  "picp_test": 0.9182389937106918,
  "mpiw_train": 2.35151599342948,
  "mpiw_test": 2.3766550576199483
}