{
  "model": "MC dropout",
  "dataset": "powerplant",
  "rmse_train": 4.167769841559859,
  "rmse_test": 4.2225683687319,
  "log_score_train": -2.8550011464113494,
  "log_score_test": -2.8510969899799607,
  "crps_train": 2.307217973699529,
  "crps_test": 2.2801617478816048,
  "picp_train": 0.9815373896888063,
  "picp_test": 0.9832635983263598,
  "mpiw_train": 19.47991232896897,
  "mpiw_test": 19.357491545689193
}