{
  "model": "MC dropout",
  "dataset": "yacht",
  "rmse_train": 5.2215313415341456,
  "rmse_test": 3.457997763259951,
  "log_score_train": -3.182313841586367,
  "log_score_test": -3.423980696732493,
  "crps_train": 3.081667241541397,
  "crps_test": 3.162283998751047,
  "picp_train": 1.0,
  "picp_test": 1.0,
  "mpiw_train": 37.07945813511901,
  "mpiw_test": 46.7623588968356
}