{
  "model": "MC dropout",
  "dataset": "energy",
  "rmse_train": 3.562982407918037,
  "rmse_test": 5.166045869199629,
  "log_score_train": -2.3270693848499673,
  "log_score_test": -2.44392265900889,
  "crps_train": 14.11284122261112,
  "crps_test": 23.594261956704344,
  "picp_train": 1.0,
  "picp_test": 1.0,
  "mpiw_train": 230.62397049370858,
  "mpiw_test": 389.08277476888844
}