{
  "model": "MC dropout",
  "dataset": "wine",
  "rmse_train": 0.6283165435283442,
  "rmse_test": 0.7469050421064134,
  "log_score_train": -0.8125987412619636,
  "log_score_test": -1.1519272982581743,
  "crps_train": 0.3598040533466464,
  "crps_test": 0.43760227087053694,
  "picp_train": 0.9530516431924883,
  "picp_test": 0.9250936329588015,
  "mpiw_train": 3.058975468178903,
  "mpiw_test": 3.553621747903936
}