{
  "model": "DNNC-R",
  "dataset": "yacht",
  "rmse_train": 5.365563137287433,
  "rmse_test": 5.271173154933006,
  "log_score_train": -1.3254006536840368,
  "log_score_test": -2.1691064137880387,
  "crps_train": 4.619363161516763,
  "crps_test": 4.795900677333168,
  "picp_train": 0.89568345323741,
  "picp_test": 0.8,
  "mpiw_train": 26.941956884181657,
  "mpiw_test": 24.759511174808395
}