{
  "model": "MC dropout",
  "dataset": "boston",
  "rmse_train": 3.848147356714454,
  "rmse_test": 3.302484667112565,
  "log_score_train": -2.377494105832157,
  "log_score_test": -2.500871312025458,
  "crps_train": 1.6099378886686413,
  "crps_test": 1.7443892112264934,
  "picp_train": 0.9910979228486647,
  "picp_test": 0.9822485207100592,
  "mpiw_train": 17.69458039326224,
  "mpiw_test": 15.466887454686573
}