{
  "model": "MC dropout",
  "dataset": "yacht",
  "rmse_train": 1.2786346450637736,
  "rmse_test": 1.2654105302728795,
  "log_score_train": -2.039401546035542,
  "log_score_test": -1.9896555987540878,
  "crps_train": 0.9723913337941477,
  "crps_test": 0.9264790958769376,
  "picp_train": 1.0,
  "picp_test": 1.0,
  "mpiw_train": 14.02367417164119,
  "mpiw_test": 12.796913883247782
}