{
  "model": "DNNC-R",
  "dataset": "kin8nm",
  "rmse_train": 0.09175046473732225,
  "rmse_test": 0.09748950486744075,
  "log_score_train": 0.7850318016012459,
  "log_score_test": 0.6997784891350665,
  "crps_train": 0.05528666612675862,
  "crps_test": 0.05836647885779569,
  "picp_train": 0.9637867896378679,
  "picp_test": 0.9499389499389499,
  "mpiw_train": 0.48525613010307733,
  "mpiw_test": 0.4866433351994061
}