{
  "model": "MC dropout",
  "dataset": "powerplant",
  "rmse_train": 4.104468713744083,
  "rmse_test": 4.785004272356931,
  "log_score_train": -2.8146587501755955,
  "log_score_test": -2.9971124573148797,
  "crps_train": 2.258925805388459,
  "crps_test": 2.6607464219155252,
  "picp_train": 0.9760150493807807,
  "picp_test": 0.9485732204452807,
  "mpiw_train": 18.0985151504642,
  "mpiw_test": 17.90293374692618
}