{
  "model": "MC dropout",
  "dataset": "yacht",
  "rmse_train": 1.013472433738407,
  "rmse_test": 1.581381036302694,
  "log_score_train": -1.478148400239654,
  "log_score_test": -1.5069444635907217,
  "crps_train": 0.6224889847219917,
  "crps_test": 0.7497004098256442,
  "picp_train": 0.9964028776978417,
  "picp_test": 1.0,
  "mpiw_train": 8.338382645676274,
  "mpiw_test": 9.080427599333861
}