{
  "model": "PNN",
  "dataset": "concrete",
  "rmse_train": 5.05934046405955,
  "rmse_test": 6.53506949753456,
  "log_score_train": -2.846910963287808,
  "log_score_test": -3.4961279341396887,
  "crps_train": 2.5872066663916407,
  "crps_test": 3.3747248740455453,
  "picp_train": 0.9719525350593312,
  "picp_test": 0.9223300970873787,
  "mpiw_train": 19.657281958604415,
  "mpiw_test": 18.672117414213897
}