{
  "model": "PNN",
  "dataset": "powerplant",
  "rmse_train": 4.045303836037551,
  "rmse_test": 6.8318677067964275,
  "log_score_train": -2.781542587991725,
  "log_score_test": -4.419020337684472,
  "crps_train": 2.186478723242934,
  "crps_test": 3.991771308181833,
  "picp_train": 0.9499843211037943,
  "picp_test": 0.7210031347962382,
  "mpiw_train": 15.342403701292046,
  "mpiw_test": 14.645253020485917
}