{
  "model": "MC dropout",
  "dataset": "kin8nm",
  "rmse_train": 0.11493126481189468,
  "rmse_test": 0.13824744563354627,
  "log_score_train": 0.6916868171516654,
  "log_score_test": 0.5414225114251462,
  "crps_train": 0.06584478317783779,
  "crps_test": 0.0781342166504453,
  "picp_train": 0.9957875457875458,
  "picp_test": 0.9831625183016105,
  "mpiw_train": 0.6195435462097767,
  "mpiw_test": 0.6734355548266753
}