{
  "model": "NLM-E",
  "dataset": "wine",
  "rmse_train": 0.5615260975987951,
  "rmse_test": 0.6322630585671751,
  "log_score_train": -0.7177542899481987,
  "log_score_test": -0.9256291244631463,
  "crps_train": 0.3003298790918781,
  "crps_test": 0.34471034771414943,
  "picp_train": 0.96875,
  "picp_test": 0.9308176100628931,
  "mpiw_train": 2.344795903924987,
  "mpiw_test": 2.3972229371026703
}