{
  "model": "NLM-E",
  "dataset": "powerplant",
  "rmse_train": 4.01743741150009,
  "rmse_test": 3.9385108455240636,
  "log_score_train": -2.7806699376102344,
  "log_score_test": -2.76727291220534,
  "crps_train": 2.1739972524522195,
  "crps_test": 2.1882440042948827,
  "picp_train": 0.9613330236878774,
  "picp_test": 0.9612970711297071,
  "mpiw_train": 15.956824323087977,
  "mpiw_test": 15.824339206994688
}