{
  "model": "PNN",
  "dataset": "wine",
  "rmse_train": 0.5738287725964333,
  "rmse_test": 0.7097524057719151,
  "log_score_train": -0.7227317900897096,
  "log_score_test": -1.3601604804727934,
  "crps_train": 0.3058362484735839,
  "crps_test": 0.39115815817888794,
  "picp_train": 0.9423611111111111,
  "picp_test": 0.8616352201257862,
  "mpiw_train": 2.033127770564893,
  "mpiw_test": 2.06674150839956
}