{
  "model": "MC dropout",
  "dataset": "kin8nm",
  "rmse_train": 0.08556138033891066,
  "rmse_test": 0.08467047722788289,
  "log_score_train": 1.0794294997346299,
  "log_score_test": 1.0723546897521303,
  "crps_train": 0.04689200725036107,
  "crps_test": 0.04691300102915236,
  "picp_train": 0.9686870536531771,
  "picp_test": 0.9545953863053827,
  "mpiw_train": 0.3786358402243223,
  "mpiw_test": 0.34329594096996485
}