{
  "model": "PNN-E",
  "dataset": "energy",
  "rmse_train": 3.0058483294454668,
  "rmse_test": 2.048024724224615,
  "log_score_train": -1.3574982944167084,
  "log_score_test": -1.694375885572282,
  "crps_train": 0.9303097966950966,
  "crps_test": 0.8309390658133219,
  "picp_train": 0.9898843930635838,
  "picp_test": 0.9736842105263158,
  "mpiw_train": 7.111243127615922,
  "mpiw_test": 6.561206712626368
}