{
  "model": "NLM-E",
  "dataset": "boston",
  "rmse_train": 3.0773904798823875,
  "rmse_test": 2.827544112078186,
  "log_score_train": -2.0705020094512023,
  "log_score_test": -2.3313922051942266,
  "crps_train": 1.2194029314966242,
  "crps_test": 1.499412125849649,
  "picp_train": 0.9940652818991098,
  "picp_test": 0.9289940828402367,
  "mpiw_train": 11.453096302308904,
  "mpiw_test": 11.011658230231781
}