{
  "model": "NLM",
  "dataset": "concrete",
  "rmse_train": 4.476985715408322,
  "rmse_test": 6.032921976327583,
  "log_score_train": -2.7989459975777247,
  "log_score_test": -3.0123234661979663,
  "crps_train": 2.3635928078824775,
  "crps_test": 3.078863195204149,
  "picp_train": 0.9848975188781014,
  "picp_test": 0.9514563106796117,
  "mpiw_train": 21.14094706116488,
  "mpiw_test": 20.15010433215862
}