{
  "model": "PNN",
  "dataset": "concrete",
  "rmse_train": 5.133664462301922,
  "rmse_test": 5.6998453236103055,
  "log_score_train": -2.7907738356699916,
  "log_score_test": -2.9890211257864356,
  "crps_train": 2.5613307472852207,
  "crps_test": 2.8317659305381775,
  "picp_train": 0.9503775620280475,
  "picp_test": 0.912621359223301,
  "mpiw_train": 16.845881365433037,
  "mpiw_test": 17.18468720893488
}