{
  "model": "MC dropout",
  "dataset": "powerplant",
  "rmse_train": 4.266273164443687,
  "rmse_test": 4.37325393319194,
  "log_score_train": -2.8453845754017606,
  "log_score_test": -2.890013796901056,
  "crps_train": 2.3197538780181413,
  "crps_test": 2.365473281208457,
  "picp_train": 0.956223873664654,
  "picp_test": 0.948744769874477,
  "mpiw_train": 16.068192871305904,
  "mpiw_test": 15.967483511770974
}