{
  "model": "PBP",
  "dataset": "kin8nm",
  "rmse_train": 0.1003734500526535,
  "rmse_test": 0.09979858298723857,
  "log_score_train": 0.8707707102837602,
  "log_score_test": 0.8755060139543149,
  "crps_train": 0.05567086678979422,
  "crps_test": 0.05527190089407908,
  "picp_train": 0.9619117377769639,
  "picp_test": 0.9604540461369462,
  "mpiw_train": 0.434993379011786,
  "mpiw_test": 0.43493058477076774
}