{
  "model": "PNN-E",
  "dataset": "wine",
  "rmse_train": 0.5437355540783079,
  "rmse_test": 0.6507885475288975,
  "log_score_train": -0.7224274205780487,
  "log_score_test": -0.9986577791285878,
  "crps_train": 1.055640929265355,
  "crps_test": 0.36112783353765643,
  "picp_train": 0.9821763602251408,
  "picp_test": 0.9136960600375235,
  "mpiw_train": 15.224592045093281,
  "mpiw_test": 2.3597047954983306
}