{
  "model": "PNN-E",
  "dataset": "kin8nm",
  "rmse_train": 0.07166670267909467,
  "rmse_test": 0.0791131795869643,
  "log_score_train": 1.2662288236218406,
  "log_score_test": 1.200111614802006,
  "crps_train": 0.03883784659699912,
  "crps_test": 0.042271765693909495,
  "picp_train": 0.9865726298657262,
  "picp_test": 0.9804639804639804,
  "mpiw_train": 0.34651588339947087,
  "mpiw_test": 0.35930641409848824
}