{
  "model": "DNNC-R",
  "dataset": "boston",
  "rmse_train": 2.421785569151127,
  "rmse_test": 6.388614809432709,
  "log_score_train": -2.0525143725748882,
  "log_score_test": -19.78880342835733,
  "crps_train": 1.1403879070360645,
  "crps_test": 3.398488602856626,
  "picp_train": 0.9583333333333334,
  "picp_test": 0.5823529411764706,
  "mpiw_train": 12.051364248753234,
  "mpiw_test": 7.944753836239246
}