{
  "model": "PNN",
  "dataset": "boston",
  "rmse_train": 2.5916221538856656,
  "rmse_test": 3.657096316848694,
  "log_score_train": -1.897192435668074,
  "log_score_test": -3.6439026196479882,
  "crps_train": 1.0848781374616563,
  "crps_test": 1.79554908903408,
  "picp_train": 0.9758771929824561,
  "picp_test": 0.88,
  "mpiw_train": 8.249097436059845,
  "mpiw_test": 7.633185737635705
}