{
  "model": "MC dropout",
  "dataset": "powerplant",
  "rmse_train": 4.10659333299311,
  "rmse_test": 4.26848326614175,
  "log_score_train": -2.827241580206776,
  "log_score_test": -2.861656972118767,
  "crps_train": 2.2672726271401573,
  "crps_test": 2.3448613158315545,
  "picp_train": 0.9828146771946121,
  "picp_test": 0.9801255230125523,
  "mpiw_train": 19.07028147989444,
  "mpiw_test": 19.131717793922792
}