{
  "model": "PNN-E",
  "dataset": "boston",
  "rmse_train": 2.1610073851931655,
  "rmse_test": 5.049533219005949,
  "log_score_train": -1.8479797318637325,
  "log_score_test": -3.2508389240079802,
  "crps_train": 0.9663632762952057,
  "crps_test": 2.340806521398178,
  "picp_train": 0.9940652818991098,
  "picp_test": 0.8520710059171598,
  "mpiw_train": 8.644237628564904,
  "mpiw_test": 9.891314571937725
}