{
  "model": "DNNC-R",
  "dataset": "energy",
  "rmse_train": 2.234750761393557,
  "rmse_test": 2.9412965299368654,
  "log_score_train": -1.8016862369908908,
  "log_score_test": -2.1698673832688566,
  "crps_train": 0.9889341796604515,
  "crps_test": 1.2179120876269935,
  "picp_train": 0.9855491329479769,
  "picp_test": 0.9736842105263158,
  "mpiw_train": 9.940423015094806,
  "mpiw_test": 9.620646467980066
}