{
  "model": "MC dropout",
  "dataset": "concrete",
  "rmse_train": 4.596805926937045,
  "rmse_test": 5.300219802368525,
  "log_score_train": -2.7641139203018987,
  "log_score_test": -2.916463483607608,
  "crps_train": 2.324585497874628,
  "crps_test": 2.6553850858373953,
  "picp_train": 0.9924487594390508,
  "picp_test": 0.9514563106796117,
  "mpiw_train": 19.87515459016017,
  "mpiw_test": 19.36093274337121
}