{
  "model": "NLM-E",
  "dataset": "kin8nm",
  "rmse_train": 0.07162549619300518,
  "rmse_test": 0.10192831835823875,
  "log_score_train": 1.3181647232609695,
  "log_score_test": 0.973503038536142,
  "crps_train": 0.037764656126284685,
  "crps_test": 0.05411298746797895,
  "picp_train": 0.9908424908424909,
  "picp_test": 0.9407027818448024,
  "mpiw_train": 0.3319950309413211,
  "mpiw_test": 0.3724012778348248
}