{
  "model": "NLM-E",
  "dataset": "wine",
  "rmse_train": 0.5424812744954081,
  "rmse_test": 0.7114341800455067,
  "log_score_train": -0.6590223035411567,
  "log_score_test": -1.1423149163361763,
  "crps_train": 0.2892013116187418,
  "crps_test": 0.4030820344926735,
  "picp_train": 0.9774647887323944,
  "picp_test": 0.8782771535580525,
  "mpiw_train": 2.1478801068904603,
  "mpiw_test": 2.7904285658664727
}