{
  "model": "MC dropout",
  "dataset": "boston",
  "rmse_train": 3.3474416299688428,
  "rmse_test": 2.4398244417550106,
  "log_score_train": -2.3712125737378247,
  "log_score_test": -2.2903606709198523,
  "crps_train": 1.5469034868116562,
  "crps_test": 1.3408773373024692,
  "picp_train": 0.993421052631579,
  "picp_test": 1.0,
  "mpiw_train": 16.495327541339286,
  "mpiw_test": 13.710167026116743
}