{
  "model": "MC dropout",
  "dataset": "boston",
  "rmse_train": 1.831269410854915,
  "rmse_test": 4.388844649021146,
  "log_score_train": -1.791351735023145,
  "log_score_test": -3.08561357004724,
  "crps_train": 0.8757042703329544,
  "crps_test": 1.9276040749549188,
  "picp_train": 0.9912280701754386,
  "picp_test": 0.8,
  "mpiw_train": 8.307902546248213,
  "mpiw_test": 7.258382389022537
}