{
  "model": "PNN",
  "dataset": "wine",
  "rmse_train": 0.6922800896951167,
  "rmse_test": 0.780243600079485,
  "log_score_train": -0.8334506729723957,
  "log_score_test": -1.3588473485428043,
  "crps_train": 0.42246816783872704,
  "crps_test": 0.43269299666720334,
  "picp_train": 0.948405253283302,
  "picp_test": 0.8855534709193246,
  "mpiw_train": 3.940723803619792,
  "mpiw_test": 2.759467124368994
}