{
  "model": "NLM",
  "dataset": "wine",
  "rmse_train": 0.620931114896065,
  "rmse_test": 0.5699088351157353,
  "log_score_train": -0.818426593896004,
  "log_score_test": -0.8542759655068655,
  "crps_train": 0.332074948643872,
  "crps_test": 0.3154572026030814,
  "picp_train": 0.9606003752345216,
  "picp_test": 0.9212007504690432,
  "mpiw_train": 2.5013189980163384,
  "mpiw_test": 2.322115599252386
}