{
  "model": "PNN",
  "dataset": "energy",
  "rmse_train": 2.9972539539268053,
  "rmse_test": 2.0967488697149657,
  "log_score_train": -1.412495072367813,
  "log_score_test": -2.0473972546940726,
  "crps_train": 0.9338849047683961,
  "crps_test": 0.9449494593210528,
  "picp_train": 0.9812138728323699,
  "picp_test": 0.9736842105263158,
  "mpiw_train": 7.489085248418537,
  "mpiw_test": 7.167780439377234
}