{
  "model": "MC dropout",
  "dataset": "kin8nm",
  "rmse_train": 0.08337201138747784,
  "rmse_test": 0.08846496131897946,
  "log_score_train": 1.1202079280065151,
  "log_score_test": 1.0958003433454464,
  "crps_train": 0.045277332727709244,
  "crps_test": 0.04681079307468681,
  "picp_train": 0.9876576698765767,
  "picp_test": 0.9865689865689866,
  "mpiw_train": 0.39195661842465634,
  "mpiw_test": 0.403413901420315
}