{
  "model": "PNN",
  "dataset": "kin8nm",
  "rmse_train": 0.07652918877528314,
  "rmse_test": 0.11052845958016319,
  "log_score_train": 1.2789350378190905,
  "log_score_test": 0.8199598118084518,
  "crps_train": 0.040238015081757804,
  "crps_test": 0.05948999233855072,
  "picp_train": 0.9582417582417583,
  "picp_test": 0.883601756954612,
  "mpiw_train": 0.28790050549412816,
  "mpiw_test": 0.33114159020013406
}