{
  "model": "MC dropout",
  "dataset": "boston",
  "rmse_train": 2.3954508341156022,
  "rmse_test": 7.192682961154957,
  "log_score_train": -2.0627411471435,
  "log_score_test": -3.3333143185359604,
  "crps_train": 1.1357800076386384,
  "crps_test": 3.211594265631938,
  "picp_train": 1.0,
  "picp_test": 0.9058823529411765,
  "mpiw_train": 12.12456309558792,
  "mpiw_test": 17.780407603665115
}