{
  "model": "PNN",
  "dataset": "energy",
  "rmse_train": 2.708068900791824,
  "rmse_test": 4.027111151964434,
  "log_score_train": -1.4161296253115276,
  "log_score_test": -1.5098973235660151,
  "crps_train": 0.8797825452597811,
  "crps_test": 1.1289732283666294,
  "picp_train": 0.9465317919075145,
  "picp_test": 0.9078947368421053,
  "mpiw_train": 6.026999920615106,
  "mpiw_test": 6.249590089017315
}