{
  "model": "PNN-E",
  "dataset": "boston",
  "rmse_train": 2.4381027867684266,
  "rmse_test": 4.7759805933733155,
  "log_score_train": -1.702893311911448,
  "log_score_test": -3.770130100088192,
  "crps_train": 0.9065401992932087,
  "crps_test": 2.50579177201298,
  "picp_train": 0.9821428571428571,
  "picp_test": 0.7823529411764706,
  "mpiw_train": 8.040989533771173,
  "mpiw_test": 10.384107273320868
}