{
  "model": "MC dropout",
  "dataset": "wine",
  "rmse_train": 0.5889577667938856,
  "rmse_test": 0.6765557826567398,
  "log_score_train": -0.8188914052564211,
  "log_score_test": -1.016464532312791,
  "crps_train": 0.32269411163464823,
  "crps_test": 0.39306412026303134,
  "picp_train": 0.9694444444444444,
  "picp_test": 0.9371069182389937,
  "mpiw_train": 2.578408940427456,
  "mpiw_test": 3.072037550362166
}