{
  "model": "MC dropout",
  "dataset": "boston",
  "rmse_train": 2.335462187518858,
  "rmse_test": 6.159915724767206,
  "log_score_train": -2.237949415404516,
  "log_score_test": -2.9432912483796025,
  "crps_train": 1.260448806696615,
  "crps_test": 2.773092183675692,
  "picp_train": 0.9940476190476191,
  "picp_test": 0.9411764705882353,
  "mpiw_train": 12.660752983161977,
  "mpiw_test": 18.0155268477102
}