{
  "model": "NLM-E",
  "dataset": "wine",
  "rmse_train": 0.5686284710261681,
  "rmse_test": 0.6376513019099324,
  "log_score_train": -0.7296409131224023,
  "log_score_test": -0.904930218926746,
  "crps_train": 0.305816274949955,
  "crps_test": 0.34471087793287364,
  "picp_train": 0.9631944444444445,
  "picp_test": 0.9371069182389937,
  "mpiw_train": 2.298936339206853,
  "mpiw_test": 2.241459123812654
}