{
  "model": "DNNC-R",
  "dataset": "yacht",
  "rmse_train": 4.403171307999744,
  "rmse_test": 5.946923739676263,
  "log_score_train": -1.31487156155549,
  "log_score_test": -1.7990142315579976,
  "crps_train": 4.652788904471765,
  "crps_test": 4.7544227016751925,
  "picp_train": 0.89568345323741,
  "picp_test": 0.8666666666666667,
  "mpiw_train": 25.952586011888688,
  "mpiw_test": 22.907027998505857
}