{
  "model": "DNNC-R",
  "dataset": "wine",
  "rmse_train": 0.5212370670890171,
  "rmse_test": 0.6431654087645171,
  "log_score_train": -0.15186821142382712,
  "log_score_test": -0.3807104258553922,
  "crps_train": 0.27288582244845244,
  "crps_test": 0.34490613016691335,
  "picp_train": 0.9643527204502814,
  "picp_test": 0.9212007504690432,
  "mpiw_train": 2.3606779734110517,
  "mpiw_test": 2.5116288195538283
}