{
  "model": "NLM-E",
  "dataset": "concrete",
  "rmse_train": 3.9259539562860213,
  "rmse_test": 9.52206597813542,
  "log_score_train": -2.6340780140860254,
  "log_score_test": -3.5323185407641056,
  "crps_train": 2.0004608722992008,
  "crps_test": 4.899800203914048,
  "picp_train": 0.9941690962099126,
  "picp_test": 0.9331395348837209,
  "mpiw_train": 19.297545662254347,
  "mpiw_test": 36.97427724373026
}