{
  "model": "DNNC-R",
  "dataset": "wine",
  "rmse_train": 0.4942596180280445,
  "rmse_test": 0.7163024913530983,
  "log_score_train": -0.12423811809881709,
  "log_score_test": -0.553463878264563,
  "crps_train": 0.2565967279182367,
  "crps_test": 0.3874908287989422,
  "picp_train": 0.9540337711069419,
  "picp_test": 0.9061913696060038,
  "mpiw_train": 2.1890770686325087,
  "mpiw_test": 2.3030060827086087
}