{
  "model": "NLM",
  "dataset": "wine",
  "rmse_train": 0.5882554690822905,
  "rmse_test": 0.584124864698751,
  "log_score_train": -0.7226998919029248,
  "log_score_test": -1.0418582490789776,
  "crps_train": 0.3107248201442204,
  "crps_test": 0.326741855927055,
  "picp_train": 0.9479166666666666,
  "picp_test": 0.8867924528301887,
  "mpiw_train": 2.0708812211582943,
  "mpiw_test": 2.0186526633938437
}