{
  "model": "PBP",
  "dataset": "energy",
  "rmse_train": 2.9065992999314165,
  "rmse_test": 4.509055397380646,
  "log_score_train": -2.309316286419705,
  "log_score_test": -2.752221823002397,
  "crps_train": 1.2956620921495134,
  "crps_test": 1.6291050676482273,
  "picp_train": 0.9364161849710982,
  "picp_test": 0.9078947368421053,
  "mpiw_train": 9.994350304473041,
  "mpiw_test": 9.925377532322779
}