{
  "model": "PNN-E",
  "dataset": "wine",
  "rmse_train": 0.5445176537990328,
  "rmse_test": 0.6600396376207383,
  "log_score_train": -0.7109789002518441,
  "log_score_test": -0.9734533363382889,
  "crps_train": 0.2960035652825266,
  "crps_test": 0.347421019869704,
  "picp_train": 0.9694444444444444,
  "picp_test": 0.9371069182389937,
  "mpiw_train": 2.366776361499031,
  "mpiw_test": 2.3945380862443573
}