{
  "model": "MC dropout",
  "dataset": "wine",
  "rmse_train": 0.5761742704646166,
  "rmse_test": 0.6463415716712486,
  "log_score_train": -0.8225459083560454,
  "log_score_test": -0.9716637761912388,
  "crps_train": 0.3175256016697193,
  "crps_test": 0.3595688412495396,
  "picp_train": 0.9729166666666667,
  "picp_test": 0.9371069182389937,
  "mpiw_train": 2.586040528197741,
  "mpiw_test": 2.5550837951625534
}