{
  "model": "PNN-E",
  "dataset": "boston",
  "rmse_train": 1.8063245494283224,
  "rmse_test": 6.78459015200086,
  "log_score_train": -1.7971195710499033,
  "log_score_test": -7.443591461508383,
  "crps_train": 0.8888400823994109,
  "crps_test": 3.6191432552595337,
  "picp_train": 0.9880952380952381,
  "picp_test": 0.6882352941176471,
  "mpiw_train": 8.1838325355205,
  "mpiw_test": 11.279599842944187
}