{
  "model": "NLM-E",
  "dataset": "kin8nm",
  "rmse_train": 0.07118878568049031,
  "rmse_test": 0.07914677355367283,
  "log_score_train": 1.3092130794098724,
  "log_score_test": 1.2547062308821153,
  "crps_train": 0.037844117480258205,
  "crps_test": 0.04052495720111337,
  "picp_train": 0.9880645598806456,
  "picp_test": 0.9804639804639804,
  "mpiw_train": 0.32842225646825546,
  "mpiw_test": 0.33976961128161615
}