{
  "model": "PBP",
  "dataset": "energy",
  "rmse_train": 2.8264192485265354,
  "rmse_test": 4.031224246519779,
  "log_score_train": -2.2054322457763136,
  "log_score_test": -2.4505844216806865,
  "crps_train": 1.216548120451132,
  "crps_test": 1.5883920346570113,
  "picp_train": 0.9450867052023122,
  "picp_test": 0.8947368421052632,
  "mpiw_train": 10.42204442589711,
  "mpiw_test": 10.192235758849495
}