{
  "model": "PBP",
  "dataset": "kin8nm",
  "rmse_train": 0.09977863631802841,
  "rmse_test": 0.10300067242734073,
  "log_score_train": 0.880245591711566,
  "log_score_test": 0.8521502352988353,
  "crps_train": 0.05519967762851091,
  "crps_test": 0.05726110952918186,
  "picp_train": 0.9564627695646277,
  "picp_test": 0.9487179487179487,
  "mpiw_train": 0.422912225222726,
  "mpiw_test": 0.42291178636992843
}