{
  "model": "MC dropout",
  "dataset": "kin8nm",
  "rmse_train": 0.08697019078999028,
  "rmse_test": 0.09116551165496559,
  "log_score_train": 1.0783909883937046,
  "log_score_test": 1.0169757027992667,
  "crps_train": 0.047454347652137234,
  "crps_test": 0.05063064842615592,
  "picp_train": 0.9865726298657262,
  "picp_test": 0.9816849816849816,
  "mpiw_train": 0.4076796686207244,
  "mpiw_test": 0.42596277434367513
}