{
  "model": "NLM-E",
  "dataset": "boston",
  "rmse_train": 2.61953466507254,
  "rmse_test": 5.039628531581019,
  "log_score_train": -1.6781080060266365,
  "log_score_test": -3.0051157062624747,
  "crps_train": 0.917659292464126,
  "crps_test": 2.544753318251718,
  "picp_train": 0.9940476190476191,
  "picp_test": 0.8411764705882353,
  "mpiw_train": 8.120416047317443,
  "mpiw_test": 13.865861034810148
}