{
  "model": "PNN",
  "dataset": "kin8nm",
  "rmse_train": 0.0769730031688469,
  "rmse_test": 0.0942520337095935,
  "log_score_train": 1.2416873762672176,
  "log_score_test": 1.1000560336135856,
  "crps_train": 0.04128857360946073,
  "crps_test": 0.0481682017782453,
  "picp_train": 0.9725274725274725,
  "picp_test": 0.9385065885797951,
  "mpiw_train": 0.31494003364113754,
  "mpiw_test": 0.31707501719262104
}