{
  "model": "MC dropout",
  "dataset": "kin8nm",
  "rmse_train": 0.08246676984804407,
  "rmse_test": 0.08471445082606882,
  "log_score_train": 1.140938812133336,
  "log_score_test": 1.1197985673775093,
  "crps_train": 0.04442136637870661,
  "crps_test": 0.045684696637879954,
  "picp_train": 0.9871151498711515,
  "picp_test": 0.9804639804639804,
  "mpiw_train": 0.40955994649543415,
  "mpiw_test": 0.418000891922287
}