{
  "model": "PNN-E",
  "dataset": "wine",
  "rmse_train": 0.5547811018585619,
  "rmse_test": 0.5797690551240139,
  "log_score_train": -0.7263124107939836,
  "log_score_test": -0.9079627827618656,
  "crps_train": 0.29911538231947277,
  "crps_test": 0.3219214703852158,
  "picp_train": 0.9729166666666667,
  "picp_test": 0.9559748427672956,
  "mpiw_train": 2.4230559271099015,
  "mpiw_test": 2.3970288645180204
}