{
  "model": "PNN-E",
  "dataset": "boston",
  "rmse_train": 2.7281957029399435,
  "rmse_test": 3.121131052581057,
  "log_score_train": -1.9306632338423997,
  "log_score_test": -2.812758276080958,
  "crps_train": 1.1028779889448581,
  "crps_test": 1.644271934901149,
  "picp_train": 0.9881305637982196,
  "picp_test": 0.8520710059171598,
  "mpiw_train": 10.03559321444346,
  "mpiw_test": 7.634395394729513
}