{
  "model": "PBP",
  "dataset": "concrete",
  "rmse_train": 5.023497774228734,
  "rmse_test": 4.665437887201708,
  "log_score_train": -3.0365474639308396,
  "log_score_test": -2.9756244227802062,
  "crps_train": 2.7770562754271584,
  "crps_test": 2.6072099688493102,
  "picp_train": 0.9546925566343042,
  "picp_test": 0.970873786407767,
  "mpiw_train": 21.101480845171118,
  "mpiw_test": 21.088494708523452
}