{
  "model": "PBP",
  "dataset": "wine",
  "rmse_train": 0.5868922136917036,
  "rmse_test": 0.6157193544313092,
  "log_score_train": -0.8847047252938091,
  "log_score_test": -0.9323549208657671,
  "crps_train": 0.32798391000469557,
  "crps_test": 0.3410808435460329,
  "picp_train": 0.9455909943714822,
  "picp_test": 0.9362101313320825,
  "mpiw_train": 2.3549880509357206,
  "mpiw_test": 2.3464843182732475
}