{
  "model": "MC dropout",
  "dataset": "boston",
  "rmse_train": 3.307757071190559,
  "rmse_test": 3.325488067323047,
  "log_score_train": -2.091846864109184,
  "log_score_test": -2.571006725548134,
  "crps_train": 1.2980568145178888,
  "crps_test": 1.6444233556405377,
  "picp_train": 0.9956140350877193,
  "picp_test": 0.94,
  "mpiw_train": 13.80299851954001,
  "mpiw_test": 11.420194655214944
}