{
  "model": "PNN-E",
  "dataset": "powerplant",
  "rmse_train": 4.035804693368244,
  "rmse_test": 3.9490516166011833,
  "log_score_train": -2.793707780402659,
  "log_score_test": -2.781056495850827,
  "crps_train": 2.195250766617463,
  "crps_test": 2.202560706395923,
  "picp_train": 0.967835578262889,
  "picp_test": 0.9675732217573222,
  "mpiw_train": 16.854148044216473,
  "mpiw_test": 16.724607446747186
}