{
  "model": "PNN",
  "dataset": "boston",
  "rmse_train": 1.878524073659929,
  "rmse_test": 6.225356993689905,
  "log_score_train": -1.7501584025769108,
  "log_score_test": -13.045102956819804,
  "crps_train": 0.8943630768544996,
  "crps_test": 3.2968749327407005,
  "picp_train": 0.9553571428571429,
  "picp_test": 0.5117647058823529,
  "mpiw_train": 6.221901733112098,
  "mpiw_test": 5.409642443822675
}