{
  "model": "MC dropout",
  "dataset": "concrete",
  "rmse_train": 4.032792655267724,
  "rmse_test": 4.575671138345638,
  "log_score_train": -2.6223310768937744,
  "log_score_test": -2.6659587096155843,
  "crps_train": 2.024134707421817,
  "crps_test": 2.165437389782795,
  "picp_train": 0.9870550161812298,
  "picp_test": 0.9611650485436893,
  "mpiw_train": 17.655486522090182,
  "mpiw_test": 17.51234682698224
}