{
  "model": "MC dropout",
  "dataset": "concrete",
  "rmse_train": 5.204149075589493,
  "rmse_test": 5.876209117607177,
  "log_score_train": -2.875582337365669,
  "log_score_test": -2.941479713242407,
  "crps_train": 2.6639979161844405,
  "crps_test": 2.9052825921824494,
  "picp_train": 0.9805825242718447,
  "picp_test": 0.970873786407767,
  "mpiw_train": 20.02360716802728,
  "mpiw_test": 19.374666450204487
}