{
  "model": "DNNC-R",
  "dataset": "wine",
  "rmse_train": 0.5258248463562818,
  "rmse_test": 0.6962817231947216,
  "log_score_train": -0.07924203426949293,
  "log_score_test": -0.598050396396564,
  "crps_train": 0.2730505187649115,
  "crps_test": 0.3525365287144703,
  "picp_train": 0.9638888888888889,
  "picp_test": 0.9182389937106918,
  "mpiw_train": 2.3261052435143736,
  "mpiw_test": 2.308850865376609
}