{
  "model": "MC dropout",
  "dataset": "concrete",
  "rmse_train": 3.843525267021145,
  "rmse_test": 5.755192464592558,
  "log_score_train": -2.6896425294845483,
  "log_score_test": -3.074839862099719,
  "crps_train": 2.0603026968330242,
  "crps_test": 2.8026954816963947,
  "picp_train": 0.9913700107874865,
  "picp_test": 0.941747572815534,
  "mpiw_train": 17.73558494329964,
  "mpiw_test": 17.364864435670565
}