{
  "model": "PNN-E",
  "dataset": "wine",
  "rmse_train": 0.522971949269206,
  "rmse_test": 0.6516539353545945,
  "log_score_train": -0.6739769472747024,
  "log_score_test": -1.0070024609499888,
  "crps_train": 0.28265933851692426,
  "crps_test": 0.35788179899460365,
  "picp_train": 0.9774859287054409,
  "picp_test": 0.8949343339587242,
  "mpiw_train": 2.3326974496643866,
  "mpiw_test": 2.2758844754506153
}