{
  "model": "PBP",
  "dataset": "boston",
  "rmse_train": 2.4030221647029917,
  "rmse_test": 4.248029040204576,
  "log_score_train": -2.297529090611371,
  "log_score_test": -3.033219426217779,
  "crps_train": 1.299674673670001,
  "crps_test": 1.7757757749885386,
  "picp_train": 0.9605263157894737,
  "picp_test": 0.94,
  "mpiw_train": 10.313418334512576,
  "mpiw_test": 10.354344259666755
}