{
  "model": "PBP",
  "dataset": "boston",
  "rmse_train": 2.3407735350065493,
  "rmse_test": 3.393295628205254,
  "log_score_train": -2.265543828221216,
  "log_score_test": -2.6967533969273325,
  "crps_train": 1.2532735020256023,
  "crps_test": 1.6806151559920488,
  "picp_train": 0.9692982456140351,
  "picp_test": 0.9,
  "mpiw_train": 10.015949384720672,
  "mpiw_test": 10.049093268739968
}