{
  "model": "MC dropout",
  "dataset": "kin8nm",
  "rmse_train": 0.08150952550940424,
  "rmse_test": 0.08295770561501185,
  "log_score_train": 1.1555649830675412,
  "log_score_test": 1.1310214381077552,
  "crps_train": 0.04399921710535144,
  "crps_test": 0.04526173836477881,
  "picp_train": 0.9724671097246711,
  "picp_test": 0.9755799755799756,
  "mpiw_train": 0.34977503196670817,
  "mpiw_test": 0.35276750653304073
}