{
  "model": "DNNC-R",
  "dataset": "yacht",
  "rmse_train": 4.228531290043548,
  "rmse_test": 4.439713948369181,
  "log_score_train": -1.358602623032046,
  "log_score_test": -2.0693296891384367,
  "crps_train": 4.460572840168926,
  "crps_test": 2.7698868661764133,
  "picp_train": 0.920863309352518,
  "picp_test": 0.9666666666666667,
  "mpiw_train": 26.776167006376603,
  "mpiw_test": 26.27359010801218
}