{
  "model": "NLM",
  "dataset": "boston",
  "rmse_train": 2.783500049892878,
  "rmse_test": 3.8538784655727785,
  "log_score_train": -2.2405689414113583,
  "log_score_test": -2.4291842551982388,
  "crps_train": 1.2816917180597078,
  "crps_test": 1.665960628924536,
  "picp_train": 0.9970326409495549,
  "picp_test": 0.9763313609467456,
  "mpiw_train": 13.811689748949894,
  "mpiw_test": 12.996997310463282
}