{
  "model": "NLM",
  "dataset": "powerplant",
  "rmse_train": 4.1298878162175665,
  "rmse_test": 4.076425299625314,
  "log_score_train": -2.8287532391754984,
  "log_score_test": -2.8369026145050156,
  "crps_train": 2.259804072712872,
  "crps_test": 2.278774501977053,
  "picp_train": 0.9678633014579088,
  "picp_test": 0.9510818438381938,
  "mpiw_train": 18.05207897313368,
  "mpiw_test": 16.228895744620978
}