{
  "model": "PBP",
  "dataset": "wine",
  "rmse_train": 0.5925547515722662,
  "rmse_test": 0.6302628799523795,
  "log_score_train": -0.894450826028843,
  "log_score_test": -0.9523679566188765,
  "crps_train": 0.33036141629722626,
  "crps_test": 0.3459845139266766,
  "picp_train": 0.9474671669793621,
  "picp_test": 0.9399624765478424,
  "mpiw_train": 2.3794274665260287,
  "mpiw_test": 2.378749394772063
}