{
  "model": "PNN",
  "dataset": "wine",
  "rmse_train": 0.5690076500972456,
  "rmse_test": 0.6766013943173022,
  "log_score_train": -0.7441984788159086,
  "log_score_test": -1.452322125080181,
  "crps_train": 0.30697937089757765,
  "crps_test": 0.35318412223980344,
  "picp_train": 0.9604166666666667,
  "picp_test": 0.9245283018867925,
  "mpiw_train": 2.212678589097901,
  "mpiw_test": 2.408141472157518
}