{
  "model": "PBP",
  "dataset": "wine",
  "rmse_train": 0.5606574026218226,
  "rmse_test": 0.7364197108651517,
  "log_score_train": -0.8400792463781134,
  "log_score_test": -1.1597275157749591,
  "crps_train": 0.31395366850981526,
  "crps_test": 0.4076036328096985,
  "picp_train": 0.9511737089201878,
  "picp_test": 0.8913857677902621,
  "mpiw_train": 2.269563439548035,
  "mpiw_test": 2.2935585680012704
}