{
  "model": "PNN-E",
  "dataset": "kin8nm",
  "rmse_train": 0.07145155073370732,
  "rmse_test": 0.08250624373684257,
  "log_score_train": 1.2768696679845775,
  "log_score_test": 1.1674720915761552,
  "crps_train": 0.038528466558403085,
  "crps_test": 0.044179062340742155,
  "picp_train": 0.9908441677348471,
  "picp_test": 0.9718051995606005,
  "mpiw_train": 0.350939649199753,
  "mpiw_test": 0.34148118910234393
}