{
  "model": "DNNC-R",
  "dataset": "wine",
  "rmse_train": 0.4681093667169669,
  "rmse_test": 0.7917384985180618,
  "log_score_train": 0.03239865183941405,
  "log_score_test": -3.1372778511536765,
  "crps_train": 0.23875074971186483,
  "crps_test": 0.4458705841701737,
  "picp_train": 0.9586854460093897,
  "picp_test": 0.7303370786516854,
  "mpiw_train": 1.9260420136250906,
  "mpiw_test": 1.3630904230556669
}