{
  "model": "PBP",
  "dataset": "powerplant",
  "rmse_train": 4.010101157319163,
  "rmse_test": 4.565284167283138,
  "log_score_train": -2.807832018344535,
  "log_score_test": -2.95251395324866,
  "crps_train": 2.2123381231801744,
  "crps_test": 2.346309086277734,
  "picp_train": 0.9614491407338597,
  "picp_test": 0.9571129707112971,
  "mpiw_train": 15.894224147830744,
  "mpiw_test": 15.89423047666467
}