{
  "model": "MC dropout",
  "dataset": "boston",
  "rmse_train": 3.456785956433041,
  "rmse_test": 3.8199202292455476,
  "log_score_train": -2.438007063381746,
  "log_score_test": -2.457452522527974,
  "crps_train": 1.6402419119167093,
  "crps_test": 1.7617695927691057,
  "picp_train": 0.9868421052631579,
  "picp_test": 1.0,
  "mpiw_train": 14.441992742775362,
  "mpiw_test": 14.231432368984972
}