{
  "model": "MC dropout",
  "dataset": "boston",
  "rmse_train": 3.1679756818038127,
  "rmse_test": 4.346641000701798,
  "log_score_train": -2.3865554244086105,
  "log_score_test": -2.5242861370096445,
  "crps_train": 1.54614674394894,
  "crps_test": 1.7834998897270347,
  "picp_train": 0.9910979228486647,
  "picp_test": 0.9644970414201184,
  "mpiw_train": 14.919303179987727,
  "mpiw_test": 12.079403026347691
}