{
  "model": "NLM",
  "dataset": "kin8nm",
  "rmse_train": 0.07482982546957259,
  "rmse_test": 0.09188832770243184,
  "log_score_train": 1.263694981034779,
  "log_score_test": 1.1265205557333535,
  "crps_train": 0.04000189675949007,
  "crps_test": 0.04674603214821028,
  "picp_train": 0.9822344322344322,
  "picp_test": 0.9564421669106882,
  "mpiw_train": 0.3325530523823537,
  "mpiw_test": 0.34700665784522416
}