{
  "model": "MC dropout",
  "dataset": "yacht",
  "rmse_train": 1.7092868215652977,
  "rmse_test": 1.2464111386732293,
  "log_score_train": -2.3451839274912047,
  "log_score_test": -2.3081164410956867,
  "crps_train": 1.4348866997519187,
  "crps_test": 1.3705026804899243,
  "picp_train": 1.0,
  "picp_test": 1.0,
  "mpiw_train": 21.984368210791732,
  "mpiw_test": 21.636511794264504
}