{
  "model": "NLM",
  "dataset": "kin8nm",
  "rmse_train": 0.07431969460591467,
  "rmse_test": 0.08090469810909186,
  "log_score_train": 1.296131430579062,
  "log_score_test": 1.218227235060311,
  "crps_train": 0.039195398089389474,
  "crps_test": 0.04271926654180147,
  "picp_train": 0.9712464397124644,
  "picp_test": 0.9523809523809523,
  "mpiw_train": 0.3018994349392552,
  "mpiw_test": 0.305480703180783
}