{
  "model": "PNN-E",
  "dataset": "yacht",
  "rmse_train": 0.8893787389886582,
  "rmse_test": 0.5429774831780422,
  "log_score_train": -1.2559097807910014,
  "log_score_test": -1.4507918614157351,
  "crps_train": 0.48580232844373783,
  "crps_test": 0.5142700283413384,
  "picp_train": 1.0,
  "picp_test": 1.0,
  "mpiw_train": 7.120103301907435,
  "mpiw_test": 7.7947283845009085
}