{
  "model": "PNN-E",
  "dataset": "boston",
  "rmse_train": 2.2145327325656465,
  "rmse_test": 6.270495047540543,
  "log_score_train": -1.8415032300320489,
  "log_score_test": -3.0580850298526476,
  "crps_train": 0.939430281242484,
  "crps_test": 3.143210152974119,
  "picp_train": 0.9910714285714286,
  "picp_test": 0.9058823529411765,
  "mpiw_train": 9.592276433037677,
  "mpiw_test": 23.758945995504213
}