{
  "model": "PNN",
  "dataset": "wine",
  "rmse_train": 0.5437142802055536,
  "rmse_test": 0.8217241624282453,
  "log_score_train": -0.6523404862074095,
  "log_score_test": -3.5660530215795756,
  "crps_train": 0.2866793324050144,
  "crps_test": 0.455129712284852,
  "picp_train": 0.9502347417840376,
  "picp_test": 0.7752808988764045,
  "mpiw_train": 2.001948143819089,
  "mpiw_test": 2.0405001814264687
}