{
  "model": "MC dropout",
  "dataset": "boston",
  "rmse_train": 3.696271983971893,
  "rmse_test": 3.081009595117231,
  "log_score_train": -2.4529099757257673,
  "log_score_test": -2.554806668728105,
  "crps_train": 1.755297004317642,
  "crps_test": 1.726994066742274,
  "picp_train": 0.9525222551928784,
  "picp_test": 0.9230769230769231,
  "mpiw_train": 13.015979834854424,
  "mpiw_test": 11.745251347053836
}