{
  "model": "PNN-E",
  "dataset": "boston",
  "rmse_train": 2.6989037134308127,
  "rmse_test": 3.0638205561259455,
  "log_score_train": -2.0466444680126776,
  "log_score_test": -2.5690712864403213,
  "crps_train": 1.166840909962471,
  "crps_test": 1.6656676410119826,
  "picp_train": 0.9910979228486647,
  "picp_test": 0.9289940828402367,
  "mpiw_train": 11.63145704136451,
  "mpiw_test": 11.653775807574066
}