{
  "model": "PNN-E",
  "dataset": "concrete",
  "rmse_train": 4.2656141891784936,
  "rmse_test": 4.60374445440464,
  "log_score_train": -2.722743403040342,
  "log_score_test": -2.809250835422174,
  "crps_train": 2.2119375933060015,
  "crps_test": 2.4388070143642486,
  "picp_train": 0.9816612729234089,
  "picp_test": 0.9611650485436893,
  "mpiw_train": 18.470524561160996,
  "mpiw_test": 18.372086682428122
}