{
  "model": "MC dropout",
  "dataset": "energy",
  "rmse_train": 6.656859560056291,
  "rmse_test": 8.3768974147442,
  "log_score_train": -1.865405422157429,
  "log_score_test": -10.774724465228822,
  "crps_train": 2.134911624272415,
  "crps_test": 5.05243361750185,
  "picp_train": 0.99609375,
  "picp_test": 0.41015625,
  "mpiw_train": 24.781788866480376,
  "mpiw_test": 7.624999765458514
}