{
  "model": "MC dropout",
  "dataset": "energy",
  "rmse_train": 4.098814574353196,
  "rmse_test": 11.720562851482432,
  "log_score_train": -1.3152204595607442,
  "log_score_test": -37.97814045234239,
  "crps_train": 0.8424691507314075,
  "crps_test": 7.894505946947167,
  "picp_train": 0.998046875,
  "picp_test": 0.45703125,
  "mpiw_train": 7.54162943588694,
  "mpiw_test": 6.700190341627982
}