{
  "model": "DNNC-R",
  "dataset": "kin8nm",
  "rmse_train": 0.0862698269611127,
  "rmse_test": 0.09388207315865509,
  "log_score_train": 0.8885738579873234,
  "log_score_test": 0.7639289576693543,
  "crps_train": 0.05101881602531572,
  "crps_test": 0.05404878296832273,
  "picp_train": 0.9600732600732601,
  "picp_test": 0.9388726207906296,
  "mpiw_train": 0.4269792320303564,
  "mpiw_test": 0.40255101065094256
}