{
  "model": "MC dropout",
  "dataset": "kin8nm",
  "rmse_train": 0.08169192367678728,
  "rmse_test": 0.08537998670497918,
  "log_score_train": 1.0940150366407322,
  "log_score_test": 1.0573352257417246,
  "crps_train": 0.0450688894984309,
  "crps_test": 0.04713507468796676,
  "picp_train": 0.9924047199240472,
  "picp_test": 0.9914529914529915,
  "mpiw_train": 0.4247180234280749,
  "mpiw_test": 0.43107605218085604
}