{
  "model": "MC dropout",
  "dataset": "wine",
  "rmse_train": 0.5780480736195153,
  "rmse_test": 0.7159782731917884,
  "log_score_train": -0.791728652764063,
  "log_score_test": -1.0737667706420437,
  "crps_train": 0.3150289588031736,
  "crps_test": 0.3926331366680255,
  "picp_train": 0.9539906103286385,
  "picp_test": 0.9325842696629213,
  "mpiw_train": 2.258977540962348,
  "mpiw_test": 2.451585697128337
}