{
  "model": "DNNC-R",
  "dataset": "kin8nm",
  "rmse_train": 0.08862681936942814,
  "rmse_test": 0.09375276887247075,
  "log_score_train": 0.8201141139101721,
  "log_score_test": 0.7744407051128496,
  "crps_train": 0.05300438597631522,
  "crps_test": 0.05558481886502245,
  "picp_train": 0.9639224196392242,
  "picp_test": 0.9499389499389499,
  "mpiw_train": 0.4591885180969751,
  "mpiw_test": 0.4565725744337523
}