{
  "model": "NLM-E",
  "dataset": "energy",
  "rmse_train": 2.8881431429256756,
  "rmse_test": 2.003990463963333,
  "log_score_train": -1.392211453979806,
  "log_score_test": -1.4480172904076365,
  "crps_train": 0.8928611885556601,
  "crps_test": 0.8534422436907958,
  "picp_train": 0.9956647398843931,
  "picp_test": 1.0,
  "mpiw_train": 8.060772462420239,
  "mpiw_test": 8.174886902272595
}