{
  "model": "NLM-E",
  "dataset": "powerplant",
  "rmse_train": 4.0322215365410115,
  "rmse_test": 3.7276178959871955,
  "log_score_train": -2.795059671689441,
  "log_score_test": -2.7399426000925646,
  "crps_train": 2.1940280726984924,
  "crps_test": 2.094155680819778,
  "picp_train": 0.9736414305620065,
  "picp_test": 0.9759414225941423,
  "mpiw_train": 17.293632690906538,
  "mpiw_test": 17.15318467182007
}