{
  "model": "DNNC-R",
  "dataset": "energy",
  "rmse_train": 2.5069482349529233,
  "rmse_test": 2.8107240582457145,
  "log_score_train": -1.9993614813009903,
  "log_score_test": -2.16351625650444,
  "crps_train": 1.097436010075503,
  "crps_test": 1.1641476732928344,
  "picp_train": 0.9812138728323699,
  "picp_test": 0.9605263157894737,
  "mpiw_train": 10.393694439205047,
  "mpiw_test": 9.500983702509462
}