{
  "model": "PBP",
  "dataset": "energy",
  "rmse_train": 6.283667675850965,
  "rmse_test": 5.455214446550573,
  "log_score_train": -3.222061697972955,
  "log_score_test": -3.159298893288233,
  "crps_train": 3.176119952211566,
  "crps_test": 2.910131233139617,
  "picp_train": 0.6907514450867052,
  "picp_test": 0.6578947368421053,
  "mpiw_train": 11.668422783341962,
  "mpiw_test": 11.165252070677237
}