{
  "model": "MC dropout",
  "dataset": "kin8nm",
  "rmse_train": 0.07630103662431378,
  "rmse_test": 0.08378518056956538,
  "log_score_train": 1.1861803924588823,
  "log_score_test": 1.1227718660070793,
  "crps_train": 0.04191727306216492,
  "crps_test": 0.04514624642061036,
  "picp_train": 0.9835887698358877,
  "picp_test": 0.9731379731379731,
  "mpiw_train": 0.3583895412675773,
  "mpiw_test": 0.3681687455928072
}