{
  "model": "PNN",
  "dataset": "wine",
  "rmse_train": 0.5741056618997605,
  "rmse_test": 0.6606392188790403,
  "log_score_train": -0.7244075999762675,
  "log_score_test": -1.03385305340987,
  "crps_train": 0.30552694790466717,
  "crps_test": 0.36670200706414213,
  "picp_train": 0.9590277777777778,
  "picp_test": 0.9245283018867925,
  "mpiw_train": 2.221685299117879,
  "mpiw_test": 2.4035908163818043
}