{
  "model": "MC dropout",
  "dataset": "yacht",
  "rmse_train": 2.4945944877119985,
  "rmse_test": 3.3385159753746425,
  "log_score_train": -2.30165651390221,
  "log_score_test": -3.262007736196932,
  "crps_train": 1.3498385819656613,
  "crps_test": 1.7491255785021402,
  "picp_train": 0.9117647058823529,
  "picp_test": 0.8076923076923077,
  "mpiw_train": 10.04977906672317,
  "mpiw_test": 7.932822883554962
}