{
  "model": "PNN",
  "dataset": "kin8nm",
  "rmse_train": 0.08439072229298078,
  "rmse_test": 0.09365988406895327,
  "log_score_train": 1.1871412848830207,
  "log_score_test": 1.0854798411296052,
  "crps_train": 0.044206002161659604,
  "crps_test": 0.048867466897296,
  "picp_train": 0.9424928794249288,
  "picp_test": 0.9267399267399268,
  "mpiw_train": 0.2969608065972337,
  "mpiw_test": 0.30314039032625995
}