{
  "model": "PBP",
  "dataset": "boston",
  "rmse_train": 2.010114785248086,
  "rmse_test": 6.847113798887039,
  "log_score_train": -2.1064792130086594,
  "log_score_test": -5.223652898429787,
  "crps_train": 1.0654136562247756,
  "crps_test": 3.9452187224881707,
  "picp_train": 0.9642857142857143,
  "picp_test": 0.5882352941176471,
  "mpiw_train": 8.548698219362642,
  "mpiw_test": 9.236254704239826
}