{
  "model": "MC dropout",
  "dataset": "kin8nm",
  "rmse_train": 0.08409040372144835,
  "rmse_test": 0.08658396435393079,
  "log_score_train": 1.0866634455089987,
  "log_score_test": 1.0685942751795048,
  "crps_train": 0.046078753428449665,
  "crps_test": 0.04717410181970133,
  "picp_train": 0.9860831349569675,
  "picp_test": 0.9846210179421457,
  "mpiw_train": 0.422170425857471,
  "mpiw_test": 0.41637298158470026
}