{
  "model": "PBP",
  "dataset": "yacht",
  "rmse_train": 0.7919101502926693,
  "rmse_test": 1.614075588706889,
  "log_score_train": -1.5180829351347294,
  "log_score_test": -1.8249855978157532,
  "crps_train": 0.5120809236809494,
  "crps_test": 0.7804764402690602,
  "picp_train": 0.9892086330935251,
  "picp_test": 0.9666666666666667,
  "mpiw_train": 6.400136374534568,
  "mpiw_test": 6.4801954108735105
}