{
  "model": "NLM-E",
  "dataset": "wine",
  "rmse_train": 0.5851987021020446,
  "rmse_test": 0.6061022538622354,
  "log_score_train": -0.7534725836811396,
  "log_score_test": -1.0862904236493032,
  "crps_train": 0.3177916577181633,
  "crps_test": 0.33288772753654805,
  "picp_train": 0.9736111111111111,
  "picp_test": 0.9308176100628931,
  "mpiw_train": 2.5021611619360162,
  "mpiw_test": 2.390830021011215
}