{
  "model": "NLM",
  "dataset": "boston",
  "rmse_train": 1.3433083156807448,
  "rmse_test": 6.734434828229817,
  "log_score_train": -1.5439549760753881,
  "log_score_test": -9.057074845004134,
  "crps_train": 0.680513985085164,
  "crps_test": 3.459409559326169,
  "picp_train": 0.9851190476190477,
  "picp_test": 0.6352941176470588,
  "mpiw_train": 5.86330641034122,
  "mpiw_test": 6.998569059921283
}