{
  "model": "PNN",
  "dataset": "boston",
  "rmse_train": 2.4289129611008207,
  "rmse_test": 6.061072818056752,
  "log_score_train": -2.1061357027565126,
  "log_score_test": -3.986811799877677,
  "crps_train": 1.202682008447388,
  "crps_test": 2.647118500512714,
  "picp_train": 0.9407894736842105,
  "picp_test": 0.8,
  "mpiw_train": 8.908032590236662,
  "mpiw_test": 9.300789603071355
}