{
  "model": "MC dropout",
  "dataset": "yacht",
  "rmse_train": 1.7357808807938684,
  "rmse_test": 6.532153108231829,
  "log_score_train": -2.5048385111541362,
  "log_score_test": -3.06011955878481,
  "crps_train": 1.4405790210267706,
  "crps_test": 3.2809994682461956,
  "picp_train": 1.0,
  "picp_test": 0.8846153846153846,
  "mpiw_train": 21.50072197865762,
  "mpiw_test": 19.12403995931696
}