{
  "model": "MC dropout",
  "dataset": "yacht",
  "rmse_train": 1.7507411788347051,
  "rmse_test": 2.070164145961728,
  "log_score_train": -2.064639519440613,
  "log_score_test": -2.03550712112156,
  "crps_train": 1.0435265108404943,
  "crps_test": 1.103008305046449,
  "picp_train": 0.9928057553956835,
  "picp_test": 1.0,
  "mpiw_train": 12.339381261466427,
  "mpiw_test": 12.698212565583155
}