{
  "model": "PNN-E",
  "dataset": "powerplant",
  "rmse_train": 4.031448178420056,
  "rmse_test": 4.259151906796213,
  "log_score_train": -2.787975193040928,
  "log_score_test": -2.8619132016669853,
  "crps_train": 2.1947108341940837,
  "crps_test": 2.2891164786376073,
  "picp_train": 0.9716674407803065,
  "picp_test": 0.9633891213389121,
  "mpiw_train": 16.737929772107844,
  "mpiw_test": 16.583485640543465
}