{
  "model": "PNN",
  "dataset": "kin8nm",
  "rmse_train": 0.08161229406341171,
  "rmse_test": 0.08631604440074088,
  "log_score_train": 1.183332690907188,
  "log_score_test": 1.1126833131723777,
  "crps_train": 0.04367891189110476,
  "crps_test": 0.04641566771259689,
  "picp_train": 0.9374745693747457,
  "picp_test": 0.9340659340659341,
  "mpiw_train": 0.29213786696149435,
  "mpiw_test": 0.29839857047787594
}