{
  "model": "PNN",
  "dataset": "wine",
  "rmse_train": 0.5468056741758486,
  "rmse_test": 0.9226293195522365,
  "log_score_train": -0.663724957761697,
  "log_score_test": -16.040762080556984,
  "crps_train": 0.2882139069906729,
  "crps_test": 0.5115761900411498,
  "picp_train": 0.968075117370892,
  "picp_test": 0.7565543071161048,
  "mpiw_train": 2.1686234975445617,
  "mpiw_test": 1.9877752913074132
}