{
  "model": "PNN-E",
  "dataset": "energy",
  "rmse_train": 2.838882788009416,
  "rmse_test": 4.187987768215868,
  "log_score_train": -1.4333393043995994,
  "log_score_test": -1.586418757380422,
  "crps_train": 0.9075187803257381,
  "crps_test": 1.2202976184406886,
  "picp_train": 0.9942196531791907,
  "picp_test": 0.9736842105263158,
  "mpiw_train": 7.213315826587207,
  "mpiw_test": 7.154412396231301
}