{
  "model": "NLM",
  "dataset": "kin8nm",
  "rmse_train": 0.07807921318209528,
  "rmse_test": 0.08157622610379721,
  "log_score_train": 1.2010629295214796,
  "log_score_test": 1.1879799819141654,
  "crps_train": 0.042037354248311835,
  "crps_test": 0.04330359494105093,
  "picp_train": 0.9859000183116645,
  "picp_test": 0.9765653606737459,
  "mpiw_train": 0.36595437513631024,
  "mpiw_test": 0.3494052765159431
}