{
  "model": "PNN-E",
  "dataset": "wine",
  "rmse_train": 0.5492508150502986,
  "rmse_test": 0.6501668480414642,
  "log_score_train": -0.7232438440545299,
  "log_score_test": -1.0025587268664558,
  "crps_train": 0.2995725011196345,
  "crps_test": 0.4272986868727286,
  "picp_train": 0.9701388888888889,
  "picp_test": 0.949685534591195,
  "mpiw_train": 2.4175734391799146,
  "mpiw_test": 4.072505807335386
}