{
  "model": "PBP",
  "dataset": "kin8nm",
  "rmse_train": 0.09050682644742973,
  "rmse_test": 0.13359263460222381,
  "log_score_train": 0.9749565124941785,
  "log_score_test": 0.4891200207695669,
  "crps_train": 0.05005332544904451,
  "crps_test": 0.07542067118006503,
  "picp_train": 0.9608058608058608,
  "picp_test": 0.8612737920937042,
  "mpiw_train": 0.3906193746307126,
  "mpiw_test": 0.3909149195824536
}