{
  "model": "PBP",
  "dataset": "energy",
  "rmse_train": 2.840614298840107,
  "rmse_test": 2.999902006037381,
  "log_score_train": -2.267563006217289,
  "log_score_test": -2.409639651336344,
  "crps_train": 1.2795305570288091,
  "crps_test": 1.463182770590041,
  "picp_train": 0.9407514450867052,
  "picp_test": 0.9473684210526315,
  "mpiw_train": 10.4651131087027,
  "mpiw_test": 10.667308497877073
}