{
  "model": "PNN",
  "dataset": "energy",
  "rmse_train": 2.888436119281423,
  "rmse_test": 2.088670212903885,
  "log_score_train": -1.24527381665668,
  "log_score_test": -2.219093332130867,
  "crps_train": 0.889818781181527,
  "crps_test": 0.7735761739367927,
  "picp_train": 0.9378612716763006,
  "picp_test": 0.868421052631579,
  "mpiw_train": 4.547215767653386,
  "mpiw_test": 4.118691067011941
}