{
  "model": "NLM",
  "dataset": "wine",
  "rmse_train": 0.5745742406886728,
  "rmse_test": 0.6871947296370663,
  "log_score_train": -0.7367758112279671,
  "log_score_test": -1.4166414568781864,
  "crps_train": 0.30786846970957343,
  "crps_test": 0.38079979495859007,
  "picp_train": 0.9548611111111112,
  "picp_test": 0.8867924528301887,
  "mpiw_train": 2.206465902162632,
  "mpiw_test": 2.1583092095771077
}