{
  "model": "PNN",
  "dataset": "wine",
  "rmse_train": 0.5707059464514617,
  "rmse_test": 0.6333169436131483,
  "log_score_train": -0.6823919277650938,
  "log_score_test": -1.302753889310014,
  "crps_train": 0.30002283122384016,
  "crps_test": 0.35753243412945457,
  "picp_train": 0.949343339587242,
  "picp_test": 0.8705440900562852,
  "mpiw_train": 1.997891105388226,
  "mpiw_test": 1.9851492688968255
}