{
  "model": "MC dropout",
  "dataset": "yacht",
  "rmse_train": 1.658565992907846,
  "rmse_test": 1.5501147129512824,
  "log_score_train": -2.2127530958973267,
  "log_score_test": -2.386255878815309,
  "crps_train": 1.156273031544933,
  "crps_test": 1.30119162052355,
  "picp_train": 1.0,
  "picp_test": 1.0,
  "mpiw_train": 15.87566769737087,
  "mpiw_test": 17.90339083592315
}