{
  "model": "PNN-E",
  "dataset": "concrete",
  "rmse_train": 3.9688616272610213,
  "rmse_test": 6.966027639493063,
  "log_score_train": -2.687857569405066,
  "log_score_test": -3.3702806391127096,
  "crps_train": 2.088559973577958,
  "crps_test": 3.7618486783985063,
  "picp_train": 0.9868995633187773,
  "picp_test": 0.8571428571428571,
  "mpiw_train": 17.880447441587076,
  "mpiw_test": 19.244001070019543
}