{
  "model": "PNN-E",
  "dataset": "kin8nm",
  "rmse_train": 0.0725488380826183,
  "rmse_test": 0.07748314525388374,
  "log_score_train": 1.2647085196310857,
  "log_score_test": 1.20846437161113,
  "crps_train": 0.03899379271356895,
  "crps_test": 0.041572624541262725,
  "picp_train": 0.9895564898955649,
  "picp_test": 0.989010989010989,
  "mpiw_train": 0.3521776902328983,
  "mpiw_test": 0.3570820707461688
}