{
  "model": "NLM",
  "dataset": "boston",
  "rmse_train": 2.7719070307199494,
  "rmse_test": 7.8219043715472365,
  "log_score_train": -1.8408428792204963,
  "log_score_test": -3.3392971505417766,
  "crps_train": 1.0158366157704164,
  "crps_test": 3.7013211082529924,
  "picp_train": 0.9880952380952381,
  "picp_test": 0.7941176470588235,
  "mpiw_train": 9.029926187903492,
  "mpiw_test": 19.19915927455731
}