{
  "model": "NLM",
  "dataset": "boston",
  "rmse_train": 3.144992766743226,
  "rmse_test": 3.280833230624973,
  "log_score_train": -1.8082405741348488,
  "log_score_test": -4.354087804882323,
  "crps_train": 1.1022295192898417,
  "crps_test": 1.8614567113447322,
  "picp_train": 0.9792284866468842,
  "picp_test": 0.6863905325443787,
  "mpiw_train": 8.726576853457956,
  "mpiw_test": 5.548575676395408
}