{
  "model": "DNNC-R",
  "dataset": "powerplant",
  "rmse_train": 4.408625694457321,
  "rmse_test": 4.631710904390098,
  "log_score_train": -3.307459746579438,
  "log_score_test": -3.327521525832947,
  "crps_train": 3.074267835884469,
  "crps_test": 3.135464361230558,
  "picp_train": 0.9537854156990246,
  "picp_test": 0.952928870292887,
  "mpiw_train": 30.93071042881087,
  "mpiw_test": 30.860706065122027
}