{
  "model": "NLM-E",
  "dataset": "energy",
  "rmse_train": 2.07301382998808,
  "rmse_test": 6.81693586518305,
  "log_score_train": -1.2581092847828517,
  "log_score_test": -2.174668463207814,
  "crps_train": 0.7286321835929712,
  "crps_test": 1.937279609347118,
  "picp_train": 0.9942196531791907,
  "picp_test": 0.9605263157894737,
  "mpiw_train": 5.984702974533399,
  "mpiw_test": 6.952616821341567
}