{
  "model": "DNNC-R",
  "dataset": "energy",
  "rmse_train": 2.4944648393596194,
  "rmse_test": 2.0266685059523097,
  "log_score_train": -1.8314487560335668,
  "log_score_test": -1.8669878096525052,
  "crps_train": 1.05222730637807,
  "crps_test": 1.0381963669037788,
  "picp_train": 0.9667630057803468,
  "picp_test": 0.9868421052631579,
  "mpiw_train": 10.038104329943506,
  "mpiw_test": 10.718328849190494
}