{
  "model": "DNNC-R",
  "dataset": "boston",
  "rmse_train": 2.3018289369902747,
  "rmse_test": 3.357632983729627,
  "log_score_train": -2.0781796425769103,
  "log_score_test": -2.5785115166772306,
  "crps_train": 1.1955810291966147,
  "crps_test": 1.7775673148308762,
  "picp_train": 0.9614243323442137,
  "picp_test": 0.9289940828402367,
  "mpiw_train": 10.672308194572741,
  "mpiw_test": 12.62590630266234
}