{
  "model": "MC dropout",
  "dataset": "yacht",
  "rmse_train": 1.2740631005093457,
  "rmse_test": 1.0377317460418634,
  "log_score_train": -2.016871501041672,
  "log_score_test": -2.002919154396027,
  "crps_train": 0.9075774398029987,
  "crps_test": 0.8535650555258077,
  "picp_train": 1.0,
  "picp_test": 1.0,
  "mpiw_train": 12.412559476105137,
  "mpiw_test": 11.868225447985514
}