{
  "model": "DNNC-R",
  "dataset": "boston",
  "rmse_train": 2.563434001076261,
  "rmse_test": 3.875678319424468,
  "log_score_train": -2.1650672441521923,
  "log_score_test": -2.839261271758655,
  "crps_train": 1.311917260647072,
  "crps_test": 2.0902715460496273,
  "picp_train": 0.9554896142433235,
  "picp_test": 0.8816568047337278,
  "mpiw_train": 11.766052742108903,
  "mpiw_test": 13.286419441517934
}