{
  "model": "NLM",
  "dataset": "concrete",
  "rmse_train": 4.511188844902975,
  "rmse_test": 5.981096447330357,
  "log_score_train": -2.8605018781437437,
  "log_score_test": -3.047889137084477,
  "crps_train": 2.4366367563289786,
  "crps_test": 3.0897645065901918,
  "picp_train": 0.9883551673944687,
  "picp_test": 0.9620991253644315,
  "mpiw_train": 23.41658686480718,
  "mpiw_test": 23.038263946506795
}