{
  "model": "NLM",
  "dataset": "boston",
  "rmse_train": 2.4026310548885212,
  "rmse_test": 5.061973453315236,
  "log_score_train": -1.5699797829666557,
  "log_score_test": -4.612689363441639,
  "crps_train": 1.2443430374265252,
  "crps_test": 2.8328287864844595,
  "picp_train": 0.9851190476190477,
  "picp_test": 0.6823529411764706,
  "mpiw_train": 13.838950559238551,
  "mpiw_test": 10.11706202494291
}