{
  "model": "MC dropout",
  "dataset": "boston",
  "rmse_train": 2.8519535917323555,
  "rmse_test": 6.0502727342126486,
  "log_score_train": -2.163887086767168,
  "log_score_test": -2.8720937098124764,
  "crps_train": 1.295637807875916,
  "crps_test": 2.664025053195263,
  "picp_train": 0.9880952380952381,
  "picp_test": 0.9529411764705882,
  "mpiw_train": 12.542176916822624,
  "mpiw_test": 18.91662201341456
}