{
  "model": "PNN",
  "dataset": "wine",
  "rmse_train": 0.5671090842496077,
  "rmse_test": 0.6556439712186816,
  "log_score_train": -0.7481936233565575,
  "log_score_test": -1.2953028742444084,
  "crps_train": 0.30722421385055415,
  "crps_test": 0.354511413844227,
  "picp_train": 0.9611111111111111,
  "picp_test": 0.9056603773584906,
  "mpiw_train": 2.2176516078412116,
  "mpiw_test": 2.1710257091960754
}