{
  "model": "DNNC-R",
  "dataset": "energy",
  "rmse_train": 2.5865396519121187,
  "rmse_test": 4.4562941988342875,
  "log_score_train": -1.9971143141342285,
  "log_score_test": -2.82467881222076,
  "crps_train": 1.135209561433112,
  "crps_test": 1.5767397870248308,
  "picp_train": 0.9595375722543352,
  "picp_test": 0.9342105263157895,
  "mpiw_train": 10.590912016697207,
  "mpiw_test": 10.288580917397265
}