{
  "model": "PBP",
  "dataset": "boston",
  "rmse_train": 2.226275113575119,
  "rmse_test": 5.722270661156129,
  "log_score_train": -2.223375651530103,
  "log_score_test": -4.342996195607373,
  "crps_train": 1.205097613372618,
  "crps_test": 2.594692274710996,
  "picp_train": 0.9605263157894737,
  "picp_test": 0.84,
  "mpiw_train": 9.623904401681708,
  "mpiw_test": 9.632329065815743
}