{
  "model": "NLM",
  "dataset": "wine",
  "rmse_train": 0.5507492288968572,
  "rmse_test": 0.7729858715200353,
  "log_score_train": -0.6529568587065064,
  "log_score_test": -2.2622574450627755,
  "crps_train": 0.2886637187623037,
  "crps_test": 0.44729223865575296,
  "picp_train": 0.968075117370892,
  "picp_test": 0.7808988764044944,
  "mpiw_train": 2.1445421848114896,
  "mpiw_test": 2.0942155272535494
}