{
  "model": "PBP",
  "dataset": "concrete",
  "rmse_train": 4.2924790007481795,
  "rmse_test": 8.231445919130817,
  "log_score_train": -2.8774597190038698,
  "log_score_test": -4.026765857154302,
  "crps_train": 2.3292603991381675,
  "crps_test": 4.802149243085548,
  "picp_train": 0.9475982532751092,
  "picp_test": 0.749271137026239,
  "mpiw_train": 17.998210684154383,
  "mpiw_test": 18.052504846684332
}