{
  "model": "PNN-E",
  "dataset": "kin8nm",
  "rmse_train": 0.07325294916551431,
  "rmse_test": 0.07880307293032532,
  "log_score_train": 1.257101191161321,
  "log_score_test": 1.1948648586879207,
  "crps_train": 0.03927515578452537,
  "crps_test": 0.04247560606748671,
  "picp_train": 0.9872507798725078,
  "picp_test": 0.9768009768009768,
  "mpiw_train": 0.35444646879363545,
  "mpiw_test": 0.35984102244137867
}