{
  "model": "NLM-E",
  "dataset": "boston",
  "rmse_train": 2.4276660122748606,
  "rmse_test": 3.014903256775887,
  "log_score_train": -1.9655310414409912,
  "log_score_test": -2.3864914516628746,
  "crps_train": 1.055102792954962,
  "crps_test": 1.5002494244869151,
  "picp_train": 0.993421052631579,
  "picp_test": 0.94,
  "mpiw_train": 10.766096326948533,
  "mpiw_test": 10.538610830116939
}