{
  "model": "NLM",
  "dataset": "energy",
  "rmse_train": 3.1514397279862396,
  "rmse_test": 2.456068504347556,
  "log_score_train": -1.3691099723932347,
  "log_score_test": -1.5136208396053246,
  "crps_train": 1.0011038905825127,
  "crps_test": 1.01125954124566,
  "picp_train": 0.9869942196531792,
  "picp_test": 0.9736842105263158,
  "mpiw_train": 7.056064879641936,
  "mpiw_test": 7.6665440141904355
}