{
  "model": "PNN-E",
  "dataset": "kin8nm",
  "rmse_train": 0.07294647196445979,
  "rmse_test": 0.07844939704988393,
  "log_score_train": 1.2715503991071793,
  "log_score_test": 1.2176068613484479,
  "crps_train": 0.03909133836570766,
  "crps_test": 0.0414537893890535,
  "picp_train": 0.9853519598535196,
  "picp_test": 0.9743589743589743,
  "mpiw_train": 0.33621931356641876,
  "mpiw_test": 0.34001106597696956
}