{
  "model": "PBP",
  "dataset": "concrete",
  "rmse_train": 4.986848112386898,
  "rmse_test": 5.246467486386719,
  "log_score_train": -3.0282026462025664,
  "log_score_test": -3.0746623748794057,
  "crps_train": 2.7448486509771617,
  "crps_test": 2.9308104328461395,
  "picp_train": 0.9568500539374326,
  "picp_test": 0.9320388349514563,
  "mpiw_train": 20.84698847884137,
  "mpiw_test": 20.827957211180678
}