{
  "model": "DNNC-R",
  "dataset": "kin8nm",
  "rmse_train": 0.07989281832359836,
  "rmse_test": 0.09815038353544658,
  "log_score_train": 0.9701182486309902,
  "log_score_test": 0.4141207645469647,
  "crps_train": 0.047092785193022055,
  "crps_test": 0.057043374948807964,
  "picp_train": 0.9617216117216117,
  "picp_test": 0.8814055636896047,
  "mpiw_train": 0.39522026045482656,
  "mpiw_test": 0.35165746912863666
}