{
  "model": "DNNC-R",
  "dataset": "kin8nm",
  "rmse_train": 0.08270616948643487,
  "rmse_test": 0.08984442400702339,
  "log_score_train": 0.9018856497703307,
  "log_score_test": 0.7671858285819049,
  "crps_train": 0.04935730843187153,
  "crps_test": 0.05318600287380939,
  "picp_train": 0.9591753695917536,
  "picp_test": 0.9487179487179487,
  "mpiw_train": 0.4213696705671574,
  "mpiw_test": 0.4266298655077613
}