{
  "model": "DNNC-R",
  "dataset": "kin8nm",
  "rmse_train": 0.08734177142312015,
  "rmse_test": 0.09666513583539296,
  "log_score_train": 0.8669081300041653,
  "log_score_test": 0.7834092570499106,
  "crps_train": 0.05170771105542452,
  "crps_test": 0.05719452313425241,
  "picp_train": 0.9630104376487822,
  "picp_test": 0.9677773709264006,
  "mpiw_train": 0.435927261684694,
  "mpiw_test": 0.47326659139387445
}