{
  "model": "NLM-E",
  "dataset": "wine",
  "rmse_train": 0.5714936743046009,
  "rmse_test": 0.6445266703850485,
  "log_score_train": -0.785816190729263,
  "log_score_test": -0.9555900144003334,
  "crps_train": 0.3244403724592311,
  "crps_test": 0.351445355699887,
  "picp_train": 0.9770833333333333,
  "picp_test": 0.9308176100628931,
  "mpiw_train": 2.903667235520386,
  "mpiw_test": 2.6546822703048285
}