{
  "model": "PNN-E",
  "dataset": "boston",
  "rmse_train": 2.717258842190478,
  "rmse_test": 4.787361194801148,
  "log_score_train": -1.7477043278218853,
  "log_score_test": -3.026329711968335,
  "crps_train": 0.9436618500429306,
  "crps_test": 2.3719464549637004,
  "picp_train": 0.9910714285714286,
  "picp_test": 0.8941176470588236,
  "mpiw_train": 8.058741647790205,
  "mpiw_test": 16.480446452587366
}