{
  "model": "PNN",
  "dataset": "yacht",
  "rmse_train": 1.804854340186628,
  "rmse_test": 1.7397630627865608,
  "log_score_train": -1.959432510855274,
  "log_score_test": -1.8304027856756446,
  "crps_train": 0.9728892520229485,
  "crps_test": 0.9110342224237907,
  "picp_train": 0.9712230215827338,
  "picp_test": 1.0,
  "mpiw_train": 9.046306016011062,
  "mpiw_test": 9.24979383268164
}