{
  "model": "PBP",
  "dataset": "yacht",
  "rmse_train": 1.0007903387650066,
  "rmse_test": 1.2650080829556916,
  "log_score_train": -1.7631957783634122,
  "log_score_test": -1.8234573183360974,
  "crps_train": 0.6584558361661143,
  "crps_test": 0.7343524197965422,
  "picp_train": 0.9951219512195122,
  "picp_test": 0.9902912621359223,
  "mpiw_train": 8.201638645524806,
  "mpiw_test": 8.219264982711694
}