{
  "model": "PNN-E",
  "dataset": "wine",
  "rmse_train": 0.5644620468404671,
  "rmse_test": 0.6155876779910399,
  "log_score_train": -0.7357986012993915,
  "log_score_test": -0.9762829838278058,
  "crps_train": 0.5061379019475292,
  "crps_test": 0.34903928447677285,
  "picp_train": 0.9666666666666667,
  "picp_test": 0.9371069182389937,
  "mpiw_train": 5.878664523696673,
  "mpiw_test": 2.459732089508784
}