{
  "model": "DNNC-R",
  "dataset": "wine",
  "rmse_train": 0.5279457492495769,
  "rmse_test": 0.6021676545179112,
  "log_score_train": -0.07418045628091773,
  "log_score_test": -0.22942784257219478,
  "crps_train": 0.2737797226138556,
  "crps_test": 0.3165768266647764,
  "picp_train": 0.9618055555555556,
  "picp_test": 0.9433962264150944,
  "mpiw_train": 2.2784866302839792,
  "mpiw_test": 2.311566711830435
}