{
  "model": "MC dropout",
  "dataset": "wine",
  "rmse_train": 0.5883817011361253,
  "rmse_test": 0.5793209892897931,
  "log_score_train": -0.7977612803032227,
  "log_score_test": -0.8744675696593768,
  "crps_train": 0.32005929886337986,
  "crps_test": 0.32393263177230397,
  "picp_train": 0.975609756097561,
  "picp_test": 0.926829268292683,
  "mpiw_train": 2.7391041489056884,
  "mpiw_test": 2.366121414284742
}