{
  "model": "NLM",
  "dataset": "yacht",
  "rmse_train": 1.138987840881438,
  "rmse_test": 1.219297725566582,
  "log_score_train": -1.2365048511899301,
  "log_score_test": -1.2899725029261762,
  "crps_train": 0.5038687073340197,
  "crps_test": 0.5478323597132152,
  "picp_train": 0.9928057553956835,
  "picp_test": 0.9666666666666667,
  "mpiw_train": 5.412459894455181,
  "mpiw_test": 4.98995161442104
}