{
  "model": "PBP",
  "dataset": "boston",
  "rmse_train": 2.6431097949862012,
  "rmse_test": 3.132961166595604,
  "log_score_train": -2.3942998841478174,
  "log_score_test": -2.5604781823064204,
  "crps_train": 1.4156007377533104,
  "crps_test": 1.6953715818713633,
  "picp_train": 0.9703264094955489,
  "picp_test": 0.9289940828402367,
  "mpiw_train": 11.469898343515645,
  "mpiw_test": 11.294026076472285
}