{
  "model": "NLM",
  "dataset": "concrete",
  "rmse_train": 4.965028065025328,
  "rmse_test": 5.148024154502989,
  "log_score_train": -2.7969704593578286,
  "log_score_test": -2.899415339239327,
  "crps_train": 2.483606749914242,
  "crps_test": 2.6780584822009117,
  "picp_train": 0.9848975188781014,
  "picp_test": 0.970873786407767,
  "mpiw_train": 21.91587157767605,
  "mpiw_test": 21.07315154642423
}