{
  "model": "PNN-E",
  "dataset": "kin8nm",
  "rmse_train": 0.0672711017432327,
  "rmse_test": 0.09732051943832556,
  "log_score_train": 1.3212817293691115,
  "log_score_test": 1.1115212813150928,
  "crps_train": 0.03680244129033758,
  "crps_test": 0.04864878863101271,
  "picp_train": 0.9902930402930403,
  "picp_test": 0.9699853587115667,
  "mpiw_train": 0.3215732958417852,
  "mpiw_test": 0.3743394130069711
}