{
  "model": "PNN-E",
  "dataset": "energy",
  "rmse_train": 2.282028125426033,
  "rmse_test": 7.247337736503648,
  "log_score_train": -1.4091173419043586,
  "log_score_test": -2.2305918174817116,
  "crps_train": 0.8208081140584557,
  "crps_test": 2.0507158127460325,
  "picp_train": 0.9942196531791907,
  "picp_test": 0.9605263157894737,
  "mpiw_train": 7.2755874545069785,
  "mpiw_test": 8.098992343363566
}