{
  "model": "PBP",
  "dataset": "wine",
  "rmse_train": 0.6014746860617726,
  "rmse_test": 0.5957661902918195,
  "log_score_train": -0.9088823180679098,
  "log_score_test": -0.9010025833569709,
  "crps_train": 0.33478887846850747,
  "crps_test": 0.33275430728918787,
  "picp_train": 0.9465290806754222,
  "picp_test": 0.9455909943714822,
  "mpiw_train": 2.4118367116609156,
  "mpiw_test": 2.4047587118797153
}