{
  "model": "PNN",
  "dataset": "boston",
  "rmse_train": 2.9357233235868367,
  "rmse_test": 5.1325423212044505,
  "log_score_train": -1.838483211340472,
  "log_score_test": -9.191323985110467,
  "crps_train": 1.0901499202354334,
  "crps_test": 2.6981527201361364,
  "picp_train": 0.9583333333333334,
  "picp_test": 0.6470588235294118,
  "mpiw_train": 7.149761143618429,
  "mpiw_test": 9.244686348960824
}