{
  "model": "MC dropout",
  "dataset": "boston",
  "rmse_train": 3.347201291257522,
  "rmse_test": 5.6307201958441935,
  "log_score_train": -2.0981726783713803,
  "log_score_test": -3.301401998443249,
  "crps_train": 1.2839340232716572,
  "crps_test": 2.8857456101399626,
  "picp_train": 0.9910714285714286,
  "picp_test": 0.8411764705882353,
  "mpiw_train": 11.306152362560804,
  "mpiw_test": 13.908684742160418
}