{
  "model": "NLM",
  "dataset": "energy",
  "rmse_train": 2.684417597540785,
  "rmse_test": 4.136091444191473,
  "log_score_train": -1.2063682353527099,
  "log_score_test": -1.4913387984136637,
  "crps_train": 0.7881961869829239,
  "crps_test": 1.1484714167793013,
  "picp_train": 0.9913294797687862,
  "picp_test": 0.9473684210526315,
  "mpiw_train": 6.16168822534385,
  "mpiw_test": 6.135567982801876
}