{
  "model": "PBP",
  "dataset": "boston",
  "rmse_train": 2.3385233598827044,
  "rmse_test": 3.340117358461908,
  "log_score_train": -2.2760918150779674,
  "log_score_test": -2.658203933968507,
  "crps_train": 1.2895732580388812,
  "crps_test": 1.6721554135915966,
  "picp_train": 0.9584569732937686,
  "picp_test": 0.9230769230769231,
  "mpiw_train": 10.48223054512539,
  "mpiw_test": 10.377139698982868
}