{
  "model": "PBP",
  "dataset": "kin8nm",
  "rmse_train": 0.0939362771546158,
  "rmse_test": 0.0958874001128344,
  "log_score_train": 0.9382977153324455,
  "log_score_test": 0.9208863818104934,
  "crps_train": 0.052118469610301005,
  "crps_test": 0.05338522375984436,
  "picp_train": 0.9599891495998915,
  "picp_test": 0.9536019536019537,
  "mpiw_train": 0.4040242479154917,
  "mpiw_test": 0.40404769709005206
}