{
  "model": "NLM",
  "dataset": "wine",
  "rmse_train": 0.566373496842384,
  "rmse_test": 0.6441884687941,
  "log_score_train": -0.7276187968534414,
  "log_score_test": -1.0666337187634483,
  "crps_train": 0.3142112974383359,
  "crps_test": 0.3659728570265657,
  "picp_train": 0.9763888888888889,
  "picp_test": 0.8867924528301887,
  "mpiw_train": 2.671591618747913,
  "mpiw_test": 2.4379697269501723
}