{
  "model": "PNN-E",
  "dataset": "wine",
  "rmse_train": 0.5504513617312001,
  "rmse_test": 0.6389941114532458,
  "log_score_train": -0.7275003617484318,
  "log_score_test": -0.9798654329873788,
  "crps_train": 0.34155182512616383,
  "crps_test": 0.768377103048627,
  "picp_train": 0.9743055555555555,
  "picp_test": 0.949685534591195,
  "mpiw_train": 3.171706723730429,
  "mpiw_test": 9.624174063903142
}