{
  "model": "PNN",
  "dataset": "wine",
  "rmse_train": 0.5280967210769772,
  "rmse_test": 0.9848007928091668,
  "log_score_train": -0.6617997416102167,
  "log_score_test": -4.361434909987671,
  "crps_train": 0.28392433558802277,
  "crps_test": 0.5490079298092856,
  "picp_train": 0.9652582159624413,
  "picp_test": 0.7284644194756554,
  "mpiw_train": 2.0374891760443874,
  "mpiw_test": 2.0977634284995212
}