{
  "model": "MC dropout",
  "dataset": "kin8nm",
  "rmse_train": 0.08675856013393628,
  "rmse_test": 0.09300298496415012,
  "log_score_train": 0.9914636522248037,
  "log_score_test": 0.9642585553801862,
  "crps_train": 0.050102068810353693,
  "crps_test": 0.05253352568383421,
  "picp_train": 0.9899633798996338,
  "picp_test": 0.9853479853479854,
  "mpiw_train": 0.4986813995539208,
  "mpiw_test": 0.5043883187000706
}