{
  "model": "NLM-E",
  "dataset": "yacht",
  "rmse_train": 0.8709181172180896,
  "rmse_test": 2.007166054882326,
  "log_score_train": -1.593272582542388,
  "log_score_test": -1.7158606905594986,
  "crps_train": 0.5648768840042543,
  "crps_test": 0.8173224169961976,
  "picp_train": 1.0,
  "picp_test": 1.0,
  "mpiw_train": 8.45934628216242,
  "mpiw_test": 9.974786494724691
}