{
  "model": "NLM",
  "dataset": "wine",
  "rmse_train": 0.5773470973113105,
  "rmse_test": 0.6804064695458198,
  "log_score_train": -0.7568201529203246,
  "log_score_test": -1.1455455059259771,
  "crps_train": 0.3659287580001561,
  "crps_test": 0.3951907384678128,
  "picp_train": 0.9597222222222223,
  "picp_test": 0.9056603773584906,
  "mpiw_train": 3.300383114322531,
  "mpiw_test": 2.646881172037313
}