{
  "model": "PBP",
  "dataset": "kin8nm",
  "rmse_train": 0.09456930195496858,
  "rmse_test": 0.09444332789304385,
  "log_score_train": 0.929894404482164,
  "log_score_test": 0.9310143557333794,
  "crps_train": 0.052551529808122416,
  "crps_test": 0.05265533991043995,
  "picp_train": 0.9609385596093856,
  "picp_test": 0.9621489621489622,
  "mpiw_train": 0.41058419880930697,
  "mpiw_test": 0.410602873567019
}