{
  "model": "MC dropout",
  "dataset": "powerplant",
  "rmse_train": 4.808377727008894,
  "rmse_test": 4.832054436963944,
  "log_score_train": -3.0014862408057548,
  "log_score_test": -3.0083199645998158,
  "crps_train": 2.7057939352325637,
  "crps_test": 2.6932814001748744,
  "picp_train": 0.9780538783093358,
  "picp_test": 0.9769874476987448,
  "mpiw_train": 20.907060468028334,
  "mpiw_test": 20.885570435057208
}