{
  "model": "DNNC-R",
  "dataset": "yacht",
  "rmse_train": 3.947884522596984,
  "rmse_test": 4.090304084703745,
  "log_score_train": -1.5472265385794517,
  "log_score_test": -1.5410508348394267,
  "crps_train": 3.3623640666614554,
  "crps_test": 3.551806322735007,
  "picp_train": 0.9568345323741008,
  "picp_test": 0.9333333333333333,
  "mpiw_train": 28.288965198374118,
  "mpiw_test": 27.24591400013158
}