{
  "model": "MC dropout",
  "dataset": "kin8nm",
  "rmse_train": 0.08591441574866643,
  "rmse_test": 0.0838051597166985,
  "log_score_train": 1.1170969374427615,
  "log_score_test": 1.1016892130072677,
  "crps_train": 0.04601229102837904,
  "crps_test": 0.046311143289256534,
  "picp_train": 0.978299199782992,
  "picp_test": 0.9768009768009768,
  "mpiw_train": 0.3760713384218098,
  "mpiw_test": 0.37187833469308357
}