{
  "model": "MC dropout",
  "dataset": "kin8nm",
  "rmse_train": 0.07965720783307707,
  "rmse_test": 0.08764711043359139,
  "log_score_train": 1.1757680196284377,
  "log_score_test": 1.1026309384133683,
  "crps_train": 0.04282597022602083,
  "crps_test": 0.04669635592261208,
  "picp_train": 0.9831818798318188,
  "picp_test": 0.9694749694749695,
  "mpiw_train": 0.36081354959363077,
  "mpiw_test": 0.36330696711322064
}