{
  "model": "PNN",
  "dataset": "wine",
  "rmse_train": 0.5746940092769705,
  "rmse_test": 0.7431976124056835,
  "log_score_train": -0.7633155725522397,
  "log_score_test": -1.15001946134958,
  "crps_train": 0.34861062427716455,
  "crps_test": 0.399216008695033,
  "picp_train": 0.9722222222222222,
  "picp_test": 0.9056603773584906,
  "mpiw_train": 3.1731758342681418,
  "mpiw_test": 2.729008159110707
}