{
  "model": "PNN-E",
  "dataset": "boston",
  "rmse_train": 2.3636160319697694,
  "rmse_test": 4.766314764185278,
  "log_score_train": -1.9392117592479357,
  "log_score_test": -3.2644762502161906,
  "crps_train": 1.057636587042731,
  "crps_test": 1.9798725409122542,
  "picp_train": 0.9868421052631579,
  "picp_test": 0.86,
  "mpiw_train": 9.544731915664254,
  "mpiw_test": 8.864297378164556
}