{
  "model": "PNN-E",
  "dataset": "kin8nm",
  "rmse_train": 0.07129284023304529,
  "rmse_test": 0.08485499216880671,
  "log_score_train": 1.2836501481595874,
  "log_score_test": 1.1915919218229658,
  "crps_train": 0.03849886439532064,
  "crps_test": 0.04319568327454007,
  "picp_train": 0.9897435897435898,
  "picp_test": 0.9736456808199122,
  "mpiw_train": 0.33699863159795596,
  "mpiw_test": 0.35323740478789434
}