{
  "model": "DNNC-R",
  "dataset": "concrete",
  "rmse_train": 4.7126340514311424,
  "rmse_test": 6.028810504763171,
  "log_score_train": -2.954210162463753,
  "log_score_test": -3.113132600849743,
  "crps_train": 2.620714631820111,
  "crps_test": 3.131225138201995,
  "picp_train": 0.9579288025889967,
  "picp_test": 0.9223300970873787,
  "mpiw_train": 20.533156457635336,
  "mpiw_test": 20.892537252834902
}