{
  "model": "PNN-E",
  "dataset": "boston",
  "rmse_train": 2.5058258356372187,
  "rmse_test": 3.3594744230599254,
  "log_score_train": -2.0481987339081957,
  "log_score_test": -2.3626556477315206,
  "crps_train": 1.1430530225359907,
  "crps_test": 1.5066863085078053,
  "picp_train": 0.9851632047477745,
  "picp_test": 0.9230769230769231,
  "mpiw_train": 10.284550093888909,
  "mpiw_test": 9.640972727126023
}