{
  "model": "PNN-E",
  "dataset": "kin8nm",
  "rmse_train": 0.07177683149384849,
  "rmse_test": 0.07594170893935974,
  "log_score_train": 1.261931081985045,
  "log_score_test": 1.2321079788158655,
  "crps_train": 0.03897872269895078,
  "crps_test": 0.040763028552843306,
  "picp_train": 0.9896921198969212,
  "picp_test": 0.9853479853479854,
  "mpiw_train": 0.3509900851435607,
  "mpiw_test": 0.3557755013131288
}