{
  "model": "MC dropout",
  "dataset": "concrete",
  "rmse_train": 3.9669013672433824,
  "rmse_test": 5.973264208030688,
  "log_score_train": -2.6512751140270585,
  "log_score_test": -3.0506884466185618,
  "crps_train": 2.0388113976525393,
  "crps_test": 3.1025765416708917,
  "picp_train": 0.9924487594390508,
  "picp_test": 0.9029126213592233,
  "mpiw_train": 17.444529080512133,
  "mpiw_test": 17.685580595725778
}