{
  "model": "PBP",
  "dataset": "concrete",
  "rmse_train": 5.001448601346556,
  "rmse_test": 5.122615151655753,
  "log_score_train": -3.0305547061213023,
  "log_score_test": -3.0538616972190775,
  "crps_train": 2.7581055558446894,
  "crps_test": 2.8689688307532695,
  "picp_train": 0.9568500539374326,
  "picp_test": 0.9320388349514563,
  "mpiw_train": 20.86708112655437,
  "mpiw_test": 20.86071200143104
}