{
  "model": "MC dropout",
  "dataset": "energy",
  "rmse_train": 2.941479788857694,
  "rmse_test": 3.3042520783784117,
  "log_score_train": -1.5413434633282996,
  "log_score_test": -1.5341942562464448,
  "crps_train": 0.95266182506691,
  "crps_test": 0.9531541672781962,
  "picp_train": 1.0,
  "picp_test": 0.9868421052631579,
  "mpiw_train": 8.09792729205614,
  "mpiw_test": 8.395611520286192
}