{
  "model": "PNN-E",
  "dataset": "concrete",
  "rmse_train": 4.322825434027536,
  "rmse_test": 4.449778880407083,
  "log_score_train": -2.7635017021536963,
  "log_score_test": -2.9321160935459303,
  "crps_train": 2.2862916522051537,
  "crps_test": 2.497232529401544,
  "picp_train": 0.9816612729234089,
  "picp_test": 0.941747572815534,
  "mpiw_train": 19.52766892151378,
  "mpiw_test": 18.282563105234004
}