{
  "model": "PNN",
  "dataset": "concrete",
  "rmse_train": 5.457669686852274,
  "rmse_test": 6.811095498059541,
  "log_score_train": -2.915556233649148,
  "log_score_test": -3.4129131773041363,
  "crps_train": 2.8104327696068307,
  "crps_test": 3.6834055068114187,
  "picp_train": 0.9650655021834061,
  "picp_test": 0.8688046647230321,
  "mpiw_train": 23.06633931430003,
  "mpiw_test": 21.232785760423887
}