{
  "model": "PNN-E",
  "dataset": "kin8nm",
  "rmse_train": 0.07063437440816062,
  "rmse_test": 0.09213421303976925,
  "log_score_train": 1.2824248242941514,
  "log_score_test": 1.0336848278121797,
  "crps_train": 0.03809596679092759,
  "crps_test": 0.04974965515201316,
  "picp_train": 0.9917582417582418,
  "picp_test": 0.9732796486090776,
  "mpiw_train": 0.34962767726639865,
  "mpiw_test": 0.4027568722705683
}