{
  "model": "PBP",
  "dataset": "kin8nm",
  "rmse_train": 0.09377080055586352,
  "rmse_test": 0.09868462453103885,
  "log_score_train": 0.9392512023700403,
  "log_score_test": 0.8950102567822995,
  "crps_train": 0.05204856365660913,
  "crps_test": 0.05427434994958504,
  "picp_train": 0.9601247796012478,
  "picp_test": 0.9487179487179487,
  "mpiw_train": 0.4052518091081784,
  "mpiw_test": 0.405260633444207
}