{
  "model": "NLM-E",
  "dataset": "kin8nm",
  "rmse_train": 0.07265588655886553,
  "rmse_test": 0.07209284706890297,
  "log_score_train": 1.3100818186796526,
  "log_score_test": 1.2583315794604129,
  "crps_train": 0.038063901603648836,
  "crps_test": 0.03944019556004134,
  "picp_train": 0.9848094398480944,
  "picp_test": 0.978021978021978,
  "mpiw_train": 0.32554844269677985,
  "mpiw_test": 0.32842207673411367
}