{
  "model": "NLM-E",
  "dataset": "kin8nm",
  "rmse_train": 0.07185523347185531,
  "rmse_test": 0.07346300401772628,
  "log_score_train": 1.3100433628436823,
  "log_score_test": 1.2752995197732075,
  "crps_train": 0.037824397976814216,
  "crps_test": 0.03918962060246894,
  "picp_train": 0.9865726298657262,
  "picp_test": 0.9768009768009768,
  "mpiw_train": 0.3262474447543351,
  "mpiw_test": 0.3207302487832147
}