{
  "model": "MC dropout",
  "dataset": "boston",
  "rmse_train": 3.333833743419379,
  "rmse_test": 3.2266709271249265,
  "log_score_train": -2.2319437286742763,
  "log_score_test": -2.5027567570295153,
  "crps_train": 1.4432425630613217,
  "crps_test": 1.661312752206381,
  "picp_train": 0.9970326409495549,
  "picp_test": 0.893491124260355,
  "mpiw_train": 14.0380973080346,
  "mpiw_test": 9.934233068642314
}