{
  "model": "NLM",
  "dataset": "concrete",
  "rmse_train": 4.797354604139478,
  "rmse_test": 7.3464311589825835,
  "log_score_train": -2.7671522009518665,
  "log_score_test": -5.068429332805501,
  "crps_train": 2.4548522040874627,
  "crps_test": 3.8450955861725493,
  "picp_train": 0.9693877551020408,
  "picp_test": 0.7441860465116279,
  "mpiw_train": 16.885344655736166,
  "mpiw_test": 13.1647997866642
}