{
  "model": "PBP",
  "dataset": "boston",
  "rmse_train": 2.4006736373255473,
  "rmse_test": 3.3431942166537123,
  "log_score_train": -2.2903331411016628,
  "log_score_test": -2.6559203876574378,
  "crps_train": 1.2971832384149984,
  "crps_test": 1.7331430868407662,
  "picp_train": 0.9614243323442137,
  "picp_test": 0.8875739644970414,
  "mpiw_train": 10.443805099969596,
  "mpiw_test": 10.331812101754979
}