{
  "model": "PBP",
  "dataset": "boston",
  "rmse_train": 2.210379623870645,
  "rmse_test": 3.7297647905169296,
  "log_score_train": -2.215395820527733,
  "log_score_test": -2.883529538189207,
  "crps_train": 1.199708594300953,
  "crps_test": 1.9000225475233556,
  "picp_train": 0.9642857142857143,
  "picp_test": 0.888235294117647,
  "mpiw_train": 9.778379027691058,
  "mpiw_test": 10.022110651859853
}