{
  "model": "PNN-E",
  "dataset": "boston",
  "rmse_train": 3.1493761850468367,
  "rmse_test": 3.149377239819038,
  "log_score_train": -2.0999506092440643,
  "log_score_test": -2.441628605576312,
  "crps_train": 1.300173895228545,
  "crps_test": 1.6094662315904753,
  "picp_train": 0.9821958456973294,
  "picp_test": 0.9053254437869822,
  "mpiw_train": 10.68996851029474,
  "mpiw_test": 9.86424108965421
}