{
  "model": "NLM",
  "dataset": "wine",
  "rmse_train": 0.5703185689048915,
  "rmse_test": 0.6210348669224243,
  "log_score_train": -0.7201026752821508,
  "log_score_test": -1.0282979377158887,
  "crps_train": 0.30203633727934315,
  "crps_test": 0.34153151461205344,
  "picp_train": 0.9727954971857411,
  "picp_test": 0.9080675422138836,
  "mpiw_train": 2.3911703160466944,
  "mpiw_test": 2.24325757185989
}