{
  "model": "DNNC-R",
  "dataset": "wine",
  "rmse_train": 0.5359852744505307,
  "rmse_test": 0.6873724352202397,
  "log_score_train": -0.09561908762595493,
  "log_score_test": -0.4952464746559691,
  "crps_train": 0.2784388387366774,
  "crps_test": 0.3737421875520226,
  "picp_train": 0.9597222222222223,
  "picp_test": 0.9119496855345912,
  "mpiw_train": 2.3522254129170292,
  "mpiw_test": 2.3804790521507817
}