{
  "model": "PNN-E",
  "dataset": "boston",
  "rmse_train": 2.723348092670602,
  "rmse_test": 6.029406166978495,
  "log_score_train": -1.9589815178350305,
  "log_score_test": -3.182212185572039,
  "crps_train": 1.0916781985185948,
  "crps_test": 3.68184040635426,
  "picp_train": 0.9880952380952381,
  "picp_test": 0.9235294117647059,
  "mpiw_train": 10.942702048317683,
  "mpiw_test": 42.10598219555863
}