{
  "model": "MC dropout",
  "dataset": "yacht",
  "rmse_train": 1.0468878683607559,
  "rmse_test": 0.9255350950554161,
  "log_score_train": -1.9510871735432262,
  "log_score_test": -1.8778962108667074,
  "crps_train": 0.8339982320806214,
  "crps_test": 0.7658032193808259,
  "picp_train": 1.0,
  "picp_test": 1.0,
  "mpiw_train": 12.085986016290391,
  "mpiw_test": 11.27217139535849
}