{
  "model": "PNN-E",
  "dataset": "boston",
  "rmse_train": 2.834967987158614,
  "rmse_test": 3.9043588902894424,
  "log_score_train": -2.010568322114894,
  "log_score_test": -2.9461090025632877,
  "crps_train": 1.1677775830342392,
  "crps_test": 1.9379465086333443,
  "picp_train": 0.9851632047477745,
  "picp_test": 0.9171597633136095,
  "mpiw_train": 10.379929803147705,
  "mpiw_test": 12.326765702278378
}