{
  "model": "MC dropout",
  "dataset": "kin8nm",
  "rmse_train": 0.08670136427820747,
  "rmse_test": 0.10741803883847457,
  "log_score_train": 1.0971211637073885,
  "log_score_test": 0.9533740022671544,
  "crps_train": 0.04690673062766282,
  "crps_test": 0.05646216304892444,
  "picp_train": 0.9869987181834828,
  "picp_test": 0.9608202123764189,
  "mpiw_train": 0.40227729502212173,
  "mpiw_test": 0.39788135541021646
}