{
  "model": "PNN",
  "dataset": "energy",
  "rmse_train": 2.715165902873323,
  "rmse_test": 4.068479664870083,
  "log_score_train": -1.2260245257638283,
  "log_score_test": -1.4700297588178706,
  "crps_train": 0.8263102085876743,
  "crps_test": 1.1133439441569424,
  "picp_train": 0.9638728323699421,
  "picp_test": 0.9078947368421053,
  "mpiw_train": 5.316444499252383,
  "mpiw_test": 5.603313890168239
}