{
  "model": "DNNC-R",
  "dataset": "concrete",
  "rmse_train": 4.886537913667783,
  "rmse_test": 5.847252400185288,
  "log_score_train": -3.0383428945995727,
  "log_score_test": -3.3143204520315526,
  "crps_train": 2.7493252161634656,
  "crps_test": 3.212429993870537,
  "picp_train": 0.948220064724919,
  "picp_test": 0.8932038834951457,
  "mpiw_train": 22.764388274484016,
  "mpiw_test": 21.033067125973265
}