{
  "model": "PBP",
  "dataset": "kin8nm",
  "rmse_train": 0.09465562485982035,
  "rmse_test": 0.09806152701856831,
  "log_score_train": 0.930188516731685,
  "log_score_test": 0.8999663877959082,
  "crps_train": 0.05248251986673494,
  "crps_test": 0.05402234204462277,
  "picp_train": 0.95931099959311,
  "picp_test": 0.9462759462759462,
  "mpiw_train": 0.4082734024382912,
  "mpiw_test": 0.40826321607219884
}