{
  "model": "MC dropout",
  "dataset": "concrete",
  "rmse_train": 4.073265315709246,
  "rmse_test": 5.087700894085611,
  "log_score_train": -2.709581460866501,
  "log_score_test": -2.848119719358754,
  "crps_train": 2.133233417925206,
  "crps_test": 2.548693481770037,
  "picp_train": 0.9935275080906149,
  "picp_test": 0.9805825242718447,
  "mpiw_train": 19.598912751917993,
  "mpiw_test": 19.789775319121983
}