{
  "model": "PBP",
  "dataset": "boston",
  "rmse_train": 2.0561811523360896,
  "rmse_test": 12.344312924884878,
  "log_score_train": -2.127738554006874,
  "log_score_test": -3.630795984538233,
  "crps_train": 1.1116249926394255,
  "crps_test": 4.057665070265345,
  "picp_train": 0.9494047619047619,
  "picp_test": 0.8294117647058824,
  "mpiw_train": 8.698134864078545,
  "mpiw_test": 11.121399276851108
}