{
  "model": "MC dropout",
  "dataset": "yacht",
  "rmse_train": 3.9680635230601156,
  "rmse_test": 4.118327403607028,
  "log_score_train": -2.546866973383207,
  "log_score_test": -2.5380226231811593,
  "crps_train": 1.9076481569145909,
  "crps_test": 1.9369003419408937,
  "picp_train": 0.9712230215827338,
  "picp_test": 1.0,
  "mpiw_train": 17.176616750190473,
  "mpiw_test": 17.028193444220324
}