{
  "model": "NLM",
  "dataset": "concrete",
  "rmse_train": 4.4448480003782915,
  "rmse_test": 7.204568624519189,
  "log_score_train": -2.7429744171718227,
  "log_score_test": -3.3471722506008352,
  "crps_train": 2.3032998657852337,
  "crps_test": 3.336194764828863,
  "picp_train": 0.9751887810140237,
  "picp_test": 0.941747572815534,
  "mpiw_train": 18.642130746483957,
  "mpiw_test": 19.07321795251865
}