{
  "model": "PNN",
  "dataset": "energy",
  "rmse_train": 3.1129482459796156,
  "rmse_test": 2.761059815606347,
  "log_score_train": -1.461693353753952,
  "log_score_test": -1.6566767060317578,
  "crps_train": 1.0173563810561854,
  "crps_test": 1.1292168111139738,
  "picp_train": 0.9913294797687862,
  "picp_test": 0.9736842105263158,
  "mpiw_train": 8.019005898655529,
  "mpiw_test": 7.5710568538259295
}