{
  "model": "PNN-E",
  "dataset": "wine",
  "rmse_train": 0.5546228587618257,
  "rmse_test": 0.620650937843266,
  "log_score_train": -0.723306685000164,
  "log_score_test": -1.1450894937968026,
  "crps_train": 0.30383395718267026,
  "crps_test": 0.34221305768156157,
  "picp_train": 0.9666666666666667,
  "picp_test": 0.9119496855345912,
  "mpiw_train": 2.412583942955512,
  "mpiw_test": 2.2853230417798223
}