{
  "model": "PBP",
  "dataset": "kin8nm",
  "rmse_train": 0.08976130319976758,
  "rmse_test": 0.12075367377145915,
  "log_score_train": 0.9822218278590932,
  "log_score_test": 0.6526576495445542,
  "crps_train": 0.049807120987312034,
  "crps_test": 0.06687388264109381,
  "picp_train": 0.9635531135531136,
  "picp_test": 0.8931185944363104,
  "mpiw_train": 0.3895596633208386,
  "mpiw_test": 0.3898174779897243
}