{
  "model": "PNN",
  "dataset": "kin8nm",
  "rmse_train": 0.08230693075748331,
  "rmse_test": 0.08371847541502654,
  "log_score_train": 1.1820652130920835,
  "log_score_test": 1.1269946586482105,
  "crps_train": 0.04375063518417385,
  "crps_test": 0.04567529103729173,
  "picp_train": 0.9709751797097518,
  "picp_test": 0.9645909645909646,
  "mpiw_train": 0.3443547561559371,
  "mpiw_test": 0.34975252250627653
}