{
  "model": "NLM-E",
  "dataset": "concrete",
  "rmse_train": 4.028806324423145,
  "rmse_test": 6.739431042506378,
  "log_score_train": -2.679371401600132,
  "log_score_test": -3.3361531690936457,
  "crps_train": 2.1023997591467367,
  "crps_test": 3.6786997980700673,
  "picp_train": 0.9868804664723032,
  "picp_test": 0.8662790697674418,
  "mpiw_train": 18.62226140409063,
  "mpiw_test": 18.834944348531437
}