{
  "model": "PNN-E",
  "dataset": "energy",
  "rmse_train": 3.076995028482957,
  "rmse_test": 2.1591814991795513,
  "log_score_train": -1.4441297201203949,
  "log_score_test": -1.4338181675921475,
  "crps_train": 0.9461437832376467,
  "crps_test": 0.8693611680373393,
  "picp_train": 0.9956647398843931,
  "picp_test": 0.9868421052631579,
  "mpiw_train": 7.742268561722006,
  "mpiw_test": 6.691422502822857
}