{
  "model": "NLM",
  "dataset": "powerplant",
  "rmse_train": 4.0437253941391225,
  "rmse_test": 3.9800062654175896,
  "log_score_train": -2.79410086315241,
  "log_score_test": -2.78386085725155,
  "crps_train": 2.1914020660054447,
  "crps_test": 2.210590392684647,
  "picp_train": 0.9647004180213655,
  "picp_test": 0.9571129707112971,
  "mpiw_train": 16.143716512157702,
  "mpiw_test": 16.075006520327715
}