{
  "model": "DNNC-R",
  "dataset": "kin8nm",
  "rmse_train": 0.08621470292440553,
  "rmse_test": 0.09414355687879196,
  "log_score_train": 0.8774338614573346,
  "log_score_test": 0.7227949679021706,
  "crps_train": 0.05119852788222687,
  "crps_test": 0.05541855282444678,
  "picp_train": 0.9590397395903973,
  "picp_test": 0.9426129426129426,
  "mpiw_train": 0.4325546151061723,
  "mpiw_test": 0.430277473686144
}