{
  "model": "NLM",
  "dataset": "wine",
  "rmse_train": 0.5202036929038485,
  "rmse_test": 0.877830394362742,
  "log_score_train": -0.6320865663115727,
  "log_score_test": -2.0121481080235935,
  "crps_train": 0.2858063856252735,
  "crps_test": 0.5414565231801788,
  "picp_train": 0.971830985915493,
  "picp_test": 0.8202247191011236,
  "mpiw_train": 2.4816900086701748,
  "mpiw_test": 3.575084898519436
}