{
  "model": "DNNC-R",
  "dataset": "yacht",
  "rmse_train": 4.4595297975236265,
  "rmse_test": 5.8411628404808065,
  "log_score_train": -1.659607459860923,
  "log_score_test": -1.961202519528368,
  "crps_train": 3.2376069372404372,
  "crps_test": 3.722965637608743,
  "picp_train": 0.9820143884892086,
  "picp_test": 0.9333333333333333,
  "mpiw_train": 31.141913940077043,
  "mpiw_test": 29.280863993090602
}