{
  "model": "PNN",
  "dataset": "concrete",
  "rmse_train": 5.459467109837066,
  "rmse_test": 6.0587112544783,
  "log_score_train": -2.944244059397661,
  "log_score_test": -3.1698551359451295,
  "crps_train": 2.829923617991765,
  "crps_test": 3.321390807098068,
  "picp_train": 0.970873786407767,
  "picp_test": 0.9223300970873787,
  "mpiw_train": 21.09607807080501,
  "mpiw_test": 22.155606818504825
}