{
  "model": "PNN",
  "dataset": "yacht",
  "rmse_train": 3.73643420209241,
  "rmse_test": 14.723358495828071,
  "log_score_train": -1.774966956243458,
  "log_score_test": -31.73023059154542,
  "crps_train": 1.3331836901510985,
  "crps_test": 8.765099829884479,
  "picp_train": 0.9852941176470589,
  "picp_test": 0.6923076923076923,
  "mpiw_train": 11.943525377337455,
  "mpiw_test": 71.69619478758554
}