{
  "model": "NLM-E",
  "dataset": "powerplant",
  "rmse_train": 3.9822356410097153,
  "rmse_test": 4.07431610548656,
  "log_score_train": -2.7771752498111355,
  "log_score_test": -2.822476921801399,
  "crps_train": 2.1708372769822346,
  "crps_test": 2.20013639269382,
  "picp_train": 0.9707385044124478,
  "picp_test": 0.9707112970711297,
  "mpiw_train": 16.908178211172768,
  "mpiw_test": 16.80521626086981
}