{
  "model": "PNN",
  "dataset": "energy",
  "rmse_train": 2.5660587969411015,
  "rmse_test": 5.862462599501285,
  "log_score_train": -1.4281619394313008,
  "log_score_test": -1.55939422130791,
  "crps_train": 0.8498896936952254,
  "crps_test": 1.5366970235258934,
  "picp_train": 0.9494219653179191,
  "picp_test": 0.9473684210526315,
  "mpiw_train": 5.8129278429522975,
  "mpiw_test": 7.188816055179665
}