{
  "model": "MC dropout",
  "dataset": "wine",
  "rmse_train": 0.5563224049634008,
  "rmse_test": 0.6581031969234252,
  "log_score_train": -0.7422181287520181,
  "log_score_test": -0.9978016040711073,
  "crps_train": 0.30100111575006316,
  "crps_test": 0.3591506091389955,
  "picp_train": 0.9643527204502814,
  "picp_test": 0.9080675422138836,
  "mpiw_train": 2.2973862152513416,
  "mpiw_test": 2.2875475630686664
}