{
  "model": "DNNC-R",
  "dataset": "kin8nm",
  "rmse_train": 0.08704018796925804,
  "rmse_test": 0.0953751455062025,
  "log_score_train": 0.8660417709080069,
  "log_score_test": 0.7967779900005759,
  "crps_train": 0.05155321339789569,
  "crps_test": 0.05550180421119003,
  "picp_train": 0.9637867896378679,
  "picp_test": 0.9462759462759462,
  "mpiw_train": 0.4413936674218224,
  "mpiw_test": 0.43622420107637344
}