{
  "model": "NLM",
  "dataset": "energy",
  "rmse_train": 3.3969118099254487,
  "rmse_test": 5.983815582096444,
  "log_score_train": -1.44120717715554,
  "log_score_test": -1.7909210146110484,
  "crps_train": 1.0853008491872427,
  "crps_test": 1.9485878856929322,
  "picp_train": 0.9682080924855492,
  "picp_test": 0.9078947368421053,
  "mpiw_train": 8.301466102154254,
  "mpiw_test": 14.262271520449719
}