{
  "model": "DNNC-R",
  "dataset": "yacht",
  "rmse_train": 3.7195709721479706,
  "rmse_test": 3.8067962039200665,
  "log_score_train": -1.2651021551286006,
  "log_score_test": -1.2762683573650226,
  "crps_train": 4.72081994442976,
  "crps_test": 3.1697663979162742,
  "picp_train": 0.8884892086330936,
  "picp_test": 0.9333333333333333,
  "mpiw_train": 25.810704301163433,
  "mpiw_test": 19.437336793842544
}