{
  "model": "MC dropout",
  "dataset": "concrete",
  "rmse_train": 3.905257631561399,
  "rmse_test": 5.305389202598243,
  "log_score_train": -2.6449509885644438,
  "log_score_test": -3.0809146364082634,
  "crps_train": 2.025752632337041,
  "crps_test": 2.7563383723512964,
  "picp_train": 0.9913700107874865,
  "picp_test": 0.9223300970873787,
  "mpiw_train": 17.73326752819056,
  "mpiw_test": 17.159715996099372
}