{
  "model": "NLM-E",
  "dataset": "energy",
  "rmse_train": 2.977783764691791,
  "rmse_test": 2.214776012320682,
  "log_score_train": -1.340098863453325,
  "log_score_test": -1.683807001273872,
  "crps_train": 0.9137260342418048,
  "crps_test": 0.8693842548545849,
  "picp_train": 0.9971098265895953,
  "picp_test": 0.9868421052631579,
  "mpiw_train": 7.776008694318768,
  "mpiw_test": 6.898817332585753
}