{
  "model": "MC dropout",
  "dataset": "kin8nm",
  "rmse_train": 0.07789083271924534,
  "rmse_test": 0.08036950312648386,
  "log_score_train": 1.1563267223120977,
  "log_score_test": 1.1328581585740911,
  "crps_train": 0.04294658373990576,
  "crps_test": 0.04452678225053294,
  "picp_train": 0.9858944798589448,
  "picp_test": 0.9816849816849816,
  "mpiw_train": 0.38030002253221856,
  "mpiw_test": 0.37121217123304856
}