{
  "model": "NLM-E",
  "dataset": "concrete",
  "rmse_train": 3.8856888744061764,
  "rmse_test": 14.421040544982743,
  "log_score_train": -2.6157463856000214,
  "log_score_test": -4.510497874460917,
  "crps_train": 1.939253868075182,
  "crps_test": 10.929445270550083,
  "picp_train": 0.9927113702623906,
  "picp_test": 0.8168604651162791,
  "mpiw_train": 18.784002887264037,
  "mpiw_test": 111.9206085042008
}