{
  "model": "PBP",
  "dataset": "kin8nm",
  "rmse_train": 0.10189991931197309,
  "rmse_test": 0.09844300301820749,
  "log_score_train": 0.8497635032033382,
  "log_score_test": 0.8755258342006328,
  "crps_train": 0.056921041482473525,
  "crps_test": 0.055445746357124855,
  "picp_train": 0.9657571873283282,
  "picp_test": 0.9736360307579641,
  "mpiw_train": 0.45450611988513084,
  "mpiw_test": 0.45438231911225724
}