{
  "model": "MC dropout",
  "dataset": "energy",
  "rmse_train": 2.4990535627461896,
  "rmse_test": 5.662516100115913,
  "log_score_train": -1.5627768121340162,
  "log_score_test": -2.1831569836205134,
  "crps_train": 0.8799592991975413,
  "crps_test": 1.6193273630404086,
  "picp_train": 0.9841040462427746,
  "picp_test": 0.9736842105263158,
  "mpiw_train": 6.877685332717134,
  "mpiw_test": 7.770750532248723
}