{
  "model": "PBP",
  "dataset": "wine",
  "rmse_train": 0.5908075868408891,
  "rmse_test": 0.6352214956877803,
  "log_score_train": -0.890608332372872,
  "log_score_test": -0.9674428881218738,
  "crps_train": 0.3286482893500824,
  "crps_test": 0.35552000288598173,
  "picp_train": 0.9451388888888889,
  "picp_test": 0.9245283018867925,
  "mpiw_train": 2.335136959245379,
  "mpiw_test": 2.3376099048835965
}