{
  "model": "NLM",
  "dataset": "yacht",
  "rmse_train": 1.4434939566512754,
  "rmse_test": 2.9044476301169064,
  "log_score_train": -0.7918078518609294,
  "log_score_test": -1.525318745962441,
  "crps_train": 0.4718562962166272,
  "crps_test": 1.1827867299261146,
  "picp_train": 1.0,
  "picp_test": 0.9666666666666667,
  "mpiw_train": 4.221536094448228,
  "mpiw_test": 7.1822904842348105
}