{
  "model": "MC dropout",
  "dataset": "kin8nm",
  "rmse_train": 0.08145403088991862,
  "rmse_test": 0.08387150179847186,
  "log_score_train": 1.0912620994485394,
  "log_score_test": 1.0595465197285796,
  "crps_train": 0.04489651251170699,
  "crps_test": 0.0467395680959374,
  "picp_train": 0.9943035399430354,
  "picp_test": 0.9853479853479854,
  "mpiw_train": 0.4233866584171728,
  "mpiw_test": 0.41733573902005683
}