{
  "model": "DNNC-R",
  "dataset": "boston",
  "rmse_train": 3.0095567457927475,
  "rmse_test": 5.022829939312656,
  "log_score_train": -2.2715395757682773,
  "log_score_test": -2.899613945953134,
  "crps_train": 1.4604269591655639,
  "crps_test": 2.5857097572669847,
  "picp_train": 0.9584569732937686,
  "picp_test": 0.9171597633136095,
  "mpiw_train": 14.3255072439901,
  "mpiw_test": 18.37559924000182
}