{
  "model": "DNNC-R",
  "dataset": "kin8nm",
  "rmse_train": 0.08145786716586989,
  "rmse_test": 0.11349763639140571,
  "log_score_train": 0.9221063909980255,
  "log_score_test": 0.34676247116773545,
  "crps_train": 0.04861237562738523,
  "crps_test": 0.06743006547152577,
  "picp_train": 0.9655677655677656,
  "picp_test": 0.8433382137628112,
  "mpiw_train": 0.42285512605175,
  "mpiw_test": 0.3827542409423121
}