{
  "model": "PNN",
  "dataset": "yacht",
  "rmse_train": 1.394730907026134,
  "rmse_test": 2.7724620640318873,
  "log_score_train": -1.2353718009218277,
  "log_score_test": -1.6311148803338573,
  "crps_train": 0.5929073546601576,
  "crps_test": 1.1210653324541722,
  "picp_train": 0.9640287769784173,
  "picp_test": 0.8333333333333334,
  "mpiw_train": 4.411091156365189,
  "mpiw_test": 4.690247737927311
}