{
  "model": "NLM-E",
  "dataset": "kin8nm",
  "rmse_train": 0.07507161449951713,
  "rmse_test": 0.07017881189903802,
  "log_score_train": 1.2723362679340209,
  "log_score_test": 1.2783417017437733,
  "crps_train": 0.03945958347525803,
  "crps_test": 0.038674808826932756,
  "picp_train": 0.990661051089544,
  "picp_test": 0.9787623581105822,
  "mpiw_train": 0.35335589918902033,
  "mpiw_test": 0.3177651364793457
}