{
  "model": "PBP",
  "dataset": "energy",
  "rmse_train": 2.9608015209821956,
  "rmse_test": 2.50753839136426,
  "log_score_train": -2.280309685677073,
  "log_score_test": -2.3164255437358694,
  "crps_train": 1.3676601450131267,
  "crps_test": 1.329263310279261,
  "picp_train": 0.9479768786127167,
  "picp_test": 0.9210526315789473,
  "mpiw_train": 10.707643262756717,
  "mpiw_test": 10.65245619822244
}