{
  "model": "NLM-E",
  "dataset": "concrete",
  "rmse_train": 4.438612515251633,
  "rmse_test": 5.036235758646133,
  "log_score_train": -2.798683333361161,
  "log_score_test": -2.828791494418014,
  "crps_train": 2.3517946351504864,
  "crps_test": 2.546948112912031,
  "picp_train": 0.9892125134843581,
  "picp_test": 0.970873786407767,
  "mpiw_train": 22.459895206793256,
  "mpiw_test": 21.918895111712846
}