{
  "model": "MC dropout",
  "dataset": "kin8nm",
  "rmse_train": 0.09457882674917852,
  "rmse_test": 0.10165943996404059,
  "log_score_train": 1.0679132244804748,
  "log_score_test": 1.0151082533653786,
  "crps_train": 0.04907192688151432,
  "crps_test": 0.05230469349554536,
  "picp_train": 0.9915909399159094,
  "picp_test": 0.9829059829059829,
  "mpiw_train": 0.4414156132097445,
  "mpiw_test": 0.44197522605108275
}