{
  "model": "PNN",
  "dataset": "concrete",
  "rmse_train": 5.000380423672892,
  "rmse_test": 6.660591857660133,
  "log_score_train": -2.909529482065891,
  "log_score_test": -3.633826466636625,
  "crps_train": 2.641896234052894,
  "crps_test": 3.7554029132523756,
  "picp_train": 0.9650655021834061,
  "picp_test": 0.8425655976676385,
  "mpiw_train": 20.848167773256456,
  "mpiw_test": 18.417627381769133
}