{
  "model": "DNNC-R",
  "dataset": "wine",
  "rmse_train": 0.5190796046802502,
  "rmse_test": 0.6350351751144893,
  "log_score_train": -0.16704741128943248,
  "log_score_test": -0.4601623407163302,
  "crps_train": 0.2747088174640154,
  "crps_test": 0.3375557171353609,
  "picp_train": 0.9634146341463414,
  "picp_test": 0.926829268292683,
  "mpiw_train": 2.375111684324885,
  "mpiw_test": 2.362003209051034
}