{
  "model": "PBP",
  "dataset": "wine",
  "rmse_train": 0.5815081334688749,
  "rmse_test": 0.6717485921151854,
  "log_score_train": -0.8753087099567821,
  "log_score_test": -1.031635604294374,
  "crps_train": 0.3248660024043082,
  "crps_test": 0.36820472064733395,
  "picp_train": 0.9513888888888888,
  "picp_test": 0.89937106918239,
  "mpiw_train": 2.3185613138651466,
  "mpiw_test": 2.319759056577885
}