{
  "model": "PNN",
  "dataset": "kin8nm",
  "rmse_train": 0.08321932285910884,
  "rmse_test": 0.09144615251961737,
  "log_score_train": 1.2107555090031061,
  "log_score_test": 1.0697862862924232,
  "crps_train": 0.0434888898257605,
  "crps_test": 0.04843611735935613,
  "picp_train": 0.9434422894344229,
  "picp_test": 0.9169719169719169,
  "mpiw_train": 0.2926685111534398,
  "mpiw_test": 0.296553832445586
}