{
  "model": "PNN",
  "dataset": "kin8nm",
  "rmse_train": 0.0831878689544477,
  "rmse_test": 0.07700982461319938,
  "log_score_train": 1.1992425538886837,
  "log_score_test": 1.1813529914209457,
  "crps_train": 0.04373777859813888,
  "crps_test": 0.042159923216285596,
  "picp_train": 0.9412195568577184,
  "picp_test": 0.9205419260344196,
  "mpiw_train": 0.2870597443723849,
  "mpiw_test": 0.2609821878639309
}