{
  "model": "NLM-E",
  "dataset": "boston",
  "rmse_train": 2.4060028728400784,
  "rmse_test": 5.118265505202097,
  "log_score_train": -1.7179184703014638,
  "log_score_test": -3.316676335601379,
  "crps_train": 0.8647536829041199,
  "crps_test": 2.7767628231722123,
  "picp_train": 0.9940476190476191,
  "picp_test": 0.8411764705882353,
  "mpiw_train": 8.317453708932367,
  "mpiw_test": 15.675594619842716
}