{
  "model": "MC dropout",
  "dataset": "boston",
  "rmse_train": 3.2042703146229656,
  "rmse_test": 4.370288911517185,
  "log_score_train": -2.2836072778044842,
  "log_score_test": -2.3600515854088293,
  "crps_train": 1.4538109852799006,
  "crps_test": 1.6306768157164473,
  "picp_train": 0.9802631578947368,
  "picp_test": 0.96,
  "mpiw_train": 12.57405403720728,
  "mpiw_test": 11.667148965859926
}