{
  "model": "PBP",
  "dataset": "yacht",
  "rmse_train": 0.9007033647374669,
  "rmse_test": 1.104882702533182,
  "log_score_train": -1.618825846995914,
  "log_score_test": -1.6858925608349593,
  "crps_train": 0.5728346591021617,
  "crps_test": 0.6650638265202506,
  "picp_train": 0.9928057553956835,
  "picp_test": 1.0,
  "mpiw_train": 7.016138500992238,
  "mpiw_test": 7.005584480941078
}