{
  "model": "MC dropout",
  "dataset": "boston",
  "rmse_train": 2.4967427975000187,
  "rmse_test": 3.623020456482702,
  "log_score_train": -1.7917131052635074,
  "log_score_test": -3.8179489715467927,
  "crps_train": 0.9786320301675311,
  "crps_test": 1.9208061198918864,
  "picp_train": 0.9780701754385965,
  "picp_test": 0.82,
  "mpiw_train": 7.890934408937517,
  "mpiw_test": 7.388400457038518
}