{
  "model": "PNN-E",
  "dataset": "kin8nm",
  "rmse_train": 0.0714963452498255,
  "rmse_test": 0.07233726980918925,
  "log_score_train": 1.2653676943342815,
  "log_score_test": 1.239389644591222,
  "crps_train": 0.03877403442778985,
  "crps_test": 0.03979535661398731,
  "picp_train": 0.989149599891496,
  "picp_test": 0.9865689865689866,
  "mpiw_train": 0.3498184799635131,
  "mpiw_test": 0.35249337072658377
}