{
  "model": "PNN",
  "dataset": "concrete",
  "rmse_train": 4.9897867495417785,
  "rmse_test": 6.438834127800232,
  "log_score_train": -2.8037579151489593,
  "log_score_test": -3.234661168803994,
  "crps_train": 2.5075086186244473,
  "crps_test": 3.291707489828029,
  "picp_train": 0.9697950377562028,
  "picp_test": 0.8543689320388349,
  "mpiw_train": 19.336480450411486,
  "mpiw_test": 18.73957201976056
}