{
  "model": "PBP",
  "dataset": "wine",
  "rmse_train": 0.6118355402578486,
  "rmse_test": 0.5703951488538211,
  "log_score_train": -0.9269671264116673,
  "log_score_test": -0.8633011598803946,
  "crps_train": 0.3412120134131044,
  "crps_test": 0.31837934173533833,
  "picp_train": 0.9446529080675422,
  "picp_test": 0.9681050656660413,
  "mpiw_train": 2.446366782387297,
  "mpiw_test": 2.4408469447360797
}