{
  "model": "DNNC-R",
  "dataset": "energy",
  "rmse_train": 2.467704682253618,
  "rmse_test": 3.077188870527397,
  "log_score_train": -1.7194325512948772,
  "log_score_test": -1.9482324347410493,
  "crps_train": 0.9312798090581189,
  "crps_test": 1.0549427924230041,
  "picp_train": 0.9783236994219653,
  "picp_test": 0.9736842105263158,
  "mpiw_train": 8.633065840229111,
  "mpiw_test": 8.383513817670327
}