{
  "model": "PNN-E",
  "dataset": "kin8nm",
  "rmse_train": 0.0733322563180561,
  "rmse_test": 0.0766029648304954,
  "log_score_train": 1.2468293070939107,
  "log_score_test": 1.2368933151104078,
  "crps_train": 0.03955525125014902,
  "crps_test": 0.04075739565101846,
  "picp_train": 0.9912104010254532,
  "picp_test": 0.9868180153789821,
  "mpiw_train": 0.3611294296828228,
  "mpiw_test": 0.3474581776277991
}