{
  "model": "MC dropout",
  "dataset": "wine",
  "rmse_train": 0.6035172637027708,
  "rmse_test": 0.7053461580946292,
  "log_score_train": -0.8884264119580974,
  "log_score_test": -0.9880655403756484,
  "crps_train": 0.3436490346847577,
  "crps_test": 0.37950300395708947,
  "picp_train": 0.9770833333333333,
  "picp_test": 0.9433962264150944,
  "mpiw_train": 2.9850136643586778,
  "mpiw_test": 2.8148790124855507
}