{
  "model": "PNN-E",
  "dataset": "wine",
  "rmse_train": 0.5138731307181752,
  "rmse_test": 0.7436993088623015,
  "log_score_train": -0.6318474112443447,
  "log_score_test": -1.126814228558469,
  "crps_train": 0.2741945556032241,
  "crps_test": 0.4064005640708566,
  "picp_train": 0.9708920187793427,
  "picp_test": 0.9138576779026217,
  "mpiw_train": 2.171031644195777,
  "mpiw_test": 2.5429205166817024
}