{
  "model": "NLM-E",
  "dataset": "powerplant",
  "rmse_train": 3.8766137579845927,
  "rmse_test": 6.227866172838835,
  "log_score_train": -2.7433308800294176,
  "log_score_test": -3.182618599751899,
  "crps_train": 2.1029011863229763,
  "crps_test": 3.3555985649678663,
  "picp_train": 0.9719347757917842,
  "picp_test": 0.9667711598746082,
  "mpiw_train": 16.398226572302296,
  "mpiw_test": 23.412366904962397
}