{
  "model": "NLM",
  "dataset": "powerplant",
  "rmse_train": 4.0548744030637485,
  "rmse_test": 4.111176530469882,
  "log_score_train": -2.794465356910309,
  "log_score_test": -2.810616464470045,
  "crps_train": 2.1969680392788287,
  "crps_test": 2.2140610248038035,
  "picp_train": 0.9504180213655364,
  "picp_test": 0.948744769874477,
  "mpiw_train": 15.133830366337474,
  "mpiw_test": 15.196822704973592
}