{
  "model": "NLM",
  "dataset": "wine",
  "rmse_train": 0.5642948276188724,
  "rmse_test": 0.627107553932153,
  "log_score_train": -0.6984825632354196,
  "log_score_test": -1.057931728369288,
  "crps_train": 0.30098844454967577,
  "crps_test": 0.3546830832120911,
  "picp_train": 0.9534722222222223,
  "picp_test": 0.9245283018867925,
  "mpiw_train": 2.1907262650542685,
  "mpiw_test": 2.313797640578508
}