{
  "model": "PNN-E",
  "dataset": "wine",
  "rmse_train": 0.5190040712123879,
  "rmse_test": 0.7733274693515031,
  "log_score_train": -0.6465976284850383,
  "log_score_test": -1.2460467936324406,
  "crps_train": 0.27815627189636116,
  "crps_test": 0.4378680845613764,
  "picp_train": 0.9784037558685446,
  "picp_test": 0.9063670411985019,
  "mpiw_train": 2.327030832546346,
  "mpiw_test": 3.1951125417155075
}