{
  "model": "DNNC-R",
  "dataset": "boston",
  "rmse_train": 2.020368661018653,
  "rmse_test": 3.284394347671101,
  "log_score_train": -2.1146008388947344,
  "log_score_test": -3.146257874033834,
  "crps_train": 1.1223775857219778,
  "crps_test": 1.7894239809147081,
  "picp_train": 0.956140350877193,
  "picp_test": 0.86,
  "mpiw_train": 10.358168425131685,
  "mpiw_test": 10.704118606717053
}