{
  "model": "MC dropout",
  "dataset": "boston",
  "rmse_train": 2.998236273736774,
  "rmse_test": 8.700692755817043,
  "log_score_train": -2.376062466951095,
  "log_score_test": -2.91765743022903,
  "crps_train": 1.4911969250889747,
  "crps_test": 3.1814180349310384,
  "picp_train": 0.9970238095238095,
  "picp_test": 0.9823529411764705,
  "mpiw_train": 15.747804462182453,
  "mpiw_test": 25.753870073807786
}