{
  "model": "PBP",
  "dataset": "boston",
  "rmse_train": 2.0872319309323912,
  "rmse_test": 22.562495374574024,
  "log_score_train": -2.1438149303099756,
  "log_score_test": -6.244227123272171,
  "crps_train": 1.118591738799039,
  "crps_test": 11.697658134393635,
  "picp_train": 0.9702380952380952,
  "picp_test": 0.5352941176470588,
  "mpiw_train": 9.012004921438086,
  "mpiw_test": 17.682487574450864
}