{
  "model": "NLM-E",
  "dataset": "wine",
  "rmse_train": 0.5806158521297027,
  "rmse_test": 0.6157768348933852,
  "log_score_train": -0.7392223389271276,
  "log_score_test": -0.8727873891722302,
  "crps_train": 0.30947414189113087,
  "crps_test": 0.3288837213474898,
  "picp_train": 0.9583333333333334,
  "picp_test": 0.9433962264150944,
  "mpiw_train": 2.2335196052082837,
  "mpiw_test": 2.3545132753785234
}