{
  "model": "PNN",
  "dataset": "kin8nm",
  "rmse_train": 0.08234861076149758,
  "rmse_test": 0.08481823105558686,
  "log_score_train": 1.1355964946111057,
  "log_score_test": 1.106963276737923,
  "crps_train": 0.04492265231921476,
  "crps_test": 0.046418926889863946,
  "picp_train": 0.9749130195934811,
  "picp_test": 0.9681435371658733,
  "mpiw_train": 0.3758511663617466,
  "mpiw_test": 0.3637503680920746
}