{
  "model": "PNN",
  "dataset": "wine",
  "rmse_train": 0.5649244084646263,
  "rmse_test": 0.6290508899403489,
  "log_score_train": -0.7044574040253017,
  "log_score_test": -1.1459662682561487,
  "crps_train": 0.2997734288027992,
  "crps_test": 0.35274764025818517,
  "picp_train": 0.9493055555555555,
  "picp_test": 0.9119496855345912,
  "mpiw_train": 2.0984058126215737,
  "mpiw_test": 2.2552903113889737
}