{
  "model": "DNNC-R",
  "dataset": "kin8nm",
  "rmse_train": 0.08922454516845614,
  "rmse_test": 0.09762912907525298,
  "log_score_train": 0.8264480252418442,
  "log_score_test": 0.7731970314728462,
  "crps_train": 0.053258592737585674,
  "crps_test": 0.058178849035742934,
  "picp_train": 0.9675883537813588,
  "picp_test": 0.963383376052728,
  "mpiw_train": 0.4621733910084689,
  "mpiw_test": 0.4750599249408447
}