{
  "model": "NLM-E",
  "dataset": "boston",
  "rmse_train": 2.474405783544612,
  "rmse_test": 3.5796481229034427,
  "log_score_train": -2.0612229481217534,
  "log_score_test": -2.380383231041065,
  "crps_train": 1.1394486214027897,
  "crps_test": 1.5366147256247331,
  "picp_train": 0.9881305637982196,
  "picp_test": 0.9289940828402367,
  "mpiw_train": 11.236104931006777,
  "mpiw_test": 10.436678661814975
}