{
  "model": "MC dropout",
  "dataset": "yacht",
  "rmse_train": 3.566516081171714,
  "rmse_test": 3.5263488158915908,
  "log_score_train": -2.4410112589121895,
  "log_score_test": -2.4357338941419275,
  "crps_train": 1.696702586486198,
  "crps_test": 1.6883288851668512,
  "picp_train": 1.0,
  "picp_test": 1.0,
  "mpiw_train": 20.77217804508211,
  "mpiw_test": 19.90649871127593
}