{
  "model": "DNNC-R",
  "dataset": "concrete",
  "rmse_train": 4.360595118265052,
  "rmse_test": 8.056385404070221,
  "log_score_train": -2.9488225934270393,
  "log_score_test": -4.043536211530608,
  "crps_train": 2.4903299658114606,
  "crps_test": 4.448354439041539,
  "picp_train": 0.9519650655021834,
  "picp_test": 0.8542274052478134,
  "mpiw_train": 20.422229733214955,
  "mpiw_test": 23.45298500382756
}