{
  "model": "DNNC-R",
  "dataset": "kin8nm",
  "rmse_train": 0.08324454120318245,
  "rmse_test": 0.08831054191284085,
  "log_score_train": 0.8914541101679969,
  "log_score_test": 0.8289661854355865,
  "crps_train": 0.04961800070530464,
  "crps_test": 0.052440202673410825,
  "picp_train": 0.9624304896243049,
  "picp_test": 0.9499389499389499,
  "mpiw_train": 0.42627749638122286,
  "mpiw_test": 0.42997231710542044
}