{
  "model": "PNN",
  "dataset": "boston",
  "rmse_train": 2.92901086888366,
  "rmse_test": 4.0243829825027175,
  "log_score_train": -2.0197554654853116,
  "log_score_test": -4.278850311028195,
  "crps_train": 1.1883656867746835,
  "crps_test": 2.334814317056391,
  "picp_train": 0.9376854599406528,
  "picp_test": 0.7455621301775148,
  "mpiw_train": 8.143849400239827,
  "mpiw_test": 9.42660972829188
}