{
  "model": "PNN",
  "dataset": "kin8nm",
  "rmse_train": 0.08896476584260733,
  "rmse_test": 0.09053650664777624,
  "log_score_train": 1.1297273180789755,
  "log_score_test": 1.117591231802691,
  "crps_train": 0.04694826035173464,
  "crps_test": 0.04753759255642264,
  "picp_train": 0.946346822926204,
  "picp_test": 0.9428780666422556,
  "mpiw_train": 0.3217468023452255,
  "mpiw_test": 0.3151506901256905
}