{
  "model": "MC dropout",
  "dataset": "wine",
  "rmse_train": 0.5311941564023753,
  "rmse_test": 0.7591785602562355,
  "log_score_train": -0.6677436979536384,
  "log_score_test": -1.252086330965369,
  "crps_train": 0.28481538391050154,
  "crps_test": 0.42532990285828026,
  "picp_train": 0.9774647887323944,
  "picp_test": 0.9101123595505618,
  "mpiw_train": 2.3470740263456196,
  "mpiw_test": 2.8855298205996487
}