{
  "model": "DNNC-R",
  "dataset": "yacht",
  "rmse_train": 4.285315614577023,
  "rmse_test": 5.12461567451195,
  "log_score_train": -1.6418617551001258,
  "log_score_test": -1.7990037299609898,
  "crps_train": 2.7399762887647476,
  "crps_test": 4.152378746447109,
  "picp_train": 0.9712230215827338,
  "picp_test": 0.9333333333333333,
  "mpiw_train": 26.641811238987305,
  "mpiw_test": 34.48038377256755
}