{
  "model": "MC dropout",
  "dataset": "boston",
  "rmse_train": 3.3847570601651906,
  "rmse_test": 4.811969500277869,
  "log_score_train": -2.453608967647626,
  "log_score_test": -2.81507156877911,
  "crps_train": 1.6239412322399733,
  "crps_test": 2.4492585520307832,
  "picp_train": 0.9910714285714286,
  "picp_test": 0.9823529411764705,
  "mpiw_train": 17.41891693049402,
  "mpiw_test": 25.444218649015628
}