{
  "model": "DNNC-R",
  "dataset": "energy",
  "rmse_train": 2.465556880506077,
  "rmse_test": 2.5766663277444186,
  "log_score_train": -1.998612196139251,
  "log_score_test": -2.1447334886254716,
  "crps_train": 1.1195258329703037,
  "crps_test": 1.057790850585894,
  "picp_train": 0.953757225433526,
  "picp_test": 0.9605263157894737,
  "mpiw_train": 11.519733930256276,
  "mpiw_test": 10.915913153046608
}