{
  "model": "PNN",
  "dataset": "kin8nm",
  "rmse_train": 0.08247069450770658,
  "rmse_test": 0.0821469457830265,
  "log_score_train": 1.194781962232274,
  "log_score_test": 1.16464698466111,
  "crps_train": 0.04365252570807841,
  "crps_test": 0.04414661225294681,
  "picp_train": 0.9693476196934762,
  "picp_test": 0.9584859584859585,
  "mpiw_train": 0.3343222955438008,
  "mpiw_test": 0.32954932808861104
}