{
  "model": "PNN",
  "dataset": "yacht",
  "rmse_train": 1.0197933169122892,
  "rmse_test": 1.0615846896544507,
  "log_score_train": -1.0263755483379304,
  "log_score_test": -1.6039598185805641,
  "crps_train": 0.4460849437228934,
  "crps_test": 0.5983698532961308,
  "picp_train": 0.9424460431654677,
  "picp_test": 0.7666666666666667,
  "mpiw_train": 3.594699992422944,
  "mpiw_test": 3.377764637975221
}