{
  "model": "NLM-E",
  "dataset": "boston",
  "rmse_train": 2.8410371377533705,
  "rmse_test": 3.431927929046593,
  "log_score_train": -1.9275022218473354,
  "log_score_test": -2.960094137009504,
  "crps_train": 1.1131422996397864,
  "crps_test": 1.6942937491863006,
  "picp_train": 0.9890350877192983,
  "picp_test": 0.9,
  "mpiw_train": 9.477034623432019,
  "mpiw_test": 8.497173111444901
}