{
  "model": "DNNC-R",
  "dataset": "kin8nm",
  "rmse_train": 0.08707251111929047,
  "rmse_test": 0.0910892953180585,
  "log_score_train": 0.8488081451323267,
  "log_score_test": 0.7971347719674027,
  "crps_train": 0.051997639328010194,
  "crps_test": 0.05426083890696369,
  "picp_train": 0.9618879696188797,
  "picp_test": 0.9597069597069597,
  "mpiw_train": 0.4502280023927229,
  "mpiw_test": 0.4493276962343516
}