{
  "model": "DNNC-R",
  "dataset": "energy",
  "rmse_train": 2.121458267029223,
  "rmse_test": 5.568469028998431,
  "log_score_train": -1.6312952616939762,
  "log_score_test": -3.6023051639886545,
  "crps_train": 0.8966769592614159,
  "crps_test": 1.750863250625809,
  "picp_train": 0.9638728323699421,
  "picp_test": 0.9078947368421053,
  "mpiw_train": 8.05060549898178,
  "mpiw_test": 8.474546340465858
}