{
  "model": "PNN",
  "dataset": "powerplant",
  "rmse_train": 4.104257662052,
  "rmse_test": 3.8429582237921527,
  "log_score_train": -2.807163574112563,
  "log_score_test": -2.7527188014849604,
  "crps_train": 2.2251333166292793,
  "crps_test": 2.149431523464221,
  "picp_train": 0.9595912679981421,
  "picp_test": 0.9560669456066946,
  "mpiw_train": 15.646756290652759,
  "mpiw_test": 15.492351389359913
}