{
  "model": "NLM",
  "dataset": "concrete",
  "rmse_train": 4.735120229101805,
  "rmse_test": 6.931065001114893,
  "log_score_train": -2.7907738432393936,
  "log_score_test": -3.539493543433718,
  "crps_train": 2.4171676174927508,
  "crps_test": 3.322762743116998,
  "picp_train": 0.9838187702265372,
  "picp_test": 0.9611650485436893,
  "mpiw_train": 20.426248080514473,
  "mpiw_test": 19.536087126854603
}