{
  "model": "NLM-E",
  "dataset": "boston",
  "rmse_train": 2.7132780551147597,
  "rmse_test": 3.493036389906233,
  "log_score_train": -1.9383126420102572,
  "log_score_test": -2.5875666982140686,
  "crps_train": 1.0735254016285904,
  "crps_test": 1.8171463108725348,
  "picp_train": 0.9940652818991098,
  "picp_test": 0.9349112426035503,
  "mpiw_train": 10.353289898673236,
  "mpiw_test": 12.688443512962941
}