{
  "model": "MC dropout",
  "dataset": "energy",
  "rmse_train": 4.823376255055402,
  "rmse_test": 6.7138652864861665,
  "log_score_train": -1.4620151968595247,
  "log_score_test": -1.5456955966497379,
  "crps_train": 1.0211688132851122,
  "crps_test": 1.4098787615015937,
  "picp_train": 0.994140625,
  "picp_test": 1.0,
  "mpiw_train": 10.353429247677521,
  "mpiw_test": 13.712148482214179
}