{
  "model": "NLM-E",
  "dataset": "energy",
  "rmse_train": 3.006758387883056,
  "rmse_test": 2.1483780564700035,
  "log_score_train": -1.4938973679607384,
  "log_score_test": -1.9084992589065346,
  "crps_train": 0.9476972661320993,
  "crps_test": 0.9618148872152595,
  "picp_train": 0.9985549132947977,
  "picp_test": 0.9868421052631579,
  "mpiw_train": 9.161439649027692,
  "mpiw_test": 8.751728489415962
}