{
  "model": "PNN-E",
  "dataset": "wine",
  "rmse_train": 0.5540389372414708,
  "rmse_test": 0.6926620427639976,
  "log_score_train": -0.7334697473903142,
  "log_score_test": -1.150535382654718,
  "crps_train": 0.3228053578821393,
  "crps_test": 0.37675652930560355,
  "picp_train": 0.9659722222222222,
  "picp_test": 0.9119496855345912,
  "mpiw_train": 2.7687788312891612,
  "mpiw_test": 2.430561557970197
}