{
  "model": "PBP",
  "dataset": "kin8nm",
  "rmse_train": 0.09602792732611327,
  "rmse_test": 0.09824344494238534,
  "log_score_train": 0.91683029100731,
  "log_score_test": 0.897319421961383,
  "crps_train": 0.05336350593041965,
  "crps_test": 0.05360240017802005,
  "picp_train": 0.9598535195985352,
  "picp_test": 0.9523809523809523,
  "mpiw_train": 0.411626311774291,
  "mpiw_test": 0.4116289268037219
}