{
  "model": "MC dropout",
  "dataset": "kin8nm",
  "rmse_train": 0.08216154865262452,
  "rmse_test": 0.07950134669234012,
  "log_score_train": 1.1453795351385143,
  "log_score_test": 1.1501859020142002,
  "crps_train": 0.04425235129133417,
  "crps_test": 0.043696666252522144,
  "picp_train": 0.987364951474089,
  "picp_test": 0.9703405346027096,
  "mpiw_train": 0.3833005840929602,
  "mpiw_test": 0.34490821854664616
}