{
  "model": "NLM",
  "dataset": "boston",
  "rmse_train": 2.930674870964648,
  "rmse_test": 3.991024728435176,
  "log_score_train": -1.9059623155873324,
  "log_score_test": -2.5134336584981734,
  "crps_train": 1.0768489345997738,
  "crps_test": 1.9685665906062095,
  "picp_train": 0.9758771929824561,
  "picp_test": 0.88,
  "mpiw_train": 9.015938468791113,
  "mpiw_test": 15.412654038956676
}