{
  "model": "DNNC-R",
  "dataset": "energy",
  "rmse_train": 2.1341916398662333,
  "rmse_test": 1.7985736528726095,
  "log_score_train": -1.6862511962563451,
  "log_score_test": -1.616240002901879,
  "crps_train": 0.912273712920888,
  "crps_test": 0.9012262063160673,
  "picp_train": 0.9826589595375722,
  "picp_test": 0.9868421052631579,
  "mpiw_train": 8.758475250866768,
  "mpiw_test": 9.593671619594097
}