{
  "model": "DNNC-R",
  "dataset": "wine",
  "rmse_train": 0.5230187297506378,
  "rmse_test": 0.5934779533882186,
  "log_score_train": -0.0753852713182235,
  "log_score_test": -0.15662712447091764,
  "crps_train": 0.2702884791219257,
  "crps_test": 0.3129701561060381,
  "picp_train": 0.9631944444444445,
  "picp_test": 0.9622641509433962,
  "mpiw_train": 2.270682277571705,
  "mpiw_test": 2.3176534489200695
}