{
  "model": "DNNC-R",
  "dataset": "yacht",
  "rmse_train": 5.125216109242969,
  "rmse_test": 6.776965663968919,
  "log_score_train": -1.7539427344791496,
  "log_score_test": -2.3745636298060195,
  "crps_train": 3.5150632652892284,
  "crps_test": 3.8833471006649423,
  "picp_train": 0.9820143884892086,
  "picp_test": 0.9333333333333333,
  "mpiw_train": 30.896191096806838,
  "mpiw_test": 30.491252773469295
}