{
  "model": "DNNC-R",
  "dataset": "concrete",
  "rmse_train": 4.463835954527642,
  "rmse_test": 10.873183544626594,
  "log_score_train": -2.9886415972642886,
  "log_score_test": -7.096933702808832,
  "crps_train": 2.5640321882073587,
  "crps_test": 6.28271869687471,
  "picp_train": 0.9591836734693877,
  "picp_test": 0.627906976744186,
  "mpiw_train": 22.00718237617419,
  "mpiw_test": 15.477141439978553
}