{
  "model": "PBP",
  "dataset": "boston",
  "rmse_train": 2.189708407966011,
  "rmse_test": 5.10181786902096,
  "log_score_train": -2.196404621938025,
  "log_score_test": -3.875830884689189,
  "crps_train": 1.1687525441725797,
  "crps_test": 2.5402022272760725,
  "picp_train": 0.9584569732937686,
  "picp_test": 0.8047337278106509,
  "mpiw_train": 9.264929144871552,
  "mpiw_test": 9.230267618538658
}