{
  "model": "MC dropout",
  "dataset": "kin8nm",
  "rmse_train": 0.08607048524108347,
  "rmse_test": 0.08835759021408739,
  "log_score_train": 1.1054347104326314,
  "log_score_test": 1.0564367316463428,
  "crps_train": 0.04630134076723566,
  "crps_test": 0.0483968224543254,
  "picp_train": 0.9827749898277499,
  "picp_test": 0.9694749694749695,
  "mpiw_train": 0.37902888762852094,
  "mpiw_test": 0.3834277419864365
}