{
  "model": "MC dropout",
  "dataset": "yacht",
  "rmse_train": 1.2770292183534322,
  "rmse_test": 1.2432976431358318,
  "log_score_train": -2.0726000918813257,
  "log_score_test": -2.0688573704735993,
  "crps_train": 0.8900084562165699,
  "crps_test": 0.8946632334808842,
  "picp_train": 1.0,
  "picp_test": 1.0,
  "mpiw_train": 12.272119415218373,
  "mpiw_test": 12.121410663694544
}