{
  "model": "PNN-E",
  "dataset": "boston",
  "rmse_train": 1.8139349124107373,
  "rmse_test": 6.081950388158468,
  "log_score_train": -1.8937937512483367,
  "log_score_test": -3.305649952890616,
  "crps_train": 0.926883777960789,
  "crps_test": 3.0056833316944407,
  "picp_train": 0.9910714285714286,
  "picp_test": 0.8588235294117647,
  "mpiw_train": 9.636325726535611,
  "mpiw_test": 15.58468175535819
}