{
  "model": "DNNC-R",
  "dataset": "wine",
  "rmse_train": 0.5274031886990806,
  "rmse_test": 0.6402910434520418,
  "log_score_train": -0.06615572530504774,
  "log_score_test": -0.2603329762507152,
  "crps_train": 0.27227789822657855,
  "crps_test": 0.3414746398151049,
  "picp_train": 0.9625,
  "picp_test": 0.9433962264150944,
  "mpiw_train": 2.2245560390830694,
  "mpiw_test": 2.2563859603801695
}