{
  "model": "DNNC-R",
  "dataset": "energy",
  "rmse_train": 1.389387190168538,
  "rmse_test": 12.13822428975635,
  "log_score_train": -1.296996755622491,
  "log_score_test": -219.28834380672225,
  "crps_train": 0.6862779162889909,
  "crps_test": 9.605777614169451,
  "picp_train": 0.951171875,
  "picp_test": 0.0390625,
  "mpiw_train": 5.63348941425406,
  "mpiw_test": 3.5819164615048753
}