{
  "model": "NLM",
  "dataset": "kin8nm",
  "rmse_train": 0.07842690588947925,
  "rmse_test": 0.08039261359046362,
  "log_score_train": 1.2461898220690377,
  "log_score_test": 1.2107051157472786,
  "crps_train": 0.04139804542932819,
  "crps_test": 0.042710504864563126,
  "picp_train": 0.9644649396446494,
  "picp_test": 0.9584859584859585,
  "mpiw_train": 0.30612798829014864,
  "mpiw_test": 0.3091966106311282
}