{
  "model": "DNNC-R",
  "dataset": "concrete",
  "rmse_train": 4.763790343018743,
  "rmse_test": 4.9173727178482505,
  "log_score_train": -2.94554231625195,
  "log_score_test": -3.061663020128901,
  "crps_train": 2.607666025717359,
  "crps_test": 2.763411986028677,
  "picp_train": 0.9514563106796117,
  "picp_test": 0.9514563106796117,
  "mpiw_train": 20.669417552966767,
  "mpiw_test": 21.333406617424583
}