{
  "model": "NLM-E",
  "dataset": "boston",
  "rmse_train": 2.6772740758211357,
  "rmse_test": 3.245949024681552,
  "log_score_train": -1.8816238869328097,
  "log_score_test": -2.708023457679795,
  "crps_train": 1.0501642609119688,
  "crps_test": 1.720733748696865,
  "picp_train": 0.9881305637982196,
  "picp_test": 0.9053254437869822,
  "mpiw_train": 9.634631092846321,
  "mpiw_test": 11.270831176322377
}