{
  "model": "PNN",
  "dataset": "powerplant",
  "rmse_train": 4.23523637753375,
  "rmse_test": 4.157888903995712,
  "log_score_train": -2.840058332584836,
  "log_score_test": -2.8534959162647375,
  "crps_train": 2.297985793779288,
  "crps_test": 2.3181792376321555,
  "picp_train": 0.9554789151904687,
  "picp_test": 0.9360301034807149,
  "mpiw_train": 16.277058052338717,
  "mpiw_test": 15.023363145326298
}