{
  "model": "PNN-E",
  "dataset": "kin8nm",
  "rmse_train": 0.07078214110878464,
  "rmse_test": 0.08009834079450152,
  "log_score_train": 1.2688729469108053,
  "log_score_test": 1.191975700603956,
  "crps_train": 0.03850209920170457,
  "crps_test": 0.04259422936555312,
  "picp_train": 0.9890139698901397,
  "picp_test": 0.9853479853479854,
  "mpiw_train": 0.3485134689395033,
  "mpiw_test": 0.3510279560893264
}