{
  "model": "PNN",
  "dataset": "kin8nm",
  "rmse_train": 0.09360177886700499,
  "rmse_test": 0.0907765803445664,
  "log_score_train": 1.086416146153758,
  "log_score_test": 1.0653071373142917,
  "crps_train": 0.04904996511979834,
  "crps_test": 0.04897353906279248,
  "picp_train": 0.9683208203625709,
  "picp_test": 0.9465397290369828,
  "mpiw_train": 0.3670125084983505,
  "mpiw_test": 0.33568492715814147
}