{
  "model": "PBP",
  "dataset": "kin8nm",
  "rmse_train": 0.09553701179672257,
  "rmse_test": 0.09824020872843998,
  "log_score_train": 0.9216076088882498,
  "log_score_test": 0.8977073899990848,
  "crps_train": 0.05294248203650687,
  "crps_test": 0.054850419281071025,
  "picp_train": 0.9576834395768344,
  "picp_test": 0.9548229548229549,
  "mpiw_train": 0.4103733502145354,
  "mpiw_test": 0.4103764856600944
}