{
  "model": "NLM",
  "dataset": "yacht",
  "rmse_train": 1.5826078782531399,
  "rmse_test": 1.2442191471495865,
  "log_score_train": -1.1410413711371323,
  "log_score_test": -1.1936681107872067,
  "crps_train": 0.587480574209047,
  "crps_test": 0.5655750485781248,
  "picp_train": 1.0,
  "picp_test": 1.0,
  "mpiw_train": 6.356051178353842,
  "mpiw_test": 5.697331929342465
}