{
  "model": "DNNC-R",
  "dataset": "kin8nm",
  "rmse_train": 0.08755246770122171,
  "rmse_test": 0.09426765385670222,
  "log_score_train": 0.887444541416232,
  "log_score_test": 0.8327559828935541,
  "crps_train": 0.05146522763340198,
  "crps_test": 0.055646928393806874,
  "picp_train": 0.9633766709393884,
  "picp_test": 0.968509703405346,
  "mpiw_train": 0.42549496652897006,
  "mpiw_test": 0.4659396100938782
}