{
  "model": "NLM",
  "dataset": "wine",
  "rmse_train": 0.5732398294138618,
  "rmse_test": 0.6628195025186047,
  "log_score_train": -0.7428524965494274,
  "log_score_test": -1.1025735760168365,
  "crps_train": 0.30853985001531414,
  "crps_test": 0.37632701704362953,
  "picp_train": 0.9625,
  "picp_test": 0.9056603773584906,
  "mpiw_train": 2.4259637557054643,
  "mpiw_test": 2.548920718435705
}