{
  "model": "NLM-E",
  "dataset": "concrete",
  "rmse_train": 4.548000549912598,
  "rmse_test": 5.183449932945745,
  "log_score_train": -2.7951196218033343,
  "log_score_test": -2.955446252766738,
  "crps_train": 2.3395775401749996,
  "crps_test": 2.7870401144870156,
  "picp_train": 0.9913700107874865,
  "picp_test": 0.9902912621359223,
  "mpiw_train": 21.829202011993875,
  "mpiw_test": 22.269814063980885
}