{
  "model": "NLM-E",
  "dataset": "kin8nm",
  "rmse_train": 0.07207936382840165,
  "rmse_test": 0.08582206730019344,
  "log_score_train": 1.3056907482155413,
  "log_score_test": 1.2371426240907764,
  "crps_train": 0.03807297041555115,
  "crps_test": 0.04250516022318143,
  "picp_train": 0.985487589854876,
  "picp_test": 0.9792429792429792,
  "mpiw_train": 0.3272140152062037,
  "mpiw_test": 0.33618807947517276
}