{
  "model": "DNNC-R",
  "dataset": "wine",
  "rmse_train": 0.4809936510730531,
  "rmse_test": 0.7751320879234834,
  "log_score_train": -0.010297833817010684,
  "log_score_test": -1.8370724722341645,
  "crps_train": 0.24471145876576864,
  "crps_test": 0.4657378422797075,
  "picp_train": 0.9633802816901409,
  "picp_test": 0.7097378277153558,
  "mpiw_train": 2.0704774278036777,
  "mpiw_test": 1.4403328335939722
}