{
  "model": "NLM-E",
  "dataset": "boston",
  "rmse_train": 2.53365507298452,
  "rmse_test": 3.951121741008994,
  "log_score_train": -1.8643177886216027,
  "log_score_test": -3.0035193549741606,
  "crps_train": 1.0309113972983728,
  "crps_test": 3.294135361492375,
  "picp_train": 0.9910714285714286,
  "picp_test": 0.9176470588235294,
  "mpiw_train": 10.099379364030275,
  "mpiw_test": 39.86107797804888
}