{
  "model": "MC dropout",
  "dataset": "boston",
  "rmse_train": 3.7303086622498682,
  "rmse_test": 2.6416199249322947,
  "log_score_train": -2.3352689957632755,
  "log_score_test": -2.4198608731885356,
  "crps_train": 1.5469341688744322,
  "crps_test": 1.5079269945234586,
  "picp_train": 0.9881305637982196,
  "picp_test": 0.9526627218934911,
  "mpiw_train": 14.887265857460708,
  "mpiw_test": 12.942182031628477
}