{
  "model": "DNNC-R",
  "dataset": "wine",
  "rmse_train": 0.49487434507496453,
  "rmse_test": 0.7732087182121017,
  "log_score_train": -0.007944459284877602,
  "log_score_test": -1.5108256152236732,
  "crps_train": 0.2543809745986727,
  "crps_test": 0.43024240376320955,
  "picp_train": 0.968075117370892,
  "picp_test": 0.7827715355805244,
  "mpiw_train": 2.158693312684974,
  "mpiw_test": 1.7402657059215667
}