{
  "model": "MC dropout",
  "dataset": "yacht",
  "rmse_train": 1.002630828503702,
  "rmse_test": 0.9342320472301027,
  "log_score_train": -1.275862857369909,
  "log_score_test": -1.3353069994510824,
  "crps_train": 0.5264359022376909,
  "crps_test": 0.5421944086248563,
  "picp_train": 0.9640287769784173,
  "picp_test": 1.0,
  "mpiw_train": 5.512130877283023,
  "mpiw_test": 5.692635859404358
}