{
  "model": "PNN",
  "dataset": "boston",
  "rmse_train": 1.8804169809174331,
  "rmse_test": 6.3367789663170155,
  "log_score_train": -1.8535141458285727,
  "log_score_test": -15.702021705096467,
  "crps_train": 0.947372544777525,
  "crps_test": 3.477859745977325,
  "picp_train": 0.9732142857142857,
  "picp_test": 0.5352941176470588,
  "mpiw_train": 7.6310068560270325,
  "mpiw_test": 6.599811107902927
}