{
  "model": "NLM-E",
  "dataset": "boston",
  "rmse_train": 2.2304956520916717,
  "rmse_test": 4.732306653892696,
  "log_score_train": -1.9048508076597417,
  "log_score_test": -3.2112978108204135,
  "crps_train": 0.9934408915967079,
  "crps_test": 1.8903808884670537,
  "picp_train": 0.9912280701754386,
  "picp_test": 0.9,
  "mpiw_train": 9.390773768626097,
  "mpiw_test": 8.99789308098728
}