{
  "model": "MC dropout",
  "dataset": "kin8nm",
  "rmse_train": 0.08486012608775177,
  "rmse_test": 0.0898125221223727,
  "log_score_train": 1.0725600955536632,
  "log_score_test": 1.0137997911675374,
  "crps_train": 0.046569555748169844,
  "crps_test": 0.05004426821670021,
  "picp_train": 0.9899633798996338,
  "picp_test": 0.9865689865689866,
  "mpiw_train": 0.4253931406984581,
  "mpiw_test": 0.4354268660352932
}