{
  "model": "DNNC-R",
  "dataset": "wine",
  "rmse_train": 0.5087532736331608,
  "rmse_test": 0.6391526758497942,
  "log_score_train": -0.12890624043738502,
  "log_score_test": -0.3760276228546469,
  "crps_train": 0.26588700896356837,
  "crps_test": 0.33889989299527207,
  "picp_train": 0.9643527204502814,
  "picp_test": 0.9343339587242027,
  "mpiw_train": 2.267785431594546,
  "mpiw_test": 2.4427332512826325
}