{
  "model": "NLM",
  "dataset": "kin8nm",
  "rmse_train": 0.08158678104078478,
  "rmse_test": 0.08556487677485361,
  "log_score_train": 1.2306093451222184,
  "log_score_test": 1.1732637173192506,
  "crps_train": 0.04219115668544556,
  "crps_test": 0.04488125829089982,
  "picp_train": 0.978209119208936,
  "picp_test": 0.9648480410106188,
  "mpiw_train": 0.3466482329758686,
  "mpiw_test": 0.335010472442332
}