{
  "model": "PBP",
  "dataset": "wine",
  "rmse_train": 0.5810247043662925,
  "rmse_test": 0.6745616724097258,
  "log_score_train": -0.8747379894529376,
  "log_score_test": -1.0438686945396605,
  "crps_train": 0.32376423306343066,
  "crps_test": 0.37860261477673773,
  "picp_train": 0.9486111111111111,
  "picp_test": 0.89937106918239,
  "mpiw_train": 2.3092893084046966,
  "mpiw_test": 2.307104677001068
}