{
  "model": "NLM-E",
  "dataset": "kin8nm",
  "rmse_train": 0.07143934486155903,
  "rmse_test": 0.07609051456620453,
  "log_score_train": 1.302179284680178,
  "log_score_test": 1.2594826987453671,
  "crps_train": 0.03800324217843029,
  "crps_test": 0.03973276329957394,
  "picp_train": 0.9892852298928523,
  "picp_test": 0.978021978021978,
  "mpiw_train": 0.3299313065862656,
  "mpiw_test": 0.3313442114655588
}