{
  "model": "PNN",
  "dataset": "wine",
  "rmse_train": 0.5860245810142405,
  "rmse_test": 0.6101955906304889,
  "log_score_train": -0.7300620173948442,
  "log_score_test": -1.1862553530640951,
  "crps_train": 0.30917623528153443,
  "crps_test": 0.34385742652625934,
  "picp_train": 0.9671669793621013,
  "picp_test": 0.8367729831144465,
  "mpiw_train": 2.2200198270013685,
  "mpiw_test": 1.7419175292734317
}