{
  "model": "PNN-E",
  "dataset": "kin8nm",
  "rmse_train": 0.07183879308000034,
  "rmse_test": 0.07593657482907881,
  "log_score_train": 1.2570518410042022,
  "log_score_test": 1.2210959902022143,
  "crps_train": 0.039132934264910074,
  "crps_test": 0.04103590426479614,
  "picp_train": 0.9902346399023464,
  "picp_test": 0.9816849816849816,
  "mpiw_train": 0.3585203946062645,
  "mpiw_test": 0.3521405890776427
}