{
  "model": "DNNC-R",
  "dataset": "yacht",
  "rmse_train": 4.607450973556934,
  "rmse_test": 5.501098590002861,
  "log_score_train": -1.2372227161386462,
  "log_score_test": -1.9853441452097067,
  "crps_train": 4.378660644083892,
  "crps_test": 5.206172832645936,
  "picp_train": 0.8992805755395683,
  "picp_test": 0.8666666666666667,
  "mpiw_train": 24.482580239390682,
  "mpiw_test": 26.519558011520296
}