{
  "model": "DNNC-R",
  "dataset": "concrete",
  "rmse_train": 4.676000204728039,
  "rmse_test": 5.556555348251932,
  "log_score_train": -2.9732393839837123,
  "log_score_test": -3.170876229794874,
  "crps_train": 2.5883206346796848,
  "crps_test": 3.042553024126448,
  "picp_train": 0.9471413160733549,
  "picp_test": 0.9223300970873787,
  "mpiw_train": 21.43823780876495,
  "mpiw_test": 20.793876663921026
}