{
  "model": "PNN-E",
  "dataset": "energy",
  "rmse_train": 2.856980761516082,
  "rmse_test": 4.1565847857595175,
  "log_score_train": -1.4018256757706984,
  "log_score_test": -1.47374769237541,
  "crps_train": 0.9102857172801999,
  "crps_test": 1.1591783564791982,
  "picp_train": 0.9956647398843931,
  "picp_test": 0.9868421052631579,
  "mpiw_train": 7.359169210065156,
  "mpiw_test": 7.097828689758559
}