{
  "model": "MC dropout",
  "dataset": "wine",
  "rmse_train": 0.5602976304585933,
  "rmse_test": 0.7418694969840297,
  "log_score_train": -0.7794365578005968,
  "log_score_test": -1.096087053902615,
  "crps_train": 0.30676484873854065,
  "crps_test": 0.4070977720896304,
  "picp_train": 0.9727699530516432,
  "picp_test": 0.947565543071161,
  "mpiw_train": 2.3986132997390373,
  "mpiw_test": 2.8755441202505843
}