{
  "model": "DNNC-R",
  "dataset": "wine",
  "rmse_train": 0.5366778201247736,
  "rmse_test": 0.5733950966523612,
  "log_score_train": -0.0891309050742174,
  "log_score_test": -0.1417797423563699,
  "crps_train": 0.27842073725562505,
  "crps_test": 0.2988959519827635,
  "picp_train": 0.9631944444444445,
  "picp_test": 0.9748427672955975,
  "mpiw_train": 2.3331106462612885,
  "mpiw_test": 2.375472749758749
}