{
  "model": "MC dropout",
  "dataset": "kin8nm",
  "rmse_train": 0.07403574617921943,
  "rmse_test": 0.0789838991520011,
  "log_score_train": 1.2390374204053676,
  "log_score_test": 1.1818143998287682,
  "crps_train": 0.04026392479127054,
  "crps_test": 0.042931211287775294,
  "picp_train": 0.9797911297979113,
  "picp_test": 0.9743589743589743,
  "mpiw_train": 0.33510928621059793,
  "mpiw_test": 0.33727601890394754
}