{
  "model": "DNNC-R",
  "dataset": "wine",
  "rmse_train": 0.5292970842597576,
  "rmse_test": 0.6534728888754282,
  "log_score_train": -0.0734660260118222,
  "log_score_test": -0.3362878997628588,
  "crps_train": 0.27467607279340817,
  "crps_test": 0.34305241280886245,
  "picp_train": 0.9604166666666667,
  "picp_test": 0.9119496855345912,
  "mpiw_train": 2.2614521432205335,
  "mpiw_test": 2.290515373957394
}