{
  "model": "MC dropout",
  "dataset": "boston",
  "rmse_train": 3.5392391587943375,
  "rmse_test": 4.981290966337384,
  "log_score_train": -2.3686548170264845,
  "log_score_test": -2.514147272232629,
  "crps_train": 1.6355181842493935,
  "crps_test": 1.9925062746421447,
  "picp_train": 0.9956140350877193,
  "picp_test": 0.94,
  "mpiw_train": 17.100282106543453,
  "mpiw_test": 14.796784705188632
}