{
  "model": "NLM",
  "dataset": "concrete",
  "rmse_train": 4.053821502791584,
  "rmse_test": 7.486220577122988,
  "log_score_train": -2.8175635088855304,
  "log_score_test": -3.505108772225431,
  "crps_train": 2.2243911606689983,
  "crps_test": 3.923217430557472,
  "picp_train": 0.9941690962099126,
  "picp_test": 0.8691860465116279,
  "mpiw_train": 22.275015713537016,
  "mpiw_test": 20.481832177806357
}