{
  "model": "MC dropout",
  "dataset": "kin8nm",
  "rmse_train": 0.08110656121781264,
  "rmse_test": 0.082083592558015,
  "log_score_train": 1.1791390687670837,
  "log_score_test": 1.1656362871643065,
  "crps_train": 0.04334738361471635,
  "crps_test": 0.044078762656976224,
  "picp_train": 0.9781635697816357,
  "picp_test": 0.9792429792429792,
  "mpiw_train": 0.3464683136253854,
  "mpiw_test": 0.34467003660974294
}