{
  "model": "DNNC-R",
  "dataset": "boston",
  "rmse_train": 2.5196511228820673,
  "rmse_test": 5.85955754723761,
  "log_score_train": -2.0805804416685296,
  "log_score_test": -53.810056544976106,
  "crps_train": 1.194492382209289,
  "crps_test": 3.3618243793462037,
  "picp_train": 0.9672619047619048,
  "picp_test": 0.47058823529411764,
  "mpiw_train": 12.016718869155774,
  "mpiw_test": 7.196408924004544
}