{
  "model": "NLM-E",
  "dataset": "energy",
  "rmse_train": 2.940493378354103,
  "rmse_test": 1.5668017979155138,
  "log_score_train": -1.3795351016328514,
  "log_score_test": -1.3230786033959492,
  "crps_train": 0.9008391390772769,
  "crps_test": 0.6555203159390858,
  "picp_train": 0.9985549132947977,
  "picp_test": 1.0,
  "mpiw_train": 7.609104373676813,
  "mpiw_test": 6.325602705230104
}