{
  "model": "NLM-E",
  "dataset": "boston",
  "rmse_train": 2.4618833974645558,
  "rmse_test": 3.997099129018386,
  "log_score_train": -2.01887978207924,
  "log_score_test": -2.5120127369555174,
  "crps_train": 1.1435133153295878,
  "crps_test": 1.7015777808909658,
  "picp_train": 0.9890350877192983,
  "picp_test": 0.94,
  "mpiw_train": 11.77723665976176,
  "mpiw_test": 10.943311608411125
}