{
  "model": "NLM-E",
  "dataset": "energy",
  "rmse_train": 2.861674984516384,
  "rmse_test": 1.901779955104158,
  "log_score_train": -1.2994665913056935,
  "log_score_test": -1.2765256034179686,
  "crps_train": 0.873810459787284,
  "crps_test": 0.7667245854699959,
  "picp_train": 0.9971098265895953,
  "picp_test": 0.9868421052631579,
  "mpiw_train": 7.531227867429566,
  "mpiw_test": 6.076846495541348
}