{
  "model": "PNN-E",
  "dataset": "kin8nm",
  "rmse_train": 0.0680804720904846,
  "rmse_test": 0.0973290460569148,
  "log_score_train": 1.3269048420705651,
  "log_score_test": 1.0356065292499965,
  "crps_train": 0.0366965104223254,
  "crps_test": 0.05101212099707164,
  "picp_train": 0.98992673992674,
  "picp_test": 0.9663250366032211,
  "mpiw_train": 0.32787279821366017,
  "mpiw_test": 0.38839655146523827
}