{
  "model": "PNN-E",
  "dataset": "boston",
  "rmse_train": 2.6588199108334276,
  "rmse_test": 4.143201283731654,
  "log_score_train": -1.9696874703386167,
  "log_score_test": -2.9067229712341662,
  "crps_train": 1.0896674495667427,
  "crps_test": 2.2434615455912095,
  "picp_train": 0.9910979228486647,
  "picp_test": 0.8579881656804734,
  "mpiw_train": 9.851974149301038,
  "mpiw_test": 11.362571068148887
}