{
  "model": "MC dropout",
  "dataset": "yacht",
  "rmse_train": 1.2722815908041596,
  "rmse_test": 1.193844837041464,
  "log_score_train": -1.9840258919613933,
  "log_score_test": -1.9894509724625704,
  "crps_train": 0.8907761055376522,
  "crps_test": 0.8571775128543456,
  "picp_train": 1.0,
  "picp_test": 1.0,
  "mpiw_train": 12.032186837529776,
  "mpiw_test": 11.997785830135562
}