{
  "model": "NLM",
  "dataset": "boston",
  "rmse_train": 3.569637381155741,
  "rmse_test": 2.7217978610087057,
  "log_score_train": -2.0912301875066936,
  "log_score_test": -2.6993103400604115,
  "crps_train": 1.377846070825707,
  "crps_test": 1.4613892428681148,
  "picp_train": 0.9554896142433235,
  "picp_test": 0.8520710059171598,
  "mpiw_train": 9.568739517518795,
  "mpiw_test": 7.8610592221241795
}