{
  "model": "PNN",
  "dataset": "wine",
  "rmse_train": 0.6298303026862305,
  "rmse_test": 0.8236192141268138,
  "log_score_train": -0.7650545779248126,
  "log_score_test": -1.8279037533235856,
  "crps_train": 0.3204509951184998,
  "crps_test": 0.46925434921989173,
  "picp_train": 0.9492957746478873,
  "picp_test": 0.8202247191011236,
  "mpiw_train": 2.2402588215189243,
  "mpiw_test": 2.589128482876692
}