{
  "model": "PNN",
  "dataset": "kin8nm",
  "rmse_train": 0.08593057355480287,
  "rmse_test": 0.07790352655339487,
  "log_score_train": 1.179066559024774,
  "log_score_test": 1.1896633044381921,
  "crps_train": 0.044928770571022764,
  "crps_test": 0.0427650011436343,
  "picp_train": 0.9648416041018129,
  "picp_test": 0.947638227755401,
  "mpiw_train": 0.33875134511231875,
  "mpiw_test": 0.3014785849719004
}