{
  "model": "PNN",
  "dataset": "powerplant",
  "rmse_train": 4.035689743555386,
  "rmse_test": 4.132017466320101,
  "log_score_train": -2.7840612921232,
  "log_score_test": -2.837838772571148,
  "crps_train": 2.190138364991192,
  "crps_test": 2.2135626690379304,
  "picp_train": 0.9624941941477009,
  "picp_test": 0.9592050209205021,
  "mpiw_train": 15.777561744729102,
  "mpiw_test": 15.702485559303385
}