{
  "model": "PBP",
  "dataset": "yacht",
  "rmse_train": 0.8124035534464867,
  "rmse_test": 0.7827290236123994,
  "log_score_train": -1.5625053464737564,
  "log_score_test": -1.552379770539715,
  "crps_train": 0.5289368137160968,
  "crps_test": 0.5241484256563703,
  "picp_train": 0.9892086330935251,
  "picp_test": 1.0,
  "mpiw_train": 6.735448162568073,
  "mpiw_test": 6.7248340252654994
}