{
  "model": "NLM-E",
  "dataset": "boston",
  "rmse_train": 2.3404849781361996,
  "rmse_test": 2.939066361358629,
  "log_score_train": -1.9218235756899982,
  "log_score_test": -2.4021786330179413,
  "crps_train": 1.0090408755809512,
  "crps_test": 1.381855893904469,
  "picp_train": 0.9940652818991098,
  "picp_test": 0.9230769230769231,
  "mpiw_train": 9.785367300780013,
  "mpiw_test": 8.498281172215762
}