{
  "model": "NLM",
  "dataset": "kin8nm",
  "rmse_train": 0.07669558045454501,
  "rmse_test": 0.0821701916672889,
  "log_score_train": 1.2641704983079545,
  "log_score_test": 1.1919536806795257,
  "crps_train": 0.04057048829903792,
  "crps_test": 0.04318571907736802,
  "picp_train": 0.9624304896243049,
  "picp_test": 0.9523809523809523,
  "mpiw_train": 0.2981976559455504,
  "mpiw_test": 0.3041707901296412
}