{
  "model": "PBP",
  "dataset": "boston",
  "rmse_train": 2.5222908802405613,
  "rmse_test": 3.258221446520074,
  "log_score_train": -2.342003420197369,
  "log_score_test": -2.5996165540718525,
  "crps_train": 1.3759407286963539,
  "crps_test": 1.6062838954128975,
  "picp_train": 0.9673590504451038,
  "picp_test": 0.9526627218934911,
  "mpiw_train": 10.88955737575106,
  "mpiw_test": 10.76066764621968
}