{
  "model": "NLM",
  "dataset": "wine",
  "rmse_train": 0.5763793866045256,
  "rmse_test": 0.6123286541684931,
  "log_score_train": -0.7278460425705573,
  "log_score_test": -0.9987059499234395,
  "crps_train": 0.30639124203944146,
  "crps_test": 0.34012028201664274,
  "picp_train": 0.9606003752345216,
  "picp_test": 0.8949343339587242,
  "mpiw_train": 2.186292912921833,
  "mpiw_test": 1.9661706684757398
}