{
  "model": "PNN-E",
  "dataset": "wine",
  "rmse_train": 0.5358453557272301,
  "rmse_test": 0.8025160755730669,
  "log_score_train": -0.6703418942488787,
  "log_score_test": -1.2077655048662324,
  "crps_train": 0.2861307382909863,
  "crps_test": 0.44582993782758185,
  "picp_train": 0.9755868544600939,
  "picp_test": 0.8782771535580525,
  "mpiw_train": 2.251575724854669,
  "mpiw_test": 3.134370638434925
}