{
  "model": "NLM-E",
  "dataset": "wine",
  "rmse_train": 0.5279879349104817,
  "rmse_test": 0.6507930207299771,
  "log_score_train": -0.6615125253732695,
  "log_score_test": -1.006430267412246,
  "crps_train": 0.283637619670268,
  "crps_test": 0.3606917089176697,
  "picp_train": 0.9737335834896811,
  "picp_test": 0.8949343339587242,
  "mpiw_train": 2.304574877252794,
  "mpiw_test": 2.304186258573775
}