{
  "model": "PNN-E",
  "dataset": "wine",
  "rmse_train": 0.5567488813906207,
  "rmse_test": 0.590151500498754,
  "log_score_train": -0.7330024337371247,
  "log_score_test": -0.8562148948273016,
  "crps_train": 0.3360906755434692,
  "crps_test": 0.33167237656748744,
  "picp_train": 0.9715277777777778,
  "picp_test": 0.9371069182389937,
  "mpiw_train": 3.009461344528275,
  "mpiw_test": 2.5576448947936266
}