{
  "model": "NLM",
  "dataset": "yacht",
  "rmse_train": 0.9673471748733826,
  "rmse_test": 0.4850503163913247,
  "log_score_train": -1.4326551035910045,
  "log_score_test": -1.4339636485687137,
  "crps_train": 0.5172896813764161,
  "crps_test": 0.46760486341624213,
  "picp_train": 1.0,
  "picp_test": 1.0,
  "mpiw_train": 6.993714272025735,
  "mpiw_test": 7.013957279385597
}