{
  "model": "NLM-E",
  "dataset": "wine",
  "rmse_train": 0.531869286243262,
  "rmse_test": 0.6808398327808128,
  "log_score_train": -0.7157416528679275,
  "log_score_test": -1.0761556801026368,
  "crps_train": 3.2190289502268934,
  "crps_test": 0.4647715614628608,
  "picp_train": 0.9737335834896811,
  "picp_test": 0.9155722326454033,
  "mpiw_train": 51.615202868512604,
  "mpiw_test": 3.6856579501973323
}