{
  "model": "PNN",
  "dataset": "yacht",
  "rmse_train": 1.332882489878231,
  "rmse_test": 1.42751406713963,
  "log_score_train": -2.183855398785149,
  "log_score_test": -2.7057699862752815,
  "crps_train": 0.7256390332242949,
  "crps_test": 0.8657871469884895,
  "picp_train": 0.7446043165467626,
  "picp_test": 0.6333333333333333,
  "mpiw_train": 3.745608379887636,
  "mpiw_test": 4.830866201033697
}