{
  "model": "PBP",
  "dataset": "powerplant",
  "rmse_train": 4.056848519906271,
  "rmse_test": 4.113273004793387,
  "log_score_train": -2.819433992979188,
  "log_score_test": -2.8330958294846114,
  "crps_train": 2.219376991106398,
  "crps_test": 2.2400200804829313,
  "picp_train": 0.9626103111936832,
  "picp_test": 0.9571129707112971,
  "mpiw_train": 16.073644504070458,
  "mpiw_test": 16.073604353580212
}