{
  "model": "DNNC-R",
  "dataset": "concrete",
  "rmse_train": 4.747612383834785,
  "rmse_test": 5.432605887494723,
  "log_score_train": -3.046758072060403,
  "log_score_test": -3.2553891833356015,
  "crps_train": 2.7088569411302728,
  "crps_test": 3.1039200803688543,
  "picp_train": 0.9503775620280475,
  "picp_test": 0.912621359223301,
  "mpiw_train": 23.08086541604482,
  "mpiw_test": 22.456398848567385
}