{
  "model": "MC dropout",
  "dataset": "yacht",
  "rmse_train": 0.28947201497063724,
  "rmse_test": 6.241947629817234,
  "log_score_train": -0.6204874144768607,
  "log_score_test": -2.7415192433389772,
  "crps_train": 0.22436269963911026,
  "crps_test": 2.950129361212528,
  "picp_train": 1.0,
  "picp_test": 0.7307692307692307,
  "mpiw_train": 3.045472082063353,
  "mpiw_test": 7.297998093916506
}