{
  "model": "DNNC-R",
  "dataset": "wine",
  "rmse_train": 0.4713079929990789,
  "rmse_test": 0.742257422612082,
  "log_score_train": 0.03814400532259868,
  "log_score_test": -2.07314049885045,
  "crps_train": 0.2378502405616657,
  "crps_test": 0.41457782423288936,
  "picp_train": 0.9624413145539906,
  "picp_test": 0.7471910112359551,
  "mpiw_train": 1.9064934076741353,
  "mpiw_test": 1.3648824866263924
}