{
  "model": "PBP",
  "dataset": "kin8nm",
  "rmse_train": 0.09376429809165374,
  "rmse_test": 0.09678699893496218,
  "log_score_train": 0.9386773692846772,
  "log_score_test": 0.9119885822134869,
  "crps_train": 0.052141746751391084,
  "crps_test": 0.05356712146587904,
  "picp_train": 0.9625661196256612,
  "picp_test": 0.9536019536019537,
  "mpiw_train": 0.4066383054758924,
  "mpiw_test": 0.406647708852916
}