{
  "model": "MC dropout",
  "dataset": "wine",
  "rmse_train": 0.5433361156967161,
  "rmse_test": 1.010186132975477,
  "log_score_train": -0.7176525564238915,
  "log_score_test": -1.3589216794013306,
  "crps_train": 0.29134631941762423,
  "crps_test": 0.5168280280577927,
  "picp_train": 0.9859154929577465,
  "picp_test": 0.8913857677902621,
  "mpiw_train": 2.4490540313350766,
  "mpiw_test": 3.188884557706309
}