{
  "model": "PNN",
  "dataset": "energy",
  "rmse_train": 3.197001659210509,
  "rmse_test": 2.1105775988568505,
  "log_score_train": -1.5144949158707504,
  "log_score_test": -1.62520663517176,
  "crps_train": 1.043750680918832,
  "crps_test": 0.9602114556757536,
  "picp_train": 0.953757225433526,
  "picp_test": 0.9473684210526315,
  "mpiw_train": 6.930677661920541,
  "mpiw_test": 7.10798200347728
}