{
  "model": "PNN-E",
  "dataset": "boston",
  "rmse_train": 2.2875912422008726,
  "rmse_test": 2.92090641621994,
  "log_score_train": -1.9612486789966987,
  "log_score_test": -2.358177403214873,
  "crps_train": 1.0527026362417027,
  "crps_test": 1.3756848292056534,
  "picp_train": 0.9881305637982196,
  "picp_test": 0.9053254437869822,
  "mpiw_train": 10.220742545575058,
  "mpiw_test": 8.414871750532534
}