{
  "model": "PBP",
  "dataset": "kin8nm",
  "rmse_train": 0.09621971935616427,
  "rmse_test": 0.09622499079203929,
  "log_score_train": 0.914539139544956,
  "log_score_test": 0.9145433405220785,
  "crps_train": 0.053297474286490724,
  "crps_test": 0.05367925431532172,
  "picp_train": 0.958361589583616,
  "picp_test": 0.9597069597069597,
  "mpiw_train": 0.4132144340329335,
  "mpiw_test": 0.4132069269233974
}