{
  "model": "DNNC-R",
  "dataset": "boston",
  "rmse_train": 3.0694265694425833,
  "rmse_test": 4.059867228640461,
  "log_score_train": -2.330280471514408,
  "log_score_test": -2.7745578647956166,
  "crps_train": 1.5126820600525326,
  "crps_test": 2.0182053159544893,
  "picp_train": 0.9627192982456141,
  "picp_test": 0.82,
  "mpiw_train": 14.689541954892057,
  "mpiw_test": 12.82647802037093
}