{
  "model": "MC dropout",
  "dataset": "wine",
  "rmse_train": 0.5972071631138307,
  "rmse_test": 0.5867830342845509,
  "log_score_train": -0.8047221214656385,
  "log_score_test": -0.852502780440542,
  "crps_train": 0.3151780654282321,
  "crps_test": 0.3226810810344095,
  "picp_train": 0.9774859287054409,
  "picp_test": 0.9212007504690432,
  "mpiw_train": 2.6226428489697478,
  "mpiw_test": 2.200755809704628
}