{
  "model": "DNNC-R",
  "dataset": "concrete",
  "rmse_train": 4.705755554644267,
  "rmse_test": 5.913077404793459,
  "log_score_train": -3.0275786706360908,
  "log_score_test": -3.3803084389042724,
  "crps_train": 2.6507360893093606,
  "crps_test": 3.3222399908148903,
  "picp_train": 0.9503775620280475,
  "picp_test": 0.9029126213592233,
  "mpiw_train": 22.504826744438365,
  "mpiw_test": 22.71168705760736
}