{
  "model": "PNN",
  "dataset": "kin8nm",
  "rmse_train": 0.08290108463037055,
  "rmse_test": 0.10907052914229916,
  "log_score_train": 1.1757731110773297,
  "log_score_test": 0.9126802189349793,
  "crps_train": 0.04397081820352922,
  "crps_test": 0.05769288752649905,
  "picp_train": 0.9774725274725274,
  "picp_test": 0.9454612005856515,
  "mpiw_train": 0.3574417294154213,
  "mpiw_test": 0.40513344894282666
}