{
  "model": "DNNC-R",
  "dataset": "yacht",
  "rmse_train": 3.001349591995027,
  "rmse_test": 2.986203312775641,
  "log_score_train": -1.5949505434631726,
  "log_score_test": -1.1158866923498516,
  "crps_train": 3.305272362995691,
  "crps_test": 4.690261586346161,
  "picp_train": 0.9532374100719424,
  "picp_test": 0.8333333333333334,
  "mpiw_train": 25.16185850049881,
  "mpiw_test": 27.915439304083197
}