{
  "model": "DNNC-R",
  "dataset": "boston",
  "rmse_train": 2.7504488527632356,
  "rmse_test": 3.403590561740645,
  "log_score_train": -2.1861162224869077,
  "log_score_test": -2.4128120561010586,
  "crps_train": 1.3411406456119714,
  "crps_test": 1.7000021751286678,
  "picp_train": 0.956140350877193,
  "picp_test": 0.94,
  "mpiw_train": 12.174612426274939,
  "mpiw_test": 12.091821240120474
}