{
  "model": "MC dropout",
  "dataset": "kin8nm",
  "rmse_train": 0.0768132132620408,
  "rmse_test": 0.07526357916296715,
  "log_score_train": 1.2142042375691622,
  "log_score_test": 1.2061803641923559,
  "crps_train": 0.041481534688418434,
  "crps_test": 0.04148447837758073,
  "picp_train": 0.9824208020509064,
  "picp_test": 0.9699743683632369,
  "mpiw_train": 0.34545746916986786,
  "mpiw_test": 0.31976390468435206
}