{
  "model": "MC dropout",
  "dataset": "yacht",
  "rmse_train": 0.8036320234080628,
  "rmse_test": 1.3444633660914433,
  "log_score_train": -1.4053764500138162,
  "log_score_test": -1.5445575117044508,
  "crps_train": 0.5336923848517279,
  "crps_test": 0.713961450880775,
  "picp_train": 1.0,
  "picp_test": 1.0,
  "mpiw_train": 6.551173011339761,
  "mpiw_test": 7.111297572653152
}