{
  "model": "NLM-E",
  "dataset": "wine",
  "rmse_train": 0.5721672789023893,
  "rmse_test": 0.66527310077321,
  "log_score_train": -0.7304667805931225,
  "log_score_test": -1.0242181675184845,
  "crps_train": 0.3055573231422937,
  "crps_test": 0.36730838703390234,
  "picp_train": 0.9541666666666667,
  "picp_test": 0.8930817610062893,
  "mpiw_train": 2.1652650111096294,
  "mpiw_test": 2.198880077791637
}