{
  "model": "NLM-E",
  "dataset": "boston",
  "rmse_train": 2.7393581244504537,
  "rmse_test": 3.3991835506707324,
  "log_score_train": -1.9851563426775594,
  "log_score_test": -2.870364516240255,
  "crps_train": 1.114444393539382,
  "crps_test": 1.9171358614562437,
  "picp_train": 0.9910979228486647,
  "picp_test": 0.8165680473372781,
  "mpiw_train": 10.374494687239187,
  "mpiw_test": 9.613422973118984
}