{
  "model": "PBP",
  "dataset": "wine",
  "rmse_train": 0.5440903692253698,
  "rmse_test": 0.7522380426591021,
  "log_score_train": -0.8096184258907331,
  "log_score_test": -1.2274284591066873,
  "crps_train": 0.3022075935003716,
  "crps_test": 0.41938924921082665,
  "picp_train": 0.9446009389671362,
  "picp_test": 0.8801498127340824,
  "mpiw_train": 2.167896321753581,
  "mpiw_test": 2.192136018772918
}