{
  "model": "PNN",
  "dataset": "boston",
  "rmse_train": 3.2810769310765817,
  "rmse_test": 2.884262784153444,
  "log_score_train": -1.9475298669959655,
  "log_score_test": -2.6690324108704533,
  "crps_train": 1.214737929305335,
  "crps_test": 1.5802556102647767,
  "picp_train": 0.973293768545994,
  "picp_test": 0.8165680473372781,
  "mpiw_train": 8.880986500101429,
  "mpiw_test": 8.745041836039372
}