{
  "model": "MC dropout",
  "dataset": "yacht",
  "rmse_train": 2.3975969850352734,
  "rmse_test": 2.4589729466951065,
  "log_score_train": -2.402655888357531,
  "log_score_test": -2.3693702661293115,
  "crps_train": 1.4077267756122644,
  "crps_test": 1.4098421896350586,
  "picp_train": 1.0,
  "picp_test": 1.0,
  "mpiw_train": 17.92771199892345,
  "mpiw_test": 17.1582942026406
}