{
  "model": "DNNC-R",
  "dataset": "wine",
  "rmse_train": 0.5018656901358416,
  "rmse_test": 0.6978571379410847,
  "log_score_train": -0.008890474678036749,
  "log_score_test": -3.3331916468119718,
  "crps_train": 0.2573654223318234,
  "crps_test": 0.38749857033950114,
  "picp_train": 0.955868544600939,
  "picp_test": 0.6872659176029963,
  "mpiw_train": 1.9707794289501728,
  "mpiw_test": 1.2483916579865637
}