{
  "model": "NLM-E",
  "dataset": "energy",
  "rmse_train": 1.916763138718082,
  "rmse_test": 9.47205270780944,
  "log_score_train": -1.2661951710163017,
  "log_score_test": -52.92165799696908,
  "crps_train": 0.7366218245849289,
  "crps_test": 3.472433257828346,
  "picp_train": 0.99609375,
  "picp_test": 0.88671875,
  "mpiw_train": 6.287746314021774,
  "mpiw_test": 6.530424046253856
}