{
  "model": "PNN-E",
  "dataset": "wine",
  "rmse_train": 0.5564816989708603,
  "rmse_test": 0.6286324187836558,
  "log_score_train": -0.6958005112821595,
  "log_score_test": -1.056349554484826,
  "crps_train": 0.297584263496891,
  "crps_test": 0.35442678833206526,
  "picp_train": 0.9765478424015009,
  "picp_test": 0.8949343339587242,
  "mpiw_train": 2.458867814418285,
  "mpiw_test": 2.3491318071335168
}