{
  "model": "PBP",
  "dataset": "concrete",
  "rmse_train": 4.979721264436622,
  "rmse_test": 6.428401017635556,
  "log_score_train": -3.026382277043497,
  "log_score_test": -3.319577360989595,
  "crps_train": 2.7569646762237654,
  "crps_test": 3.5970227084796997,
  "picp_train": 0.9503775620280475,
  "picp_test": 0.883495145631068,
  "mpiw_train": 20.69638026564231,
  "mpiw_test": 20.702674490918763
}