{
  "model": "DNNC-R",
  "dataset": "energy",
  "rmse_train": 2.3712353980355108,
  "rmse_test": 4.077548762556659,
  "log_score_train": -1.8810240386186525,
  "log_score_test": -2.6753076834877048,
  "crps_train": 0.9862894840777059,
  "crps_test": 1.407865144787462,
  "picp_train": 0.9783236994219653,
  "picp_test": 0.9605263157894737,
  "mpiw_train": 9.55210699219374,
  "mpiw_test": 9.479802419978686
}