{
  "model": "PNN",
  "dataset": "kin8nm",
  "rmse_train": 0.08005955845671134,
  "rmse_test": 0.11443789427958057,
  "log_score_train": 1.2216303233426888,
  "log_score_test": 0.8178794209642942,
  "crps_train": 0.04252779255472799,
  "crps_test": 0.06094262742614578,
  "picp_train": 0.9465201465201465,
  "picp_test": 0.8839677891654466,
  "mpiw_train": 0.28587470620868477,
  "mpiw_test": 0.33500723746896766
}