{
  "model": "NLM",
  "dataset": "wine",
  "rmse_train": 0.5863772878204224,
  "rmse_test": 0.5864697463123529,
  "log_score_train": -0.7445211214166456,
  "log_score_test": -0.90674769359356,
  "crps_train": 0.31194091637045696,
  "crps_test": 0.32923806516227583,
  "picp_train": 0.9618055555555556,
  "picp_test": 0.9308176100628931,
  "mpiw_train": 2.3123070477021392,
  "mpiw_test": 2.4034259797115696
}