{
  "model": "PNN",
  "dataset": "energy",
  "rmse_train": 3.196404761594777,
  "rmse_test": 1.9649114533934204,
  "log_score_train": -1.536096134165893,
  "log_score_test": -1.819579490231722,
  "crps_train": 0.9763674732401397,
  "crps_test": 0.9976908353198847,
  "picp_train": 0.9176300578034682,
  "picp_test": 0.8947368421052632,
  "mpiw_train": 6.234471393920985,
  "mpiw_test": 6.740768908635538
}