{
  "model": "NLM-E",
  "dataset": "wine",
  "rmse_train": 0.5214507871111673,
  "rmse_test": 0.754182155227906,
  "log_score_train": -0.6572284089032889,
  "log_score_test": -1.2390339741524095,
  "crps_train": 0.28276412311654986,
  "crps_test": 0.43320167335342125,
  "picp_train": 0.9708920187793427,
  "picp_test": 0.9194756554307116,
  "mpiw_train": 2.278552507170918,
  "mpiw_test": 3.18580680791213
}