{
  "model": "PNN",
  "dataset": "kin8nm",
  "rmse_train": 0.08465308920644755,
  "rmse_test": 0.08568191544667901,
  "log_score_train": 1.1281969131590133,
  "log_score_test": 1.0768502519340455,
  "crps_train": 0.04567640859138039,
  "crps_test": 0.04655772788301461,
  "picp_train": 0.9331344093313441,
  "picp_test": 0.9169719169719169,
  "mpiw_train": 0.30257568199511825,
  "mpiw_test": 0.2919194459732238
}