{
  "model": "MC dropout",
  "dataset": "boston",
  "rmse_train": 2.6567807548733198,
  "rmse_test": 3.4185500531008106,
  "log_score_train": -1.8188655184934763,
  "log_score_test": -2.391417478826865,
  "crps_train": 1.0082837680192727,
  "crps_test": 1.4298092973590297,
  "picp_train": 0.9868421052631579,
  "picp_test": 0.88,
  "mpiw_train": 9.524013499506237,
  "mpiw_test": 10.70070867021093
}