{
  "model": "MC dropout",
  "dataset": "kin8nm",
  "rmse_train": 0.0839089663263583,
  "rmse_test": 0.0915920657258255,
  "log_score_train": 1.1433482281763692,
  "log_score_test": 1.1034440159442043,
  "crps_train": 0.04479443672053884,
  "crps_test": 0.046960604912836997,
  "picp_train": 0.9858944798589448,
  "picp_test": 0.9719169719169719,
  "mpiw_train": 0.37535580806523017,
  "mpiw_test": 0.3748650831372323
}