{
  "model": "PNN",
  "dataset": "energy",
  "rmse_train": 3.1169448625248233,
  "rmse_test": 2.1143746670100914,
  "log_score_train": -2.1877240845611845,
  "log_score_test": -2.2278834618248973,
  "crps_train": 1.2037362510970573,
  "crps_test": 1.1916986445079498,
  "picp_train": 0.7789017341040463,
  "picp_test": 0.8552631578947368,
  "mpiw_train": 6.750281498036175,
  "mpiw_test": 7.732884118939995
}