{
  "model": "PNN-E",
  "dataset": "kin8nm",
  "rmse_train": 0.07255329611861784,
  "rmse_test": 0.0748003308914769,
  "log_score_train": 1.2579521928633224,
  "log_score_test": 1.236830842545476,
  "crps_train": 0.039284067834915136,
  "crps_test": 0.04044253282740828,
  "picp_train": 0.9886070798860708,
  "picp_test": 0.9865689865689866,
  "mpiw_train": 0.34700370579039763,
  "mpiw_test": 0.3483027040592335
}