{
  "model": "PBP",
  "dataset": "kin8nm",
  "rmse_train": 0.09655767492021379,
  "rmse_test": 0.10933348943714319,
  "log_score_train": 0.9069625989663048,
  "log_score_test": 0.7946058365370022,
  "crps_train": 0.0537521987984999,
  "crps_test": 0.06055452819751118,
  "picp_train": 0.9646584874565098,
  "picp_test": 0.9403149029659466,
  "mpiw_train": 0.4240806485584056,
  "mpiw_test": 0.42398190373684697
}