{
  "model": "DNNC-R",
  "dataset": "yacht",
  "rmse_train": 3.9865023709604706,
  "rmse_test": 4.153394457740733,
  "log_score_train": -1.440248543163904,
  "log_score_test": -1.7349587310597092,
  "crps_train": 3.5817592182003835,
  "crps_test": 2.8435636969091678,
  "picp_train": 0.9316546762589928,
  "picp_test": 0.9666666666666667,
  "mpiw_train": 27.329070524470648,
  "mpiw_test": 27.36464039438525
}