{
  "model": "DNNC-R",
  "dataset": "kin8nm",
  "rmse_train": 0.08685755597288129,
  "rmse_test": 0.08626011772913716,
  "log_score_train": 0.8519931126971656,
  "log_score_test": 0.8057864813760712,
  "crps_train": 0.051796991246417984,
  "crps_test": 0.05183121204596675,
  "picp_train": 0.9654143496541435,
  "picp_test": 0.9560439560439561,
  "mpiw_train": 0.44884024823984736,
  "mpiw_test": 0.4406191465999591
}