{
  "model": "NLM-E",
  "dataset": "kin8nm",
  "rmse_train": 0.07139542052769925,
  "rmse_test": 0.07349521279292402,
  "log_score_train": 1.3017156816502358,
  "log_score_test": 1.2564930222046744,
  "crps_train": 0.03796340479852463,
  "crps_test": 0.03981748044479249,
  "picp_train": 0.989149599891496,
  "picp_test": 0.9877899877899878,
  "mpiw_train": 0.3368984421509229,
  "mpiw_test": 0.34049481697923517
}