{
  "model": "PNN-E",
  "dataset": "boston",
  "rmse_train": 2.2489867257161205,
  "rmse_test": 4.414003419075855,
  "log_score_train": -1.826418611187467,
  "log_score_test": -2.829368686987298,
  "crps_train": 0.9215542120875007,
  "crps_test": 1.8994811715515927,
  "picp_train": 0.9910714285714286,
  "picp_test": 0.8470588235294118,
  "mpiw_train": 8.601531111058327,
  "mpiw_test": 9.46841330409026
}