{
  "model": "PNN",
  "dataset": "yacht",
  "rmse_train": 1.0637931541968484,
  "rmse_test": 1.4730069592143316,
  "log_score_train": -1.1214694951626658,
  "log_score_test": -1.0705308732600796,
  "crps_train": 0.4991186239546126,
  "crps_test": 0.5702176067638441,
  "picp_train": 0.9892086330935251,
  "picp_test": 1.0,
  "mpiw_train": 4.340397804092683,
  "mpiw_test": 4.483343954316741
}