{
  "model": "NLM",
  "dataset": "energy",
  "rmse_train": 3.5171048142100565,
  "rmse_test": 4.0232993053064705,
  "log_score_train": -1.3638665981071687,
  "log_score_test": -8.742548186459848,
  "crps_train": 0.9784932364925638,
  "crps_test": 2.127718037101779,
  "picp_train": 0.986328125,
  "picp_test": 0.6953125,
  "mpiw_train": 8.9234956320422,
  "mpiw_test": 3.9737066221967363
}