{
  "model": "MC dropout",
  "dataset": "energy",
  "rmse_train": 3.8237486968862058,
  "rmse_test": 3.4901914540273515,
  "log_score_train": -2.045858575301108,
  "log_score_test": -6.735118470557814,
  "crps_train": 1.4710606540375397,
  "crps_test": 2.016826627875534,
  "picp_train": 1.0,
  "picp_test": 0.7421875,
  "mpiw_train": 14.140233920542657,
  "mpiw_test": 5.828043883608312
}