{
  "model": "PNN",
  "dataset": "concrete",
  "rmse_train": 5.0504576737742095,
  "rmse_test": 8.09793497624926,
  "log_score_train": -2.8436972735452635,
  "log_score_test": -4.449991485265235,
  "crps_train": 2.599632990137131,
  "crps_test": 4.257960667396227,
  "picp_train": 0.9329446064139941,
  "picp_test": 0.7790697674418605,
  "mpiw_train": 16.253892843965662,
  "mpiw_test": 16.674849410716416
}