{
  "model": "PNN",
  "dataset": "boston",
  "rmse_train": 3.2709687968917076,
  "rmse_test": 6.492934138924675,
  "log_score_train": -2.0758319705830375,
  "log_score_test": -18.208905659111526,
  "crps_train": 1.36222171932156,
  "crps_test": 3.743704687735539,
  "picp_train": 0.9880952380952381,
  "picp_test": 0.6647058823529411,
  "mpiw_train": 10.74012748540388,
  "mpiw_test": 14.194956855746057
}