{
  "model": "NLM-E",
  "dataset": "kin8nm",
  "rmse_train": 0.07260408352874975,
  "rmse_test": 0.0763495575493243,
  "log_score_train": 1.2936739956722496,
  "log_score_test": 1.2548525103143742,
  "crps_train": 0.03835878144863053,
  "crps_test": 0.04015572326851758,
  "picp_train": 0.9875220398752204,
  "picp_test": 0.9853479853479854,
  "mpiw_train": 0.3354016221628449,
  "mpiw_test": 0.34747143474653513
}