{
  "model": "MC dropout",
  "dataset": "kin8nm",
  "rmse_train": 0.08390481556865423,
  "rmse_test": 0.13045457081074938,
  "log_score_train": 1.1638824611852712,
  "log_score_test": 0.5964274317441617,
  "crps_train": 0.04426376871154413,
  "crps_test": 0.07157188033381977,
  "picp_train": 0.9871794871794872,
  "picp_test": 0.8751830161054173,
  "mpiw_train": 0.37873731316993264,
  "mpiw_test": 0.4027661627838949
}