{
  "model": "MC dropout",
  "dataset": "kin8nm",
  "rmse_train": 0.09295338992562653,
  "rmse_test": 0.09348400919186324,
  "log_score_train": 1.1006728120270435,
  "log_score_test": 1.065389951070015,
  "crps_train": 0.047904309182658665,
  "crps_test": 0.04889716546513055,
  "picp_train": 0.981011799810118,
  "picp_test": 0.9658119658119658,
  "mpiw_train": 0.38665712528384677,
  "mpiw_test": 0.39019013061030133
}