{
  "model": "DNNC-R",
  "dataset": "yacht",
  "rmse_train": 3.509306983555849,
  "rmse_test": 4.575938124877947,
  "log_score_train": -1.4272296025083602,
  "log_score_test": -1.8502672615798272,
  "crps_train": 3.7403527894844046,
  "crps_test": 1.8855701033930603,
  "picp_train": 0.9316546762589928,
  "picp_test": 1.0,
  "mpiw_train": 27.97375719937924,
  "mpiw_test": 23.96588741593358
}