{
  "model": "PNN",
  "dataset": "wine",
  "rmse_train": 0.5719283534304007,
  "rmse_test": 0.5845985775500159,
  "log_score_train": -0.7181545353777974,
  "log_score_test": -0.9127805094018131,
  "crps_train": 0.30328289991952817,
  "crps_test": 0.32209306419670275,
  "picp_train": 0.9659722222222222,
  "picp_test": 0.9245283018867925,
  "mpiw_train": 2.308634053053902,
  "mpiw_test": 2.1709277341609163
}