{
  "model": "MC dropout",
  "dataset": "kin8nm",
  "rmse_train": 0.07890349401924086,
  "rmse_test": 0.08395526983798127,
  "log_score_train": 1.1933989074397675,
  "log_score_test": 1.1386186241703022,
  "crps_train": 0.04250040323679408,
  "crps_test": 0.04522941727145731,
  "picp_train": 0.9819612098196121,
  "picp_test": 0.9792429792429792,
  "mpiw_train": 0.3470468241688479,
  "mpiw_test": 0.35190316116385084
}