{
  "model": "NLM",
  "dataset": "kin8nm",
  "rmse_train": 0.07546868231060927,
  "rmse_test": 0.07908572443553757,
  "log_score_train": 1.266925958833834,
  "log_score_test": 1.2195784882232676,
  "crps_train": 0.04002332524693362,
  "crps_test": 0.041930314085487225,
  "picp_train": 0.9738234097382341,
  "picp_test": 0.9645909645909646,
  "mpiw_train": 0.31856170630660663,
  "mpiw_test": 0.3212033251247459
}