{
  "model": "MC dropout",
  "dataset": "kin8nm",
  "rmse_train": 0.08017662628054077,
  "rmse_test": 0.08799908680099185,
  "log_score_train": 1.1603417458830159,
  "log_score_test": 1.0871878085964752,
  "crps_train": 0.04335553722235118,
  "crps_test": 0.04767612712277216,
  "picp_train": 0.9864493682475737,
  "picp_test": 0.9718051995606005,
  "mpiw_train": 0.3792397928356004,
  "mpiw_test": 0.36560506628506956
}