{
  "model": "NLM",
  "dataset": "wine",
  "rmse_train": 0.5974351214564646,
  "rmse_test": 0.5963391163207402,
  "log_score_train": -0.8231388596654976,
  "log_score_test": -0.9068834270288906,
  "crps_train": 0.3974928525709861,
  "crps_test": 0.3356238677496336,
  "picp_train": 0.9659722222222222,
  "picp_test": 0.949685534591195,
  "mpiw_train": 3.7468870091559885,
  "mpiw_test": 2.6229155278197993
}