{
  "model": "NLM-E",
  "dataset": "kin8nm",
  "rmse_train": 0.07406442032626447,
  "rmse_test": 0.07732901392785349,
  "log_score_train": 1.2736048643979565,
  "log_score_test": 1.259362537056642,
  "crps_train": 0.03913320646221662,
  "crps_test": 0.04044194871286595,
  "picp_train": 0.9904779344442409,
  "picp_test": 0.9882826803368729,
  "mpiw_train": 0.3476551225638881,
  "mpiw_test": 0.3399806369777007
}