{
  "model": "MC dropout",
  "dataset": "kin8nm",
  "rmse_train": 0.08414701825883417,
  "rmse_test": 0.08946183614343903,
  "log_score_train": 1.119822561178849,
  "log_score_test": 1.0577609015907292,
  "crps_train": 0.045622053093715795,
  "crps_test": 0.04865493294470052,
  "picp_train": 0.9675883537813588,
  "picp_test": 0.9509337239106554,
  "mpiw_train": 0.34740285327177123,
  "mpiw_test": 0.3405076887246647
}