{
  "model": "DNNC-R",
  "dataset": "yacht",
  "rmse_train": 4.847549101120523,
  "rmse_test": 7.789992367040548,
  "log_score_train": -1.58606576420784,
  "log_score_test": -1.686149089992321,
  "crps_train": 3.9567520403076446,
  "crps_test": 5.166240348244179,
  "picp_train": 0.9424460431654677,
  "picp_test": 0.9333333333333333,
  "mpiw_train": 28.970169114955848,
  "mpiw_test": 32.15913454740678
}