{
  "model": "DNNC-R",
  "dataset": "wine",
  "rmse_train": 0.5283819449177065,
  "rmse_test": 0.5847925520303809,
  "log_score_train": -0.17130463328587295,
  "log_score_test": -0.2660919421930993,
  "crps_train": 0.2750852079147379,
  "crps_test": 0.3088241901600154,
  "picp_train": 0.9634146341463414,
  "picp_test": 0.9380863039399625,
  "mpiw_train": 2.2574573661162676,
  "mpiw_test": 2.3708241812415958
}