{
  "model": "NLM",
  "dataset": "boston",
  "rmse_train": 3.607829110690184,
  "rmse_test": 3.171633317010286,
  "log_score_train": -2.21646749415416,
  "log_score_test": -3.184338565018745,
  "crps_train": 1.5325491228762909,
  "crps_test": 1.9680434050151294,
  "picp_train": 0.9881305637982196,
  "picp_test": 0.8698224852071006,
  "mpiw_train": 15.93611486640371,
  "mpiw_test": 16.114863750965764
}