{
  "model": "MC dropout",
  "dataset": "powerplant",
  "rmse_train": 4.088232481267684,
  "rmse_test": 4.163914665996813,
  "log_score_train": -2.7981109024791184,
  "log_score_test": -2.8533345982261835,
  "crps_train": 2.2317494305743812,
  "crps_test": 2.239520333398789,
  "picp_train": 0.967835578262889,
  "picp_test": 0.9612970711297071,
  "mpiw_train": 16.345148408284953,
  "mpiw_test": 16.26546154079291
}