{
  "model": "DNNC-R",
  "dataset": "wine",
  "rmse_train": 0.48296104039983045,
  "rmse_test": 0.7084872518355773,
  "log_score_train": -0.024168874453068735,
  "log_score_test": -0.7002671624330699,
  "crps_train": 0.2477065978880366,
  "crps_test": 0.38129573155096064,
  "picp_train": 0.9624765478424016,
  "picp_test": 0.8686679174484052,
  "mpiw_train": 2.007498960241332,
  "mpiw_test": 2.073581030864349
}