{
  "model": "PNN-E",
  "dataset": "wine",
  "rmse_train": 0.5550519952881748,
  "rmse_test": 0.6557588191086919,
  "log_score_train": -0.7131223185319229,
  "log_score_test": -0.9831200280337634,
  "crps_train": 0.2983267380972054,
  "crps_test": 0.35973906692445556,
  "picp_train": 0.9694444444444444,
  "picp_test": 0.9119496855345912,
  "mpiw_train": 2.304427477652596,
  "mpiw_test": 2.211212639915225
}