{
  "model": "DNNC-R",
  "dataset": "yacht",
  "rmse_train": 4.54790923029516,
  "rmse_test": 7.103347151330244,
  "log_score_train": -1.4823413168548896,
  "log_score_test": -2.247871925319032,
  "crps_train": 3.1477702112308616,
  "crps_test": 3.6526578162807883,
  "picp_train": 0.9712230215827338,
  "picp_test": 0.9666666666666667,
  "mpiw_train": 27.000183681323655,
  "mpiw_test": 30.591734979318705
}