{
  "model": "PBP",
  "dataset": "wine",
  "rmse_train": 0.5849809900518735,
  "rmse_test": 0.6744699306375805,
  "log_score_train": -0.8815687144257305,
  "log_score_test": -1.0406788886720204,
  "crps_train": 0.32576168890816476,
  "crps_test": 0.3772022964420612,
  "picp_train": 0.9465277777777777,
  "picp_test": 0.9119496855345912,
  "mpiw_train": 2.32231732748563,
  "mpiw_test": 2.32244227858473
}