{
  "model": "PBP",
  "dataset": "energy",
  "rmse_train": 3.4647581188283008,
  "rmse_test": 3.201867829926833,
  "log_score_train": -2.4952606614313035,
  "log_score_test": -2.394137363712305,
  "crps_train": 1.730634041449389,
  "crps_test": 1.558028991216152,
  "picp_train": 0.9176300578034682,
  "picp_test": 0.9605263157894737,
  "mpiw_train": 11.203986219963037,
  "mpiw_test": 11.148974200079769
}