{
  "model": "PNN",
  "dataset": "yacht",
  "rmse_train": 1.3159873988560737,
  "rmse_test": 2.4316095524473216,
  "log_score_train": -1.435043059133867,
  "log_score_test": -9.763037615430122,
  "crps_train": 0.6183750266858418,
  "crps_test": 1.5286307731648945,
  "picp_train": 0.946078431372549,
  "picp_test": 0.5192307692307693,
  "mpiw_train": 4.785486033792502,
  "mpiw_test": 3.4024116653221137
}