{
  "model": "DNNC-R",
  "dataset": "energy",
  "rmse_train": 2.539061087186372,
  "rmse_test": 1.875404924465796,
  "log_score_train": -1.8032817438894295,
  "log_score_test": -1.9377331998255103,
  "crps_train": 0.9677016310926055,
  "crps_test": 0.9257757875010975,
  "picp_train": 0.9826589595375722,
  "picp_test": 0.9736842105263158,
  "mpiw_train": 9.604270719458157,
  "mpiw_test": 9.227784642597255
}