{
  "model": "NLM-E",
  "dataset": "concrete",
  "rmse_train": 3.9539671174467528,
  "rmse_test": 7.5359269608283865,
  "log_score_train": -2.7073362637761904,
  "log_score_test": -3.312934795824984,
  "crps_train": 2.093629115226711,
  "crps_test": 3.9304481398753484,
  "picp_train": 0.992721979621543,
  "picp_test": 0.9329446064139941,
  "mpiw_train": 19.780722037614936,
  "mpiw_test": 23.11475310171386
}