{
  "model": "NLM",
  "dataset": "kin8nm",
  "rmse_train": 0.07612884139581139,
  "rmse_test": 0.09831695455210067,
  "log_score_train": 1.2817599812993616,
  "log_score_test": 1.0353085931464536,
  "crps_train": 0.039792522667137835,
  "crps_test": 0.05126082908538904,
  "picp_train": 0.9787545787545787,
  "picp_test": 0.9502196193265008,
  "mpiw_train": 0.3206799926216248,
  "mpiw_test": 0.36469213335313966
}