{
  "model": "MC dropout",
  "dataset": "wine",
  "rmse_train": 0.5651113428904194,
  "rmse_test": 0.7095780876579707,
  "log_score_train": -0.7673628679136627,
  "log_score_test": -1.0513661185510779,
  "crps_train": 0.30708068853267007,
  "crps_test": 0.38873110533042354,
  "picp_train": 0.9709193245778611,
  "picp_test": 0.9212007504690432,
  "mpiw_train": 2.4658472043544517,
  "mpiw_test": 2.2828079142195827
}