{
  "model": "PBP",
  "dataset": "yacht",
  "rmse_train": 0.8111227567410532,
  "rmse_test": 2.8584192203063084,
  "log_score_train": -1.6044243656928667,
  "log_score_test": -2.263402571167608,
  "crps_train": 0.5482221078601882,
  "crps_test": 1.3982527853962394,
  "picp_train": 0.9950980392156863,
  "picp_test": 0.8846153846153846,
  "mpiw_train": 7.122778138726342,
  "mpiw_test": 8.342108080781204
}