{
  "model": "PBP",
  "dataset": "wine",
  "rmse_train": 0.5708507047810121,
  "rmse_test": 0.6528433656085207,
  "log_score_train": -0.8563170417526675,
  "log_score_test": -1.005079291229646,
  "crps_train": 0.31856720545900263,
  "crps_test": 0.3605874146418201,
  "picp_train": 0.9540337711069419,
  "picp_test": 0.9080675422138836,
  "mpiw_train": 2.280233989592986,
  "mpiw_test": 2.2764894823766433
}