{
  "model": "PBP",
  "dataset": "wine",
  "rmse_train": 0.5863209913145562,
  "rmse_test": 0.6411060079001139,
  "log_score_train": -0.8833205362908997,
  "log_score_test": -0.979090578555526,
  "crps_train": 0.32652641715346914,
  "crps_test": 0.35527699944247576,
  "picp_train": 0.9416666666666667,
  "picp_test": 0.9182389937106918,
  "mpiw_train": 2.3286716898133433,
  "mpiw_test": 2.329884775833535
}