{
  "model": "PNN",
  "dataset": "kin8nm",
  "rmse_train": 0.07860699325280247,
  "rmse_test": 0.08300668790182437,
  "log_score_train": 1.2221756333865121,
  "log_score_test": 1.1973041291341404,
  "crps_train": 0.04207558968692243,
  "crps_test": 0.04371343156503827,
  "picp_train": 0.9546995795469958,
  "picp_test": 0.9474969474969475,
  "mpiw_train": 0.2979081692003339,
  "mpiw_test": 0.3007984386907596
}