{
  "model": "PBP",
  "dataset": "boston",
  "rmse_train": 2.36488409997431,
  "rmse_test": 2.530548343922819,
  "log_score_train": -2.2775627389932707,
  "log_score_test": -2.344818760392244,
  "crps_train": 1.2775032381343736,
  "crps_test": 1.4079066816121562,
  "picp_train": 0.9614243323442137,
  "picp_test": 0.9585798816568047,
  "mpiw_train": 10.456067349749425,
  "mpiw_test": 10.43984588301092
}