{
  "model": "PNN",
  "dataset": "wine",
  "rmse_train": 0.5887756068383659,
  "rmse_test": 0.5961255998411628,
  "log_score_train": -0.7400275930436137,
  "log_score_test": -0.9220042524927048,
  "crps_train": 0.31286244597889384,
  "crps_test": 0.3320938473104135,
  "picp_train": 0.9643527204502814,
  "picp_test": 0.9080675422138836,
  "mpiw_train": 2.2764532941487827,
  "mpiw_test": 2.193156089454767
}