{
  "model": "PNN-E",
  "dataset": "concrete",
  "rmse_train": 4.216064379181634,
  "rmse_test": 5.756703424400358,
  "log_score_train": -2.7350413192257346,
  "log_score_test": -3.079795073755951,
  "crps_train": 2.2166535681622443,
  "crps_test": 2.888743971407007,
  "picp_train": 0.9805825242718447,
  "picp_test": 0.9611650485436893,
  "mpiw_train": 19.745646658928788,
  "mpiw_test": 20.876828359099406
}