{
  "model": "PNN",
  "dataset": "energy",
  "rmse_train": 3.0058145760841515,
  "rmse_test": 1.9346959155240357,
  "log_score_train": -1.3062494129167674,
  "log_score_test": -1.2598593264883622,
  "crps_train": 0.9145017817221633,
  "crps_test": 0.7815118832406303,
  "picp_train": 0.9898843930635838,
  "picp_test": 0.9868421052631579,
  "mpiw_train": 6.544793432588488,
  "mpiw_test": 5.728268987327985
}