{
  "model": "PNN-E",
  "dataset": "powerplant",
  "rmse_train": 3.9990225609313046,
  "rmse_test": 4.12728422056249,
  "log_score_train": -2.7773804705613174,
  "log_score_test": -2.8328674890350207,
  "crps_train": 2.1723563195799556,
  "crps_test": 2.2069773765629783,
  "picp_train": 0.9657454714352067,
  "picp_test": 0.9633891213389121,
  "mpiw_train": 16.16741064719901,
  "mpiw_test": 16.210689452936368
}