{
  "model": "PBP",
  "dataset": "wine",
  "rmse_train": 0.5751711758329261,
  "rmse_test": 0.6426426204571856,
  "log_score_train": -0.8643179613010252,
  "log_score_test": -0.9809632452532915,
  "crps_train": 0.31955938051655197,
  "crps_test": 0.3600251725648742,
  "picp_train": 0.9437148217636022,
  "picp_test": 0.9343339587242027,
  "mpiw_train": 2.309091462106237,
  "mpiw_test": 2.303741226351177
}