{
  "model": "NLM",
  "dataset": "yacht",
  "rmse_train": 1.4256927452658723,
  "rmse_test": 2.2819415812988897,
  "log_score_train": -1.64523302146125,
  "log_score_test": -1.5994777424464108,
  "crps_train": 0.7093392093994518,
  "crps_test": 0.7535721840805465,
  "picp_train": 1.0,
  "picp_test": 1.0,
  "mpiw_train": 9.330945048292167,
  "mpiw_test": 9.62756265417077
}