{
  "model": "PNN",
  "dataset": "energy",
  "rmse_train": 3.020824656246562,
  "rmse_test": 2.015470623184972,
  "log_score_train": -1.391925392212447,
  "log_score_test": -1.700614748072805,
  "crps_train": 0.9129062440131727,
  "crps_test": 0.8374317803490653,
  "picp_train": 0.9754335260115607,
  "picp_test": 0.9605263157894737,
  "mpiw_train": 5.985586197290131,
  "mpiw_test": 5.932900480525624
}