{
  "model": "NLM",
  "dataset": "wine",
  "rmse_train": 0.5739052011350797,
  "rmse_test": 0.6087237699100597,
  "log_score_train": -0.6994333062925804,
  "log_score_test": -1.632927493301012,
  "crps_train": 0.30377627474250424,
  "crps_test": 0.34929735289217123,
  "picp_train": 0.9587242026266416,
  "picp_test": 0.8348968105065666,
  "mpiw_train": 2.1923959679771863,
  "mpiw_test": 1.9153836055164308
}