{
  "model": "DNNC-R",
  "dataset": "concrete",
  "rmse_train": 4.470868716847274,
  "rmse_test": 6.86498388777257,
  "log_score_train": -2.9610474341011503,
  "log_score_test": -3.663199501506852,
  "crps_train": 2.5183588020114502,
  "crps_test": 3.6955519874777787,
  "picp_train": 0.9406688241639698,
  "picp_test": 0.883495145631068,
  "mpiw_train": 20.93469868394152,
  "mpiw_test": 20.85097494882399
}