{
  "model": "PNN",
  "dataset": "boston",
  "rmse_train": 2.4787223439612194,
  "rmse_test": 4.765112832760827,
  "log_score_train": -1.8210373037123841,
  "log_score_test": -3.905484843870295,
  "crps_train": 1.0172820600568993,
  "crps_test": 2.13421264318299,
  "picp_train": 0.9702380952380952,
  "picp_test": 0.7352941176470589,
  "mpiw_train": 7.762889321644588,
  "mpiw_test": 7.928813434563358
}