{
  "model": "MC dropout",
  "dataset": "concrete",
  "rmse_train": 4.00792972648665,
  "rmse_test": 4.362367375596452,
  "log_score_train": -2.6340281570433914,
  "log_score_test": -2.813224636375435,
  "crps_train": 1.9979502421359059,
  "crps_test": 2.3778089830443165,
  "picp_train": 0.9892125134843581,
  "picp_test": 0.9514563106796117,
  "mpiw_train": 17.708278951990923,
  "mpiw_test": 17.427643863324004
}