{
  "model": "PBP",
  "dataset": "boston",
  "rmse_train": 2.4311963402362013,
  "rmse_test": 4.536483174563112,
  "log_score_train": -2.297513439759505,
  "log_score_test": -3.3410444043213676,
  "crps_train": 1.2982523517679976,
  "crps_test": 2.615243305297482,
  "picp_train": 0.9703264094955489,
  "picp_test": 0.7869822485207101,
  "mpiw_train": 10.401504806393476,
  "mpiw_test": 10.228343267390436
}