{
  "model": "DNNC-R",
  "dataset": "wine",
  "rmse_train": 0.5143967772127139,
  "rmse_test": 0.6966673147690761,
  "log_score_train": -0.03369748760039682,
  "log_score_test": -0.7989629191087112,
  "crps_train": 0.2637056202264905,
  "crps_test": 0.36111370082071176,
  "picp_train": 0.9611111111111111,
  "picp_test": 0.8679245283018868,
  "mpiw_train": 2.1654154634857745,
  "mpiw_test": 2.1780860275263385
}