{
  "model": "NLM-E",
  "dataset": "wine",
  "rmse_train": 0.5696871502777981,
  "rmse_test": 0.6333825238938664,
  "log_score_train": -0.7489960724981125,
  "log_score_test": -0.9351408326359664,
  "crps_train": 0.32973602785345274,
  "crps_test": 0.35043393580249,
  "picp_train": 0.9708333333333333,
  "picp_test": 0.9559748427672956,
  "mpiw_train": 2.828571073839561,
  "mpiw_test": 2.562461551511581
}