{
  "model": "NLM",
  "dataset": "kin8nm",
  "rmse_train": 0.07686785670849632,
  "rmse_test": 0.08629165633547625,
  "log_score_train": 1.2589291264570703,
  "log_score_test": 1.1730090006524239,
  "crps_train": 0.04030846893171084,
  "crps_test": 0.04426203425211262,
  "picp_train": 0.981011799810118,
  "picp_test": 0.9621489621489622,
  "mpiw_train": 0.3399838727162509,
  "mpiw_test": 0.34067150930656975
}