{
  "model": "PBP",
  "dataset": "powerplant",
  "rmse_train": 4.067864541203806,
  "rmse_test": 3.9973547187745218,
  "log_score_train": -2.8220866974463283,
  "log_score_test": -2.8053181352039793,
  "crps_train": 2.2225386860975265,
  "crps_test": 2.215941704099934,
  "picp_train": 0.9634231305155597,
  "picp_test": 0.9623430962343096,
  "mpiw_train": 16.10458089832713,
  "mpiw_test": 16.104762621746517
}