{
  "model": "PNN",
  "dataset": "wine",
  "rmse_train": 0.5709702911770621,
  "rmse_test": 0.6937555458821236,
  "log_score_train": -0.6243688985845954,
  "log_score_test": -1.3612246139158104,
  "crps_train": 0.29617971645678903,
  "crps_test": 0.3963892009874043,
  "picp_train": 0.9559099437148217,
  "picp_test": 0.8555347091932458,
  "mpiw_train": 2.090318972719992,
  "mpiw_test": 2.188585425347444
}