{
  "model": "PNN-E",
  "dataset": "kin8nm",
  "rmse_train": 0.0695109605038657,
  "rmse_test": 0.0841566917413466,
  "log_score_train": 1.3113119229401278,
  "log_score_test": 1.12645666639117,
  "crps_train": 0.037474915963485456,
  "crps_test": 0.045604262595169184,
  "picp_train": 0.9873626373626374,
  "picp_test": 0.9769399707174231,
  "mpiw_train": 0.3316522143222711,
  "mpiw_test": 0.3718664403385298
}