{
  "model": "MC dropout",
  "dataset": "boston",
  "rmse_train": 3.3375031836811657,
  "rmse_test": 4.665747599752078,
  "log_score_train": -2.326815938292527,
  "log_score_test": -2.4027783340127264,
  "crps_train": 1.4818524258339503,
  "crps_test": 1.8046926541195705,
  "picp_train": 0.9868421052631579,
  "picp_test": 1.0,
  "mpiw_train": 14.678563758246243,
  "mpiw_test": 18.02556211619399
}