{
  "model": "NLM-E",
  "dataset": "kin8nm",
  "rmse_train": 0.07274866866291006,
  "rmse_test": 0.07913036662832049,
  "log_score_train": 1.2859402568862413,
  "log_score_test": 1.2308426697724741,
  "crps_train": 0.038617550051702226,
  "crps_test": 0.04114597382932757,
  "picp_train": 0.9906415299064153,
  "picp_test": 0.9829059829059829,
  "mpiw_train": 0.3481481016628843,
  "mpiw_test": 0.3538389624557607
}