{
  "model": "DNNC-R",
  "dataset": "concrete",
  "rmse_train": 4.505817611716515,
  "rmse_test": 5.560959289384417,
  "log_score_train": -2.960126762194632,
  "log_score_test": -3.2497245354139506,
  "crps_train": 2.54581779174135,
  "crps_test": 3.1908960893982483,
  "picp_train": 0.9546925566343042,
  "picp_test": 0.8932038834951457,
  "mpiw_train": 20.954904757256056,
  "mpiw_test": 21.791334931452425
}