{
  "model": "MC dropout",
  "dataset": "wine",
  "rmse_train": 0.5737849573448133,
  "rmse_test": 0.5870067562272175,
  "log_score_train": -0.7920570648621208,
  "log_score_test": -0.8728536941979669,
  "crps_train": 0.3118738089471146,
  "crps_test": 0.3259645348540381,
  "picp_train": 0.9793621013133208,
  "picp_test": 0.9136960600375235,
  "mpiw_train": 2.5854282324272115,
  "mpiw_test": 2.134490887496248
}