{
  "model": "NLM",
  "dataset": "energy",
  "rmse_train": 3.014194323687196,
  "rmse_test": 2.164088270401548,
  "log_score_train": -1.1020260939073419,
  "log_score_test": -2.1184762822233196,
  "crps_train": 0.8480332487784734,
  "crps_test": 0.8909449527684137,
  "picp_train": 0.9898843930635838,
  "picp_test": 0.9868421052631579,
  "mpiw_train": 5.8474456005999125,
  "mpiw_test": 5.550906335688721
}