{
  "model": "PNN",
  "dataset": "wine",
  "rmse_train": 0.5457138893488572,
  "rmse_test": 0.7958818576143698,
  "log_score_train": -0.6855810350208486,
  "log_score_test": -2.5530264968129766,
  "crps_train": 0.29094950194941616,
  "crps_test": 0.4470505726676433,
  "picp_train": 0.9483568075117371,
  "picp_test": 0.8389513108614233,
  "mpiw_train": 1.9316761186860063,
  "mpiw_test": 2.2927757783581186
}