{
  "model": "NLM",
  "dataset": "kin8nm",
  "rmse_train": 0.07105481969633541,
  "rmse_test": 0.09811378270184427,
  "log_score_train": 1.2940195402744248,
  "log_score_test": 1.0631461074197124,
  "crps_train": 0.03841297322202751,
  "crps_test": 0.0504897800929795,
  "picp_train": 0.9822344322344322,
  "picp_test": 0.9601024890190337,
  "mpiw_train": 0.318514496024847,
  "mpiw_test": 0.3679948453203669
}