{
  "model": "NLM",
  "dataset": "kin8nm",
  "rmse_train": 0.07674731745760509,
  "rmse_test": 0.07789476098149066,
  "log_score_train": 1.2561713661584337,
  "log_score_test": 1.2104730455509183,
  "crps_train": 0.04049167373403651,
  "crps_test": 0.041609706701499,
  "picp_train": 0.9749084497490845,
  "picp_test": 0.9597069597069597,
  "mpiw_train": 0.32285997088295965,
  "mpiw_test": 0.3212396484313567
}