{
  "model": "PNN-E",
  "dataset": "boston",
  "rmse_train": 2.546577376887139,
  "rmse_test": 4.243738020761841,
  "log_score_train": -1.9790198302969377,
  "log_score_test": -2.881200498389867,
  "crps_train": 1.1382899458492364,
  "crps_test": 2.419294866513054,
  "picp_train": 0.9940476190476191,
  "picp_test": 0.9117647058823529,
  "mpiw_train": 12.574201560330916,
  "mpiw_test": 22.366474101121483
}