{
  "model": "PBP",
  "dataset": "yacht",
  "rmse_train": 0.9376576501842895,
  "rmse_test": 2.709634003902241,
  "log_score_train": -1.7282643784198775,
  "log_score_test": -2.2982783627176926,
  "crps_train": 0.6245869752668403,
  "crps_test": 1.3204621892693627,
  "picp_train": 0.9950980392156863,
  "picp_test": 0.9038461538461539,
  "mpiw_train": 8.033310914774376,
  "mpiw_test": 9.060821150853284
}