{
  "model": "PBP",
  "dataset": "yacht",
  "rmse_train": 0.9354824186373086,
  "rmse_test": 1.2407244674211924,
  "log_score_train": -1.7063417678634412,
  "log_score_test": -1.776746843766406,
  "crps_train": 0.6161220576787768,
  "crps_test": 0.6938988613876127,
  "picp_train": 0.9951219512195122,
  "picp_test": 0.9805825242718447,
  "mpiw_train": 7.787109530115348,
  "mpiw_test": 7.908672360259754
}