{
  "model": "DNNC-R",
  "dataset": "boston",
  "rmse_train": 2.589829729618394,
  "rmse_test": 6.446363023400246,
  "log_score_train": -2.1858158667021153,
  "log_score_test": -3.560960327093345,
  "crps_train": 1.2993514467555978,
  "crps_test": 3.470892989920274,
  "picp_train": 0.9495548961424333,
  "picp_test": 0.7928994082840237,
  "mpiw_train": 12.357011780285212,
  "mpiw_test": 13.653802567697708
}