{
  "model": "PNN-E",
  "dataset": "kin8nm",
  "rmse_train": 0.07231204714284141,
  "rmse_test": 0.08557936497934819,
  "log_score_train": 1.2630212849644606,
  "log_score_test": 1.2005346399539543,
  "crps_train": 0.039168002246713025,
  "crps_test": 0.043393649493017133,
  "picp_train": 0.9876576698765767,
  "picp_test": 0.9768009768009768,
  "mpiw_train": 0.3464368898508654,
  "mpiw_test": 0.3573487741431264
}