{
  "model": "PBP",
  "dataset": "concrete",
  "rmse_train": 4.832642224097045,
  "rmse_test": 7.114768412558206,
  "log_score_train": -2.99763017420294,
  "log_score_test": -3.5029980467176185,
  "crps_train": 2.6863306282869583,
  "crps_test": 3.8207490839962217,
  "picp_train": 0.9546925566343042,
  "picp_test": 0.8737864077669902,
  "mpiw_train": 20.313240552476653,
  "mpiw_test": 20.318373832965474
}