{
  "model": "NLM",
  "dataset": "boston",
  "rmse_train": 3.4970221191155892,
  "rmse_test": 3.7735902765871394,
  "log_score_train": -2.047855386290031,
  "log_score_test": -2.9615052605731327,
  "crps_train": 1.3205192225097853,
  "crps_test": 1.9473766194642483,
  "picp_train": 0.9614243323442137,
  "picp_test": 0.8284023668639053,
  "mpiw_train": 9.824893310081826,
  "mpiw_test": 11.204145016181968
}