{
  "model": "DNNC-R",
  "dataset": "yacht",
  "rmse_train": 3.9455217382319936,
  "rmse_test": 2.8800928707468856,
  "log_score_train": -1.5948880048945238,
  "log_score_test": -1.5626454949783448,
  "crps_train": 4.241267975021866,
  "crps_test": 2.4509568302239475,
  "picp_train": 0.9388489208633094,
  "picp_test": 0.9666666666666667,
  "mpiw_train": 30.548291246808365,
  "mpiw_test": 28.372015486236158
}