{
  "model": "MC dropout",
  "dataset": "kin8nm",
  "rmse_train": 0.07838579269811595,
  "rmse_test": 0.07924138788651221,
  "log_score_train": 1.1740810343181614,
  "log_score_test": 1.165917578769731,
  "crps_train": 0.04266381742564396,
  "crps_test": 0.04312806048994093,
  "picp_train": 0.985487589854876,
  "picp_test": 0.9829059829059829,
  "mpiw_train": 0.36467309525710656,
  "mpiw_test": 0.3640708899208577
}