{
  "model": "PNN",
  "dataset": "kin8nm",
  "rmse_train": 0.08375408763271523,
  "rmse_test": 0.09164802013915567,
  "log_score_train": 1.1914076229981239,
  "log_score_test": 1.0993203447264097,
  "crps_train": 0.04355011074001424,
  "crps_test": 0.04771574806440433,
  "picp_train": 0.9400515394005154,
  "picp_test": 0.9291819291819292,
  "mpiw_train": 0.2962074374144606,
  "mpiw_test": 0.30717074649957976
}