{
  "model": "NLM-E",
  "dataset": "concrete",
  "rmse_train": 3.7466587156338758,
  "rmse_test": 8.56049914406811,
  "log_score_train": -2.6324901594626273,
  "log_score_test": -3.2784933961538503,
  "crps_train": 1.9604136755674133,
  "crps_test": 4.1141477447066395,
  "picp_train": 0.9927113702623906,
  "picp_test": 0.9127906976744186,
  "mpiw_train": 17.942538769414078,
  "mpiw_test": 25.301285594480838
}