{
  "model": "MC dropout",
  "dataset": "kin8nm",
  "rmse_train": 0.07906134882530802,
  "rmse_test": 0.08470751203927725,
  "log_score_train": 1.171574828751996,
  "log_score_test": 1.1129795652448833,
  "crps_train": 0.04300126627425954,
  "crps_test": 0.04613960722145432,
  "picp_train": 0.9818255798182558,
  "picp_test": 0.9694749694749695,
  "mpiw_train": 0.3593183396110269,
  "mpiw_test": 0.36117669742424885
}