{
  "model": "DNNC-R",
  "dataset": "boston",
  "rmse_train": 2.1740695684574263,
  "rmse_test": 2.4874769165794044,
  "log_score_train": -2.160728448219212,
  "log_score_test": -2.3364706669674846,
  "crps_train": 1.1905457198430893,
  "crps_test": 1.41602006532197,
  "picp_train": 0.9627192982456141,
  "picp_test": 0.94,
  "mpiw_train": 11.235968464933258,
  "mpiw_test": 11.196100639095873
}