{
  "model": "NLM-E",
  "dataset": "energy",
  "rmse_train": 2.6305830805217174,
  "rmse_test": 4.21753538752432,
  "log_score_train": -1.4404676599523285,
  "log_score_test": -1.5319493528984678,
  "crps_train": 0.8549441669173937,
  "crps_test": 1.2021321625111452,
  "picp_train": 0.9985549132947977,
  "picp_test": 0.9868421052631579,
  "mpiw_train": 7.913758024502994,
  "mpiw_test": 9.208292847912139
}