{
  "model": "NLM-E",
  "dataset": "kin8nm",
  "rmse_train": 0.07209971109722861,
  "rmse_test": 0.07851697652562294,
  "log_score_train": 1.2963316013339918,
  "log_score_test": 1.2259319942794797,
  "crps_train": 0.038160396393795565,
  "crps_test": 0.04140357091253885,
  "picp_train": 0.9896921198969212,
  "picp_test": 0.9841269841269841,
  "mpiw_train": 0.340968728088314,
  "mpiw_test": 0.3489386123381594
}