{
  "model": "DNNC-R",
  "dataset": "yacht",
  "rmse_train": 3.8423944953841978,
  "rmse_test": 6.110586427409763,
  "log_score_train": -1.2077057181887256,
  "log_score_test": -4.375904623724997,
  "crps_train": 3.9557414165818687,
  "crps_test": 4.178843633298767,
  "picp_train": 0.8975609756097561,
  "picp_test": 0.7281553398058253,
  "mpiw_train": 23.445749075958716,
  "mpiw_test": 19.280006994747787
}