{
  "model": "MC dropout",
  "dataset": "yacht",
  "rmse_train": 3.02557268978823,
  "rmse_test": 2.9868477075276307,
  "log_score_train": -2.807893207909125,
  "log_score_test": -2.829754712197036,
  "crps_train": 1.9843501614710166,
  "crps_test": 1.9803940343844921,
  "picp_train": 1.0,
  "picp_test": 1.0,
  "mpiw_train": 27.85970516095337,
  "mpiw_test": 28.20324148566302
}