{
  "model": "NLM",
  "dataset": "boston",
  "rmse_train": 2.680691737737772,
  "rmse_test": 9.763621097116324,
  "log_score_train": -1.81739276224124,
  "log_score_test": -5.624905010671235,
  "crps_train": 1.0442608908701008,
  "crps_test": 4.744093999134303,
  "picp_train": 0.9851190476190477,
  "picp_test": 0.5823529411764706,
  "mpiw_train": 7.7325999628353115,
  "mpiw_test": 10.089354303855153
}