{
  "model": "NLM-E",
  "dataset": "yacht",
  "rmse_train": 1.0491268861496184,
  "rmse_test": 3.9105857222821547,
  "log_score_train": -1.4521437208133545,
  "log_score_test": -3.9248513973209587,
  "crps_train": 0.7628859059056157,
  "crps_test": 5.901041350172134,
  "picp_train": 1.0,
  "picp_test": 1.0,
  "mpiw_train": 11.665579809084601,
  "mpiw_test": 94.17815056812752
}