{
  "model": "MC dropout",
  "dataset": "concrete",
  "rmse_train": 5.132077724834455,
  "rmse_test": 6.17730319898747,
  "log_score_train": -3.1787407365999827,
  "log_score_test": -3.2610963250045617,
  "crps_train": 3.0659276832903175,
  "crps_test": 3.467167398928909,
  "picp_train": 0.9978425026968716,
  "picp_test": 0.9902912621359223,
  "mpiw_train": 34.448286678446394,
  "mpiw_test": 36.3013243217663
}