{
  "model": "DNNC-R",
  "dataset": "energy",
  "rmse_train": 2.0959816529869926,
  "rmse_test": 7.322566246297438,
  "log_score_train": -1.8109378765807784,
  "log_score_test": -6.684133089003024,
  "crps_train": 0.9942902569359057,
  "crps_test": 2.640543703393445,
  "picp_train": 0.9566473988439307,
  "picp_test": 0.9078947368421053,
  "mpiw_train": 9.680882217595876,
  "mpiw_test": 9.324732219460639
}