{
  "model": "MC dropout",
  "dataset": "boston",
  "rmse_train": 2.757231389000151,
  "rmse_test": 5.362331154065877,
  "log_score_train": -2.097732789073153,
  "log_score_test": -2.938761100708561,
  "crps_train": 1.2403435954105158,
  "crps_test": 2.374793006801886,
  "picp_train": 0.9714912280701754,
  "picp_test": 0.8,
  "mpiw_train": 9.888601038402006,
  "mpiw_test": 9.399110675244254
}