{
  "model": "MC dropout",
  "dataset": "concrete",
  "rmse_train": 6.490582836210952,
  "rmse_test": 8.259081184311995,
  "log_score_train": -3.3624855065007453,
  "log_score_test": -3.4978427831473082,
  "crps_train": 3.6884873151286133,
  "crps_test": 4.652798757415723,
  "picp_train": 0.9985443959243085,
  "picp_test": 0.9941690962099126,
  "mpiw_train": 39.02587351848813,
  "mpiw_test": 35.61205008687068
}