{
  "model": "PNN",
  "dataset": "yacht",
  "rmse_train": 1.1159002330897514,
  "rmse_test": 1.1120282406929474,
  "log_score_train": -1.0751665753591158,
  "log_score_test": -1.1436557327006764,
  "crps_train": 0.48319623540846784,
  "crps_test": 0.5032201354845794,
  "picp_train": 0.9424460431654677,
  "picp_test": 0.9333333333333333,
  "mpiw_train": 3.8199380292025995,
  "mpiw_test": 3.528889653846732
}