{
  "model": "MC dropout",
  "dataset": "concrete",
  "rmse_train": 3.544397048980862,
  "rmse_test": 10.508582340155165,
  "log_score_train": -2.604985739794203,
  "log_score_test": -4.268883588836981,
  "crps_train": 1.878964579775249,
  "crps_test": 6.130025093013032,
  "picp_train": 0.9941690962099126,
  "picp_test": 0.7761627906976745,
  "mpiw_train": 16.99353672406858,
  "mpiw_test": 24.52354020516186
}