{
  "model": "NLM-E",
  "dataset": "wine",
  "rmse_train": 0.5683206448980332,
  "rmse_test": 0.5792485848289017,
  "log_score_train": -0.7399518654327687,
  "log_score_test": -0.9031064731716513,
  "crps_train": 0.30866704340066103,
  "crps_test": 0.3203872178390446,
  "picp_train": 0.9638888888888889,
  "picp_test": 0.9308176100628931,
  "mpiw_train": 2.433713271621599,
  "mpiw_test": 2.2446496576218062
}