{
  "model": "PBP",
  "dataset": "wine",
  "rmse_train": 0.585684899390354,
  "rmse_test": 0.663198974148011,
  "log_score_train": -0.8825917887853567,
  "log_score_test": -1.0159509278169612,
  "crps_train": 0.3261513104361852,
  "crps_test": 0.3632046971076474,
  "picp_train": 0.9506944444444444,
  "picp_test": 0.89937106918239,
  "mpiw_train": 2.331519250020103,
  "mpiw_test": 2.3316076414352733
}