{
  "model": "NLM-E",
  "dataset": "concrete",
  "rmse_train": 4.484516411579654,
  "rmse_test": 6.5935410558054395,
  "log_score_train": -2.870349218469642,
  "log_score_test": -3.1701848366772647,
  "crps_train": 2.4156024982008475,
  "crps_test": 3.1954827650598303,
  "picp_train": 0.9956850053937433,
  "picp_test": 0.9514563106796117,
  "mpiw_train": 24.479339755158314,
  "mpiw_test": 23.59519063025728
}