{
  "model": "PBP",
  "dataset": "yacht",
  "rmse_train": 0.9128277773375296,
  "rmse_test": 0.6591214756348567,
  "log_score_train": -1.641220626486962,
  "log_score_test": -1.5845831679896292,
  "crps_train": 0.5845980179783551,
  "crps_test": 0.5167157999396811,
  "picp_train": 0.9928057553956835,
  "picp_test": 1.0,
  "mpiw_train": 7.201806197817161,
  "mpiw_test": 7.1613520640691615
}