{
  "model": "MC dropout",
  "dataset": "yacht",
  "rmse_train": 0.7143883939989312,
  "rmse_test": 0.5966087051253113,
  "log_score_train": -1.4229519636027406,
  "log_score_test": -1.3843392578318214,
  "crps_train": 0.5300151968775781,
  "crps_test": 0.49163800707784283,
  "picp_train": 1.0,
  "picp_test": 1.0,
  "mpiw_train": 7.713439309242528,
  "mpiw_test": 7.096066674484348
}