{
  "model": "PNN-E",
  "dataset": "wine",
  "rmse_train": 0.5374168559361463,
  "rmse_test": 0.637521900719875,
  "log_score_train": -0.7092655025189057,
  "log_score_test": -0.9381290683376454,
  "crps_train": 0.29516202278556664,
  "crps_test": 0.34434796153733976,
  "picp_train": 0.9729166666666667,
  "picp_test": 0.9056603773584906,
  "mpiw_train": 2.3888819397926913,
  "mpiw_test": 2.2700867248399317
}