{
  "model": "PBP",
  "dataset": "yacht",
  "rmse_train": 0.4123108461846269,
  "rmse_test": 8.173267020225143,
  "log_score_train": -0.8460737432229554,
  "log_score_test": -37.232491053734435,
  "crps_train": 0.2624241867749953,
  "crps_test": 4.899097050685343,
  "picp_train": 0.9950980392156863,
  "picp_test": 0.5480769230769231,
  "mpiw_train": 3.256630146671914,
  "mpiw_test": 3.462644645553783
}