{
  "model": "PBP",
  "dataset": "energy",
  "rmse_train": 2.988179529012289,
  "rmse_test": 2.3358827642504614,
  "log_score_train": -2.3159782527879242,
  "log_score_test": -2.2826005941091663,
  "crps_train": 1.2951958294080195,
  "crps_test": 1.2600390511564143,
  "picp_train": 0.9263005780346821,
  "picp_test": 0.881578947368421,
  "mpiw_train": 10.153230849562956,
  "mpiw_test": 10.157751815859838
}