{
  "model": "DNNC-R",
  "dataset": "concrete",
  "rmse_train": 4.599573060787295,
  "rmse_test": 6.787428890217183,
  "log_score_train": -2.926659400670794,
  "log_score_test": -3.4310556034405817,
  "crps_train": 2.539996867634255,
  "crps_test": 3.6981419825550725,
  "picp_train": 0.9579288025889967,
  "picp_test": 0.8737864077669902,
  "mpiw_train": 20.41863892777926,
  "mpiw_test": 20.365197347254632
}