{
  "model": "NLM-E",
  "dataset": "concrete",
  "rmse_train": 3.6724452132870544,
  "rmse_test": 10.478074149985913,
  "log_score_train": -2.6159923833865197,
  "log_score_test": -3.7420696959043416,
  "crps_train": 1.9121615025530048,
  "crps_test": 5.608463303051541,
  "picp_train": 0.9956268221574344,
  "picp_test": 0.877906976744186,
  "mpiw_train": 19.184123234232672,
  "mpiw_test": 35.148500001460995
}