{
  "model": "NLM",
  "dataset": "energy",
  "rmse_train": 1.386793548997367,
  "rmse_test": 5.451152867988428,
  "log_score_train": -1.0151011762381836,
  "log_score_test": -24.166736150125175,
  "crps_train": 0.5862133868730622,
  "crps_test": 3.0370354854252053,
  "picp_train": 0.98828125,
  "picp_test": 0.29296875,
  "mpiw_train": 5.701649684070582,
  "mpiw_test": 2.814488234958005
}