{
  "model": "MC dropout",
  "dataset": "wine",
  "rmse_train": 0.594487305311514,
  "rmse_test": 0.578944220254688,
  "log_score_train": -0.8361966506691128,
  "log_score_test": -0.8834189524764209,
  "crps_train": 0.32503336001444494,
  "crps_test": 0.33230994175240935,
  "picp_train": 0.9715277777777778,
  "picp_test": 0.9622641509433962,
  "mpiw_train": 2.6309356251197142,
  "mpiw_test": 2.7464676636918
}