{
  "model": "PNN",
  "dataset": "concrete",
  "rmse_train": 5.119142316459065,
  "rmse_test": 6.8247372285609345,
  "log_score_train": -2.7512706403941682,
  "log_score_test": -3.727797663967018,
  "crps_train": 2.508465272741535,
  "crps_test": 3.868038402764082,
  "picp_train": 0.9606986899563319,
  "picp_test": 0.7638483965014577,
  "mpiw_train": 17.361563576664647,
  "mpiw_test": 15.703113269059259
}