{
  "model": "MC dropout",
  "dataset": "powerplant",
  "rmse_train": 4.186229768320585,
  "rmse_test": 4.211170106093403,
  "log_score_train": -2.8234538520080776,
  "log_score_test": -2.8268405065527467,
  "crps_train": 2.2968509635058307,
  "crps_test": 2.298346124225304,
  "picp_train": 0.9648165350673479,
  "picp_test": 0.9633891213389121,
  "mpiw_train": 16.67293524593434,
  "mpiw_test": 16.712708175389213
}