{
  "model": "PBP",
  "dataset": "concrete",
  "rmse_train": 4.994864736883715,
  "rmse_test": 5.428033514616958,
  "log_score_train": -3.0290713553177047,
  "log_score_test": -3.1101828216604988,
  "crps_train": 2.7519070249730335,
  "crps_test": 3.017633433258955,
  "picp_train": 0.9471413160733549,
  "picp_test": 0.9514563106796117,
  "mpiw_train": 20.692108449574093,
  "mpiw_test": 20.67224018113074
}