{
  "model": "NLM-E",
  "dataset": "concrete",
  "rmse_train": 4.525559357416432,
  "rmse_test": 5.926040564224237,
  "log_score_train": -2.762813182333662,
  "log_score_test": -2.9326778835147773,
  "crps_train": 2.3273453326610802,
  "crps_test": 2.988004194698747,
  "picp_train": 0.9870550161812298,
  "picp_test": 0.970873786407767,
  "mpiw_train": 20.131521021489906,
  "mpiw_test": 20.230851083727526
}