{
  "model": "PNN-E",
  "dataset": "energy",
  "rmse_train": 3.0331662296155915,
  "rmse_test": 2.3482121061226096,
  "log_score_train": -1.5110159625737407,
  "log_score_test": -1.4054579525788886,
  "crps_train": 0.9813379642026755,
  "crps_test": 0.8827739361589422,
  "picp_train": 0.9956647398843931,
  "picp_test": 1.0,
  "mpiw_train": 7.7484976057818775,
  "mpiw_test": 7.619743339751273
}