{
  "model": "PBP",
  "dataset": "concrete",
  "rmse_train": 4.707849119759779,
  "rmse_test": 8.943319241710357,
  "log_score_train": -2.968799750074652,
  "log_score_test": -4.067729325703221,
  "crps_train": 2.5974082421836493,
  "crps_test": 4.931340250627808,
  "picp_train": 0.9489795918367347,
  "picp_test": 0.8197674418604651,
  "mpiw_train": 19.68503290150464,
  "mpiw_test": 20.012553627501358
}