{
  "model": "MC dropout",
  "dataset": "energy",
  "rmse_train": 4.253259162236029,
  "rmse_test": 11.83813660761195,
  "log_score_train": -1.2400260068485531,
  "log_score_test": -78.70245032984388,
  "crps_train": 0.8424598907711679,
  "crps_test": 8.209120929580209,
  "picp_train": 0.998046875,
  "picp_test": 0.36328125,
  "mpiw_train": 8.89168117728337,
  "mpiw_test": 5.301642102367646
}