{
  "model": "MC dropout",
  "dataset": "kin8nm",
  "rmse_train": 0.08843253601841532,
  "rmse_test": 0.08896236019729539,
  "log_score_train": 1.1011616942021591,
  "log_score_test": 1.1128268119127303,
  "crps_train": 0.047093508475519144,
  "crps_test": 0.047142151485241084,
  "picp_train": 0.979655499796555,
  "picp_test": 0.978021978021978,
  "mpiw_train": 0.3780871621665242,
  "mpiw_test": 0.36636173861260374
}