{
  "model": "NLM",
  "dataset": "energy",
  "rmse_train": 2.857947602399031,
  "rmse_test": 4.115203088396381,
  "log_score_train": -1.255414323685365,
  "log_score_test": -1.4544069498709438,
  "crps_train": 0.8472040234356736,
  "crps_test": 1.158253556815696,
  "picp_train": 0.9913294797687862,
  "picp_test": 0.9736842105263158,
  "mpiw_train": 6.077903832217984,
  "mpiw_test": 7.05297314413193
}