{
  "model": "PNN",
  "dataset": "boston",
  "rmse_train": 3.290538518807341,
  "rmse_test": 3.4033739581147318,
  "log_score_train": -2.0390975195107384,
  "log_score_test": -3.427592261698074,
  "crps_train": 1.2521713869001134,
  "crps_test": 1.9062950917930068,
  "picp_train": 0.9703264094955489,
  "picp_test": 0.8047337278106509,
  "mpiw_train": 9.360242966326961,
  "mpiw_test": 8.41696330609164
}