{
  "model": "MC dropout",
  "dataset": "concrete",
  "rmse_train": 5.585729206598598,
  "rmse_test": 8.484074090388132,
  "log_score_train": -3.232295410571869,
  "log_score_test": -3.5664160012329806,
  "crps_train": 3.2124975082534113,
  "crps_test": 4.804895358895607,
  "picp_train": 0.9985443959243085,
  "picp_test": 0.9883381924198251,
  "mpiw_train": 35.21992329917409,
  "mpiw_test": 44.65197983633007
}