{
  "model": "PNN",
  "dataset": "yacht",
  "rmse_train": 1.2670648032605032,
  "rmse_test": 1.9577207377595325,
  "log_score_train": -1.500547049252761,
  "log_score_test": -3.3750265107817445,
  "crps_train": 0.6312713956521957,
  "crps_test": 1.0214448153918725,
  "picp_train": 0.8725490196078431,
  "picp_test": 0.6634615384615384,
  "mpiw_train": 3.841694756204983,
  "mpiw_test": 2.8884445075513456
}