{
  "model": "PNN",
  "dataset": "powerplant",
  "rmse_train": 4.096241698395978,
  "rmse_test": 4.081452975701529,
  "log_score_train": -2.8195742300017335,
  "log_score_test": -2.8837767974633257,
  "crps_train": 2.2315265700547386,
  "crps_test": 2.243766254093839,
  "picp_train": 0.9336886659350996,
  "picp_test": 0.9190968955785512,
  "mpiw_train": 14.139658065360758,
  "mpiw_test": 13.4918699503647
}