{
  "model": "PNN",
  "dataset": "boston",
  "rmse_train": 1.4806804573787165,
  "rmse_test": 6.710268750560301,
  "log_score_train": -1.6809239339012096,
  "log_score_test": -26.905103328315995,
  "crps_train": 0.7717177833283015,
  "crps_test": 3.4373195220922166,
  "picp_train": 0.9434523809523809,
  "picp_test": 0.5411764705882353,
  "mpiw_train": 5.567267216568368,
  "mpiw_test": 5.2854039515511975
}