{
  "model": "PNN",
  "dataset": "wine",
  "rmse_train": 0.5723878783436308,
  "rmse_test": 0.6357179224237764,
  "log_score_train": -0.7356115775002199,
  "log_score_test": -1.1050083205520485,
  "crps_train": 0.3066915583801733,
  "crps_test": 0.34978915258114834,
  "picp_train": 0.9634146341463414,
  "picp_test": 0.8836772983114447,
  "mpiw_train": 2.2713952384091587,
  "mpiw_test": 2.107833192725482
}