{
  "model": "DNNC-R",
  "dataset": "kin8nm",
  "rmse_train": 0.08689023812779581,
  "rmse_test": 0.11138037966833556,
  "log_score_train": 0.8232503883139688,
  "log_score_test": 0.45225860968766907,
  "crps_train": 0.053030463857262525,
  "crps_test": 0.06827481644797671,
  "picp_train": 0.9648416041018129,
  "picp_test": 0.9333577444159649,
  "mpiw_train": 0.4694765798045932,
  "mpiw_test": 0.5262871705201528
}