{
  "model": "NLM-E",
  "dataset": "wine",
  "rmse_train": 0.5240986083533353,
  "rmse_test": 0.7289483709280331,
  "log_score_train": -0.7092796782360995,
  "log_score_test": -1.0784475693722253,
  "crps_train": 0.28874863534958595,
  "crps_test": 0.3990539297047776,
  "picp_train": 0.9774647887323944,
  "picp_test": 0.9213483146067416,
  "mpiw_train": 2.4281189782143873,
  "mpiw_test": 2.7188747917528393
}