{
  "model": "NLM",
  "dataset": "kin8nm",
  "rmse_train": 0.07574450364096968,
  "rmse_test": 0.11119877932090928,
  "log_score_train": 1.2714680518853592,
  "log_score_test": 0.8352977779009222,
  "crps_train": 0.04001976088963128,
  "crps_test": 0.05999300958480002,
  "picp_train": 0.9813186813186813,
  "picp_test": 0.9004392386530015,
  "mpiw_train": 0.3313669420935523,
  "mpiw_test": 0.36420511227428837
}