{
  "model": "PNN-E",
  "dataset": "wine",
  "rmse_train": 0.5483706465986052,
  "rmse_test": 0.6254466644953479,
  "log_score_train": -0.7206310194048162,
  "log_score_test": -0.9653381606821384,
  "crps_train": 0.2988373526432082,
  "crps_test": 0.34573535461731686,
  "picp_train": 0.9803001876172608,
  "picp_test": 0.9136960600375235,
  "mpiw_train": 2.484324760616323,
  "mpiw_test": 2.328523146214361
}