{
  "model": "PBP",
  "dataset": "kin8nm",
  "rmse_train": 0.09679595223264198,
  "rmse_test": 0.0979364515223266,
  "log_score_train": 0.9086599715718823,
  "log_score_test": 0.8987511822740608,
  "crps_train": 0.05361381225951563,
  "crps_test": 0.05421569755163906,
  "picp_train": 0.9574121795741218,
  "picp_test": 0.9511599511599511,
  "mpiw_train": 0.41544667438961197,
  "mpiw_test": 0.4154376161435077
}