{
  "model": "DNNC-R",
  "dataset": "concrete",
  "rmse_train": 4.622002422779053,
  "rmse_test": 6.221417530818974,
  "log_score_train": -2.978566937877246,
  "log_score_test": -3.293967832501298,
  "crps_train": 2.600050063707881,
  "crps_test": 3.1816383255358898,
  "picp_train": 0.9471413160733549,
  "picp_test": 0.8932038834951457,
  "mpiw_train": 21.30532018791649,
  "mpiw_test": 20.089735027304705
}