{
  "model": "NLM",
  "dataset": "wine",
  "rmse_train": 0.5571682210452686,
  "rmse_test": 0.7091537671837164,
  "log_score_train": -0.7290593642418952,
  "log_score_test": -1.4635013004234372,
  "crps_train": 0.3124099056716544,
  "crps_test": 0.46706556095163093,
  "picp_train": 0.9492957746478873,
  "picp_test": 0.8539325842696629,
  "mpiw_train": 2.24746559409154,
  "mpiw_test": 3.379357460706679
}