{
  "model": "NLM",
  "dataset": "concrete",
  "rmse_train": 4.886692405104689,
  "rmse_test": 6.064720066744129,
  "log_score_train": -2.8535466113472645,
  "log_score_test": -3.00730126530093,
  "crps_train": 2.5283739671144803,
  "crps_test": 2.9944136753674497,
  "picp_train": 0.9795037756202805,
  "picp_test": 0.9514563106796117,
  "mpiw_train": 20.836640212809897,
  "mpiw_test": 20.12918501198668
}