{
  "model": "NLM",
  "dataset": "energy",
  "rmse_train": 2.3997929752261817,
  "rmse_test": 5.2457823078778665,
  "log_score_train": -1.1766730473965727,
  "log_score_test": -1.400370956814216,
  "crps_train": 0.8022025904175675,
  "crps_test": 1.4418154251098827,
  "picp_train": 0.9869942196531792,
  "picp_test": 0.9868421052631579,
  "mpiw_train": 6.144577377613237,
  "mpiw_test": 7.707841795714489
}