{
  "model": "DNNC-R",
  "dataset": "yacht",
  "rmse_train": 4.8368608162842595,
  "rmse_test": 9.640514973543196,
  "log_score_train": -1.2484874007147977,
  "log_score_test": -2.890895063639367,
  "crps_train": 4.457665515093191,
  "crps_test": 4.864512189726017,
  "picp_train": 0.89568345323741,
  "picp_test": 0.8666666666666667,
  "mpiw_train": 26.081508724135045,
  "mpiw_test": 26.888061537801597
}