{
  "model": "PNN-E",
  "dataset": "concrete",
  "rmse_train": 4.177027597701983,
  "rmse_test": 6.45562647099175,
  "log_score_train": -2.739323747468643,
  "log_score_test": -3.1260606674160765,
  "crps_train": 2.213844373249726,
  "crps_test": 3.1028145574672177,
  "picp_train": 0.9816612729234089,
  "picp_test": 0.9320388349514563,
  "mpiw_train": 19.283353749422254,
  "mpiw_test": 19.43714283265669
}