{
  "model": "MC dropout",
  "dataset": "energy",
  "rmse_train": 2.950429664302847,
  "rmse_test": 2.089866900601288,
  "log_score_train": -1.5046286294407556,
  "log_score_test": -1.5872599392297961,
  "crps_train": 0.913880187441043,
  "crps_test": 0.9014340239198578,
  "picp_train": 1.0,
  "picp_test": 1.0,
  "mpiw_train": 7.878962387250065,
  "mpiw_test": 8.503994021783164
}