{
  "model": "NLM",
  "dataset": "energy",
  "rmse_train": 3.0411081028329967,
  "rmse_test": 2.7904997773185833,
  "log_score_train": -1.2640700228597626,
  "log_score_test": -1.4590499733405182,
  "crps_train": 0.9129494747609949,
  "crps_test": 0.9930734058037792,
  "picp_train": 0.9927745664739884,
  "picp_test": 0.9868421052631579,
  "mpiw_train": 6.594218552950649,
  "mpiw_test": 7.085663443543967
}