{
  "model": "PNN",
  "dataset": "wine",
  "rmse_train": 0.5636414066034535,
  "rmse_test": 0.6698813168935391,
  "log_score_train": -0.7212517441313404,
  "log_score_test": -1.0215376866962869,
  "crps_train": 0.30220260805559496,
  "crps_test": 0.3662066593593875,
  "picp_train": 0.9604166666666667,
  "picp_test": 0.9119496855345912,
  "mpiw_train": 2.2454223749494577,
  "mpiw_test": 2.1616702920239534
}