{
  "model": "NLM-E",
  "dataset": "concrete",
  "rmse_train": 4.4607595625208685,
  "rmse_test": 4.591425937637536,
  "log_score_train": -2.7626977075167978,
  "log_score_test": -2.8167134442792694,
  "crps_train": 2.292240656761113,
  "crps_test": 2.452564294709272,
  "picp_train": 0.9848975188781014,
  "picp_test": 0.9805825242718447,
  "mpiw_train": 20.403072254208418,
  "mpiw_test": 19.775151711949068
}