{
  "model": "PNN",
  "dataset": "wine",
  "rmse_train": 0.517437500424034,
  "rmse_test": 0.826729314688943,
  "log_score_train": -0.6498118057160608,
  "log_score_test": -6.141294259734874,
  "crps_train": 0.27969864928686333,
  "crps_test": 0.4797323900240343,
  "picp_train": 0.9615023474178404,
  "picp_test": 0.7265917602996255,
  "mpiw_train": 1.9973741310564843,
  "mpiw_test": 1.7615417396774424
}