{
  "model": "MC dropout",
  "dataset": "kin8nm",
  "rmse_train": 0.07770160018314734,
  "rmse_test": 0.08025722931106427,
  "log_score_train": 1.1967851591041425,
  "log_score_test": 1.1477550146301772,
  "crps_train": 0.04213001214285507,
  "crps_test": 0.04416174418650515,
  "picp_train": 0.9765360097653601,
  "picp_test": 0.9694749694749695,
  "mpiw_train": 0.33652859943107966,
  "mpiw_test": 0.3373317891352421
}