{
  "model": "NLM",
  "dataset": "energy",
  "rmse_train": 2.9148348442412724,
  "rmse_test": 11.469831100027289,
  "log_score_train": -0.8409266388959407,
  "log_score_test": -72.32250051782214,
  "crps_train": 0.5767065158641006,
  "crps_test": 7.930394985254496,
  "picp_train": 0.994140625,
  "picp_test": 0.49609375,
  "mpiw_train": 5.293739153632847,
  "mpiw_test": 6.029569372618854
}