{
  "model": "PNN",
  "dataset": "kin8nm",
  "rmse_train": 0.08095074095536994,
  "rmse_test": 0.08539420803176857,
  "log_score_train": 1.2050680307511312,
  "log_score_test": 1.1709326772366078,
  "crps_train": 0.043017273733507715,
  "crps_test": 0.04484127208736933,
  "picp_train": 0.9599891495998915,
  "picp_test": 0.9633699633699634,
  "mpiw_train": 0.31399196092813214,
  "mpiw_test": 0.3218559978404695
}