{
  "model": "DNNC-R",
  "dataset": "kin8nm",
  "rmse_train": 0.08891574869522328,
  "rmse_test": 0.09553836143875603,
  "log_score_train": 0.8306044157025152,
  "log_score_test": 0.7878143623819175,
  "crps_train": 0.0530926884623755,
  "crps_test": 0.05586267996840359,
  "picp_train": 0.9666350196663502,
  "picp_test": 0.9487179487179487,
  "mpiw_train": 0.46033874655263834,
  "mpiw_test": 0.44598700249004336
}