{
  "model": "MC dropout",
  "dataset": "powerplant",
  "rmse_train": 3.9589881139027123,
  "rmse_test": 5.673593409334662,
  "log_score_train": -2.77834918479414,
  "log_score_test": -3.1540259688508425,
  "crps_train": 2.1766160935424304,
  "crps_test": 3.1276296400396024,
  "picp_train": 0.9623706491063029,
  "picp_test": 0.9605015673981191,
  "mpiw_train": 16.02779949387669,
  "mpiw_test": 22.066865329403672
}