{
  "model": "NLM",
  "dataset": "yacht",
  "rmse_train": 1.1434192789454127,
  "rmse_test": 1.8091831203454127,
  "log_score_train": -1.1944488276169147,
  "log_score_test": -1.187559448694342,
  "crps_train": 0.5040167139809865,
  "crps_test": 0.5560587508827913,
  "picp_train": 1.0,
  "picp_test": 0.9666666666666667,
  "mpiw_train": 5.652125933509337,
  "mpiw_test": 4.057163233403571
}