{
  "model": "PNN-E",
  "dataset": "wine",
  "rmse_train": 0.559143730655392,
  "rmse_test": 0.8490730771968604,
  "log_score_train": -0.7061305583689907,
  "log_score_test": -1.4328350919905328,
  "crps_train": 0.3875800290879614,
  "crps_test": 0.5885732955459723,
  "picp_train": 0.968075117370892,
  "picp_test": 0.846441947565543,
  "mpiw_train": 3.8544585284351265,
  "mpiw_test": 5.33998460306163
}