{
  "model": "NLM-E",
  "dataset": "wine",
  "rmse_train": 0.4970008353276221,
  "rmse_test": 1.249058293736055,
  "log_score_train": -0.5898279319307974,
  "log_score_test": -1.4953880104466468,
  "crps_train": 0.2635098549034175,
  "crps_test": 0.6308351161479742,
  "picp_train": 0.9802816901408451,
  "picp_test": 0.9625468164794008,
  "mpiw_train": 2.111740534843654,
  "mpiw_test": 6.5363640709140105
}