{
  "model": "PBP",
  "dataset": "energy",
  "rmse_train": 3.046406806086824,
  "rmse_test": 2.5851756044592693,
  "log_score_train": -2.4039783382928426,
  "log_score_test": -2.297491653049688,
  "crps_train": 1.379391037277248,
  "crps_test": 1.2928744253253728,
  "picp_train": 0.9407514450867052,
  "picp_test": 0.9473684210526315,
  "mpiw_train": 11.009152093495905,
  "mpiw_test": 11.020642650279045
}