{
  "model": "PNN",
  "dataset": "boston",
  "rmse_train": 2.8690572723638312,
  "rmse_test": 5.0268896315289275,
  "log_score_train": -1.6972755901330099,
  "log_score_test": -4.384605309930399,
  "crps_train": 0.9632293342118287,
  "crps_test": 2.526584842295409,
  "picp_train": 0.9583333333333334,
  "picp_test": 0.7176470588235294,
  "mpiw_train": 6.952366990814902,
  "mpiw_test": 9.570944851512712
}