{
  "model": "MC dropout",
  "dataset": "boston",
  "rmse_train": 3.5597565428182403,
  "rmse_test": 3.356720193745659,
  "log_score_train": -2.4045490374245158,
  "log_score_test": -2.626608810614051,
  "crps_train": 1.5875917044897454,
  "crps_test": 1.8242146611843015,
  "picp_train": 0.9940652818991098,
  "picp_test": 0.9171597633136095,
  "mpiw_train": 16.558904397165502,
  "mpiw_test": 14.281982425771373
}