{
  "model": "MC dropout",
  "dataset": "kin8nm",
  "rmse_train": 0.08743982602989545,
  "rmse_test": 0.09486113391690174,
  "log_score_train": 1.1337729724119725,
  "log_score_test": 1.0833510949821739,
  "crps_train": 0.045848927499903276,
  "crps_test": 0.04877735033770276,
  "picp_train": 0.9761291197612912,
  "picp_test": 0.9755799755799756,
  "mpiw_train": 0.3687343507569334,
  "mpiw_test": 0.3768473441661762
}