{
  "model": "MC dropout",
  "dataset": "powerplant",
  "rmse_train": 4.140923267304873,
  "rmse_test": 4.544723239807503,
  "log_score_train": -2.818686963513213,
  "log_score_test": -2.8722756319685603,
  "crps_train": 2.263089112585307,
  "crps_test": 2.3362789091027607,
  "picp_train": 0.966209939619136,
  "picp_test": 0.9654811715481172,
  "mpiw_train": 17.169395070718263,
  "mpiw_test": 16.918960113024088
}