{
  "model": "NLM-E",
  "dataset": "kin8nm",
  "rmse_train": 0.07099186459492941,
  "rmse_test": 0.0766126418820065,
  "log_score_train": 1.2848851891889974,
  "log_score_test": 1.214367405379121,
  "crps_train": 0.03811337451002744,
  "crps_test": 0.041451960243509,
  "picp_train": 0.9913196799131968,
  "picp_test": 0.9804639804639804,
  "mpiw_train": 0.35060139662768225,
  "mpiw_test": 0.35675379516170025
}