{
  "model": "PNN-E",
  "dataset": "energy",
  "rmse_train": 1.96237196531521,
  "rmse_test": 9.442116220943284,
  "log_score_train": -1.1999941667414071,
  "log_score_test": -91.8181047196265,
  "crps_train": 0.7407553437546912,
  "crps_test": 3.4765641717128792,
  "picp_train": 0.99609375,
  "picp_test": 0.8515625,
  "mpiw_train": 5.506951706639377,
  "mpiw_test": 5.470446761380935
}