{
  "model": "NLM-E",
  "dataset": "energy",
  "rmse_train": 2.7356654064420622,
  "rmse_test": 3.918464417345902,
  "log_score_train": -1.3828714763650045,
  "log_score_test": -1.4564463657267601,
  "crps_train": 0.9018515849162999,
  "crps_test": 1.1410322691250143,
  "picp_train": 0.9971098265895953,
  "picp_test": 0.9868421052631579,
  "mpiw_train": 8.060554462771297,
  "mpiw_test": 9.248637145204714
}