{
  "model": "DNNC-R",
  "dataset": "wine",
  "rmse_train": 0.5222804304540629,
  "rmse_test": 0.5646248306003075,
  "log_score_train": -0.06222697910980216,
  "log_score_test": -0.21037680511511442,
  "crps_train": 0.267658523752279,
  "crps_test": 0.2994377611636704,
  "picp_train": 0.95625,
  "picp_test": 0.9371069182389937,
  "mpiw_train": 2.156868447672097,
  "mpiw_test": 2.202932651233008
}