{
  "model": "PNN-E",
  "dataset": "powerplant",
  "rmse_train": 3.9970861595099287,
  "rmse_test": 4.631309001152832,
  "log_score_train": -2.78819202696985,
  "log_score_test": -2.9311222714515663,
  "crps_train": 2.186125106297972,
  "crps_test": 2.350851102805454,
  "picp_train": 0.9702740362285184,
  "picp_test": 0.9665271966527197,
  "mpiw_train": 16.886985494008368,
  "mpiw_test": 16.81644261020025
}