{
  "model": "PNN",
  "dataset": "kin8nm",
  "rmse_train": 0.08390552199185408,
  "rmse_test": 0.09066202400164627,
  "log_score_train": 1.1711614774616073,
  "log_score_test": 1.0817449871161577,
  "crps_train": 0.04432823093873748,
  "crps_test": 0.04760253136100399,
  "picp_train": 0.9355757493557575,
  "picp_test": 0.9157509157509157,
  "mpiw_train": 0.2913979512912669,
  "mpiw_test": 0.2965187034335536
}