{
  "model": "DNNC-R",
  "dataset": "yacht",
  "rmse_train": 3.8856473316710165,
  "rmse_test": 5.623526258241194,
  "log_score_train": -1.4597543066425904,
  "log_score_test": -2.352311055066085,
  "crps_train": 3.4415148123324846,
  "crps_test": 4.541429430480792,
  "picp_train": 0.9460431654676259,
  "picp_test": 0.8666666666666667,
  "mpiw_train": 25.42329885227975,
  "mpiw_test": 26.66626087470327
}