{
  "model": "NLM-E",
  "dataset": "concrete",
  "rmse_train": 4.218400135044493,
  "rmse_test": 6.090817316641907,
  "log_score_train": -2.74890536600097,
  "log_score_test": -3.0957883012997454,
  "crps_train": 2.2191821835651964,
  "crps_test": 2.980633578399032,
  "picp_train": 0.9924487594390508,
  "picp_test": 0.9514563106796117,
  "mpiw_train": 20.489252456990823,
  "mpiw_test": 21.42572536848873
}