{
  "model": "MC dropout",
  "dataset": "kin8nm",
  "rmse_train": 0.07865662808539116,
  "rmse_test": 0.0878954731264956,
  "log_score_train": 1.2151122320700147,
  "log_score_test": 1.1376577483162156,
  "crps_train": 0.04175636476761864,
  "crps_test": 0.046097051876114764,
  "picp_train": 0.982368099823681,
  "picp_test": 0.9731379731379731,
  "mpiw_train": 0.34286722415750137,
  "mpiw_test": 0.3501677007918625
}