{
  "model": "MC dropout",
  "dataset": "wine",
  "rmse_train": 0.692697216564472,
  "rmse_test": 0.6456272995701801,
  "log_score_train": -0.810600108407137,
  "log_score_test": -1.1096584249130785,
  "crps_train": 0.42037734004157196,
  "crps_test": 0.3537838401807881,
  "picp_train": 0.9673611111111111,
  "picp_test": 0.9308176100628931,
  "mpiw_train": 4.2002813040025115,
  "mpiw_test": 2.6845364380384407
}