{
  "model": "PNN-E",
  "dataset": "concrete",
  "rmse_train": 4.326654986053121,
  "rmse_test": 4.952368703533334,
  "log_score_train": -2.7484451327787576,
  "log_score_test": -2.9177769141359233,
  "crps_train": 2.2492256697815574,
  "crps_test": 2.5948579451222717,
  "picp_train": 0.9870550161812298,
  "picp_test": 0.9514563106796117,
  "mpiw_train": 19.909491660815938,
  "mpiw_test": 19.273095429327626
}