{
  "model": "MC dropout",
  "dataset": "yacht",
  "rmse_train": 1.5494155500259243,
  "rmse_test": 1.6054099372091482,
  "log_score_train": -1.5769471800628048,
  "log_score_test": -1.4830214755962001,
  "crps_train": 0.7383887552609258,
  "crps_test": 0.7205634698555977,
  "picp_train": 0.9424460431654677,
  "picp_test": 0.9666666666666667,
  "mpiw_train": 6.641550369220417,
  "mpiw_test": 6.451365023051159
}