{
  "model": "PNN",
  "dataset": "kin8nm",
  "rmse_train": 0.0811342655484752,
  "rmse_test": 0.08453075034490987,
  "log_score_train": 1.1929166668757842,
  "log_score_test": 1.1429053709640042,
  "crps_train": 0.043379176915323905,
  "crps_test": 0.044895760190713584,
  "picp_train": 0.958361589583616,
  "picp_test": 0.9377289377289377,
  "mpiw_train": 0.3167512502083348,
  "mpiw_test": 0.31678333232252465
}