{
  "model": "MC dropout",
  "dataset": "kin8nm",
  "rmse_train": 0.08054839053301846,
  "rmse_test": 0.09347075266095523,
  "log_score_train": 1.1438441829342425,
  "log_score_test": 1.0840804217195874,
  "crps_train": 0.043528442885756,
  "crps_test": 0.047726006990546715,
  "picp_train": 0.9894208598942086,
  "picp_test": 0.9829059829059829,
  "mpiw_train": 0.39295719671528523,
  "mpiw_test": 0.40076019333138657
}