{
  "model": "MC dropout",
  "dataset": "wine",
  "rmse_train": 0.5310737845538707,
  "rmse_test": 0.7853069708504188,
  "log_score_train": -0.6191119458342598,
  "log_score_test": -1.4071240471250148,
  "crps_train": 0.29004743278520134,
  "crps_test": 0.45698413448131747,
  "picp_train": 0.9722222222222222,
  "picp_test": 0.8930817610062893,
  "mpiw_train": 2.4015233619107987,
  "mpiw_test": 3.4635855304154677
}