{
  "model": "DNNC-R",
  "dataset": "boston",
  "rmse_train": 2.614837389589067,
  "rmse_test": 4.101436504248594,
  "log_score_train": -2.1108154870415805,
  "log_score_test": -3.333523015248824,
  "crps_train": 1.266405677964998,
  "crps_test": 2.0553001569155653,
  "picp_train": 0.9642857142857143,
  "picp_test": 0.7588235294117647,
  "mpiw_train": 11.0253493487996,
  "mpiw_test": 8.219587806045663
}