{
  "model": "NLM-E",
  "dataset": "wine",
  "rmse_train": 0.5592395600313689,
  "rmse_test": 0.6883096071565017,
  "log_score_train": -0.710979526546821,
  "log_score_test": -1.0311630159937855,
  "crps_train": 0.29862827240307804,
  "crps_test": 0.36739076928524184,
  "picp_train": 0.9680555555555556,
  "picp_test": 0.9119496855345912,
  "mpiw_train": 2.2730263799439725,
  "mpiw_test": 2.480671923680776
}