{
  "model": "DNNC-R",
  "dataset": "yacht",
  "rmse_train": 4.354810052402887,
  "rmse_test": 7.706190475944369,
  "log_score_train": -1.4843679098997424,
  "log_score_test": -2.280040371224762,
  "crps_train": 3.658612099285563,
  "crps_test": 4.1375610200829325,
  "picp_train": 0.9388489208633094,
  "picp_test": 1.0,
  "mpiw_train": 28.598842621710702,
  "mpiw_test": 31.506768189871913
}