{
  "model": "NLM",
  "dataset": "kin8nm",
  "rmse_train": 0.07450259153585755,
  "rmse_test": 0.08365708400706753,
  "log_score_train": 1.2819588304172123,
  "log_score_test": 1.2221426661348118,
  "crps_train": 0.039566380746792223,
  "crps_test": 0.042423514459157666,
  "picp_train": 0.9739590397395904,
  "picp_test": 0.9719169719169719,
  "mpiw_train": 0.3196004907849491,
  "mpiw_test": 0.32749451275793956
}