{
  "model": "MC dropout",
  "dataset": "wine",
  "rmse_train": 0.6703809105539217,
  "rmse_test": 0.5700100974844936,
  "log_score_train": -0.9214537548132892,
  "log_score_test": -0.8437862644972507,
  "crps_train": 0.3751289224540244,
  "crps_test": 0.317497253870982,
  "picp_train": 0.9652908067542214,
  "picp_test": 0.975609756097561,
  "mpiw_train": 3.100257101466386,
  "mpiw_test": 2.4955170379426064
}