{
  "model": "DNNC-R",
  "dataset": "kin8nm",
  "rmse_train": 0.08465300161449471,
  "rmse_test": 0.09314690789258073,
  "log_score_train": 0.8728406764360482,
  "log_score_test": 0.7632266784947445,
  "crps_train": 0.050675440597665586,
  "crps_test": 0.055312441646095487,
  "picp_train": 0.9639224196392242,
  "picp_test": 0.9365079365079365,
  "mpiw_train": 0.44005032161057095,
  "mpiw_test": 0.438317481071015
}