{
  "model": "MC dropout",
  "dataset": "powerplant",
  "rmse_train": 4.698599238521602,
  "rmse_test": 4.573315378374354,
  "log_score_train": -2.976345015786965,
  "log_score_test": -2.9538079017003396,
  "crps_train": 2.628914852211616,
  "crps_test": 2.5629310132039276,
  "picp_train": 0.9869948908499768,
  "picp_test": 0.9843096234309623,
  "mpiw_train": 21.199367548859307,
  "mpiw_test": 21.174949214192957
}