{
  "model": "MC dropout",
  "dataset": "wine",
  "rmse_train": 0.6194339327684326,
  "rmse_test": 0.6266100367499026,
  "log_score_train": -0.8329643760287695,
  "log_score_test": -0.9379239045652492,
  "crps_train": 0.33017592341931373,
  "crps_test": 0.3450227873507218,
  "picp_train": 0.9765478424015009,
  "picp_test": 0.9305816135084428,
  "mpiw_train": 2.7366057173644487,
  "mpiw_test": 2.360280313993256
}