{
  "model": "PNN-E",
  "dataset": "wine",
  "rmse_train": 0.5528783847505881,
  "rmse_test": 0.5811683587335644,
  "log_score_train": -0.708817219280716,
  "log_score_test": -0.8606261558045327,
  "crps_train": 0.2957925293625831,
  "crps_test": 0.32071776963796034,
  "picp_train": 0.9708333333333333,
  "picp_test": 0.9433962264150944,
  "mpiw_train": 2.3334987127743374,
  "mpiw_test": 2.3111890765259417
}