{
  "model": "MC dropout",
  "dataset": "kin8nm",
  "rmse_train": 0.08680256528487178,
  "rmse_test": 0.09125058209786216,
  "log_score_train": 1.069106211638355,
  "log_score_test": 1.051749596175253,
  "crps_train": 0.04716534380071698,
  "crps_test": 0.04893401825794891,
  "picp_train": 0.9902948177989379,
  "picp_test": 0.9780300256316368,
  "mpiw_train": 0.42465670587676935,
  "mpiw_test": 0.4105585509938496
}