{
  "model": "NLM",
  "dataset": "concrete",
  "rmse_train": 4.7456996334685515,
  "rmse_test": 5.937884981745379,
  "log_score_train": -2.790022697852875,
  "log_score_test": -3.108568633261645,
  "crps_train": 2.399973002941078,
  "crps_test": 2.964599967954966,
  "picp_train": 0.9784250269687162,
  "picp_test": 0.912621359223301,
  "mpiw_train": 19.387825804766884,
  "mpiw_test": 19.245590203773272
}