{
  "model": "PBP",
  "dataset": "kin8nm",
  "rmse_train": 0.0946305219243473,
  "rmse_test": 0.10010217091921589,
  "log_score_train": 0.9305742161433436,
  "log_score_test": 0.88143965448015,
  "crps_train": 0.05249443965030369,
  "crps_test": 0.055302013735594575,
  "picp_train": 0.9595822595958226,
  "picp_test": 0.9462759462759462,
  "mpiw_train": 0.4078661756128564,
  "mpiw_test": 0.4078742578977903
}