{
  "model": "NLM",
  "dataset": "boston",
  "rmse_train": 1.5782771637424882,
  "rmse_test": 7.39622673906294,
  "log_score_train": -1.7188732673713925,
  "log_score_test": -12.1852155329645,
  "crps_train": 0.8029004642880133,
  "crps_test": 3.7988228652165885,
  "picp_train": 0.9821428571428571,
  "picp_test": 0.5941176470588235,
  "mpiw_train": 7.119957904113738,
  "mpiw_test": 7.827862704165262
}