{
  "model": "PNN-E",
  "dataset": "kin8nm",
  "rmse_train": 0.07412917631754172,
  "rmse_test": 0.07563876061223827,
  "log_score_train": 1.2425216234162062,
  "log_score_test": 1.1950033110898255,
  "crps_train": 0.03981261933116955,
  "crps_test": 0.04159153555606351,
  "picp_train": 0.9910484199104842,
  "picp_test": 0.978021978021978,
  "mpiw_train": 0.36330251099569705,
  "mpiw_test": 0.3628819857268787
}