{
  "model": "MC dropout",
  "dataset": "kin8nm",
  "rmse_train": 0.08031214693637377,
  "rmse_test": 0.0922613647617379,
  "log_score_train": 1.1786416865869551,
  "log_score_test": 1.11965456741635,
  "crps_train": 0.04283722308066914,
  "crps_test": 0.04686124173558808,
  "picp_train": 0.9856232198562322,
  "picp_test": 0.9865689865689866,
  "mpiw_train": 0.3652794792562455,
  "mpiw_test": 0.37656095175975013
}