{
  "model": "NLM-E",
  "dataset": "powerplant",
  "rmse_train": 3.9664044123300206,
  "rmse_test": 4.275925200770853,
  "log_score_train": -2.7754126470781384,
  "log_score_test": -2.8411998359379815,
  "crps_train": 2.164123554090053,
  "crps_test": 2.2331577258592477,
  "picp_train": 0.9703901532745007,
  "picp_test": 0.9728033472803347,
  "mpiw_train": 16.726776455630585,
  "mpiw_test": 16.700016849863925
}