{
  "model": "PBP",
  "dataset": "concrete",
  "rmse_train": 4.828328583378978,
  "rmse_test": 6.0623667949879,
  "log_score_train": -2.9966319783141895,
  "log_score_test": -3.2459305435501715,
  "crps_train": 2.6632853284631564,
  "crps_test": 3.314751432084898,
  "picp_train": 0.9590075512405609,
  "picp_test": 0.883495145631068,
  "mpiw_train": 20.29607570581823,
  "mpiw_test": 20.29226034480431
}