{
  "model": "NLM",
  "dataset": "wine",
  "rmse_train": 0.5922025113429414,
  "rmse_test": 0.7020615700106441,
  "log_score_train": -0.8036653743095037,
  "log_score_test": -1.121871679044266,
  "crps_train": 0.3210550714648625,
  "crps_test": 0.3888793366249153,
  "picp_train": 0.9680555555555556,
  "picp_test": 0.9056603773584906,
  "mpiw_train": 2.5123326897271387,
  "mpiw_test": 2.766356835079316
}