{
  "model": "PNN",
  "dataset": "yacht",
  "rmse_train": 1.8194158425942866,
  "rmse_test": 1.2829014090111361,
  "log_score_train": -1.7584282771459778,
  "log_score_test": -1.5806450265440863,
  "crps_train": 0.85037156957761,
  "crps_test": 0.6761459431762317,
  "picp_train": 0.9640287769784173,
  "picp_test": 1.0,
  "mpiw_train": 8.372624970467914,
  "mpiw_test": 6.591319192565081
}