{
  "model": "NLM",
  "dataset": "energy",
  "rmse_train": 2.07258791637548,
  "rmse_test": 9.544850303313627,
  "log_score_train": -1.494778323746773,
  "log_score_test": -72.32394075635631,
  "crps_train": 0.8598909272600728,
  "crps_test": 3.6139372605271904,
  "picp_train": 0.994140625,
  "picp_test": 0.83203125,
  "mpiw_train": 6.757168188346819,
  "mpiw_test": 6.165246262376106
}