{
  "model": "PNN",
  "dataset": "boston",
  "rmse_train": 3.7570389369705355,
  "rmse_test": 4.681516085923242,
  "log_score_train": -1.9848153687259031,
  "log_score_test": -4.696720951963836,
  "crps_train": 1.290442785238891,
  "crps_test": 2.4910003683503565,
  "picp_train": 0.9554896142433235,
  "picp_test": 0.7337278106508875,
  "mpiw_train": 9.189174431960762,
  "mpiw_test": 7.634191330347553
}