{
  "model": "MC dropout",
  "dataset": "kin8nm",
  "rmse_train": 0.07727559125869471,
  "rmse_test": 0.08139250205063756,
  "log_score_train": 1.1716446388053803,
  "log_score_test": 1.1519245321504816,
  "crps_train": 0.04251051433257465,
  "crps_test": 0.04414543146648415,
  "picp_train": 0.9820968398209684,
  "picp_test": 0.9768009768009768,
  "mpiw_train": 0.36089091061973533,
  "mpiw_test": 0.3623693669745009
}