{
  "model": "PBP",
  "dataset": "energy",
  "rmse_train": 3.3513972898009317,
  "rmse_test": 2.953751701128214,
  "log_score_train": -2.223288770581042,
  "log_score_test": -2.327768270655982,
  "crps_train": 1.2975794853839129,
  "crps_test": 1.4110396984988653,
  "picp_train": 0.9479768786127167,
  "picp_test": 0.9342105263157895,
  "mpiw_train": 11.023980348511044,
  "mpiw_test": 10.631624043363345
}