{
  "model": "MC dropout",
  "dataset": "wine",
  "rmse_train": 0.6238828397876718,
  "rmse_test": 0.6995300363188878,
  "log_score_train": -0.7777647662752759,
  "log_score_test": -1.2826675540058277,
  "crps_train": 0.33304272139127633,
  "crps_test": 0.3703613477116262,
  "picp_train": 0.9645833333333333,
  "picp_test": 0.9245283018867925,
  "mpiw_train": 2.8241857007820976,
  "mpiw_test": 2.4027728880999484
}