{
  "model": "DNNC-R",
  "dataset": "powerplant",
  "rmse_train": 4.503446373079739,
  "rmse_test": 4.94164458724162,
  "log_score_train": -3.253309131617088,
  "log_score_test": -3.325389252364356,
  "crps_train": 2.971783081663029,
  "crps_test": 3.0856998918574994,
  "picp_train": 0.9529725963771482,
  "picp_test": 0.9602510460251046,
  "mpiw_train": 29.382617043601396,
  "mpiw_test": 30.175180058932593
}