{
  "model": "DNNC-R",
  "dataset": "concrete",
  "rmse_train": 4.493141763149624,
  "rmse_test": 6.656244253461429,
  "log_score_train": -2.939729792249461,
  "log_score_test": -3.4214237296628305,
  "crps_train": 2.525988184109097,
  "crps_test": 3.7408307546776114,
  "picp_train": 0.9439050701186623,
  "picp_test": 0.8543689320388349,
  "mpiw_train": 20.54375957384463,
  "mpiw_test": 20.2673441936821
}