{
  "model": "DNNC-R",
  "dataset": "kin8nm",
  "rmse_train": 0.08693130978110808,
  "rmse_test": 0.08940068514673302,
  "log_score_train": 0.8444770505534225,
  "log_score_test": 0.8553261331316822,
  "crps_train": 0.05210762519707074,
  "crps_test": 0.05319416574460248,
  "picp_train": 0.964736199647362,
  "picp_test": 0.960927960927961,
  "mpiw_train": 0.4558963680075508,
  "mpiw_test": 0.461452124513988
}