{
  "model": "NLM-E",
  "dataset": "energy",
  "rmse_train": 2.9165482997751235,
  "rmse_test": 2.3201843553918162,
  "log_score_train": -1.3801834951790255,
  "log_score_test": -1.5748929961589828,
  "crps_train": 0.8951694964449657,
  "crps_test": 0.9953547379320669,
  "picp_train": 0.9956647398843931,
  "picp_test": 1.0,
  "mpiw_train": 7.829756634976554,
  "mpiw_test": 9.473618864564806
}