{
  "model": "DNNC-R",
  "dataset": "kin8nm",
  "rmse_train": 0.08132726090193201,
  "rmse_test": 0.1048086018865256,
  "log_score_train": 0.9183070219549884,
  "log_score_test": 0.58733774428368,
  "crps_train": 0.04854489289897273,
  "crps_test": 0.06105028423788432,
  "picp_train": 0.9602564102564103,
  "picp_test": 0.9062957540263543,
  "mpiw_train": 0.4162026892301605,
  "mpiw_test": 0.3964383650233602
}