{
  "model": "DNNC-R",
  "dataset": "boston",
  "rmse_train": 2.8734925895629178,
  "rmse_test": 4.141845620682203,
  "log_score_train": -2.12062636140788,
  "log_score_test": -2.7929635030722713,
  "crps_train": 1.3579866028271839,
  "crps_test": 2.131304639674868,
  "picp_train": 0.9614243323442137,
  "picp_test": 0.8875739644970414,
  "mpiw_train": 11.779932183827345,
  "mpiw_test": 13.807197578396192
}