{
  "model": "NLM",
  "dataset": "concrete",
  "rmse_train": 4.314170871958381,
  "rmse_test": 6.781703287928603,
  "log_score_train": -2.774719832484848,
  "log_score_test": -3.354410885963592,
  "crps_train": 2.264261294475655,
  "crps_test": 3.7373329300849742,
  "picp_train": 0.9985422740524781,
  "picp_test": 0.8575581395348837,
  "mpiw_train": 20.883039645177558,
  "mpiw_test": 20.351710711412906
}