{
  "model": "NLM-E",
  "dataset": "concrete",
  "rmse_train": 4.4904461680823085,
  "rmse_test": 6.409912878256559,
  "log_score_train": -2.806654395362508,
  "log_score_test": -3.015600264875211,
  "crps_train": 2.3622628077027863,
  "crps_test": 3.025185012255431,
  "picp_train": 0.9924487594390508,
  "picp_test": 0.9611650485436893,
  "mpiw_train": 22.309701944295433,
  "mpiw_test": 21.71751201336938
}