{
  "model": "MC dropout",
  "dataset": "kin8nm",
  "rmse_train": 0.08361820146207637,
  "rmse_test": 0.08715629504707821,
  "log_score_train": 1.13783783188207,
  "log_score_test": 1.0944784809444186,
  "crps_train": 0.044753264768779916,
  "crps_test": 0.046323277278359394,
  "picp_train": 0.9829106198291062,
  "picp_test": 0.9731379731379731,
  "mpiw_train": 0.37109978678472944,
  "mpiw_test": 0.37511384678360116
}