{
  "model": "DNNC-R",
  "dataset": "wine",
  "rmse_train": 0.5265000884416532,
  "rmse_test": 0.6753700103277686,
  "log_score_train": -0.0818262903359368,
  "log_score_test": -0.3690130475622568,
  "crps_train": 0.2742690190200402,
  "crps_test": 0.35199270511542635,
  "picp_train": 0.9611111111111111,
  "picp_test": 0.9308176100628931,
  "mpiw_train": 2.3386901347354057,
  "mpiw_test": 2.3557991843176236
}