{
  "model": "NLM-E",
  "dataset": "wine",
  "rmse_train": 0.5595756972527373,
  "rmse_test": 0.6183307704642413,
  "log_score_train": -0.7227733036858608,
  "log_score_test": -0.9427362651584614,
  "crps_train": 0.30762076968529284,
  "crps_test": 0.34049773318047327,
  "picp_train": 0.9774859287054409,
  "picp_test": 0.9155722326454033,
  "mpiw_train": 2.5685631969917475,
  "mpiw_test": 2.1556415405523524
}