{
  "model": "PNN-E",
  "dataset": "energy",
  "rmse_train": 2.764038992593748,
  "rmse_test": 6.229541753822484,
  "log_score_train": -1.2579555060465932,
  "log_score_test": -9.498808938767503,
  "crps_train": 0.9156678569402428,
  "crps_test": 3.1804002051215514,
  "picp_train": 0.994140625,
  "picp_test": 0.4609375,
  "mpiw_train": 7.236865778344676,
  "mpiw_test": 5.183454328847418
}