{
  "model": "NLM-E",
  "dataset": "boston",
  "rmse_train": 2.824728512110654,
  "rmse_test": 3.680335130950993,
  "log_score_train": -1.9757224493039731,
  "log_score_test": -2.836224560598187,
  "crps_train": 1.138162538565983,
  "crps_test": 2.031451209069988,
  "picp_train": 0.9910979228486647,
  "picp_test": 0.8402366863905325,
  "mpiw_train": 10.191675161375612,
  "mpiw_test": 11.077937384618895
}