{
  "model": "PBP",
  "dataset": "boston",
  "rmse_train": 2.6705045215736187,
  "rmse_test": 2.823299440776079,
  "log_score_train": -2.40288783615929,
  "log_score_test": -2.4486135507319835,
  "crps_train": 1.433063935581881,
  "crps_test": 1.5715543336006372,
  "picp_train": 0.9614243323442137,
  "picp_test": 0.9526627218934911,
  "mpiw_train": 11.497545074731706,
  "mpiw_test": 11.360097165865312
}