{
  "model": "MC dropout",
  "dataset": "yacht",
  "rmse_train": 1.0163976458095914,
  "rmse_test": 1.0421813838397929,
  "log_score_train": -1.1044421905178432,
  "log_score_test": -1.4041765546411045,
  "crps_train": 0.4718105087643269,
  "crps_test": 0.5789093867120976,
  "picp_train": 1.0,
  "picp_test": 0.9666666666666667,
  "mpiw_train": 4.866499277655361,
  "mpiw_test": 6.292491761352366
}