{
  "model": "MC dropout",
  "dataset": "kin8nm",
  "rmse_train": 0.07265801936157688,
  "rmse_test": 0.08486367852472358,
  "log_score_train": 1.2497250282298118,
  "log_score_test": 1.1071345048583212,
  "crps_train": 0.039646880031709554,
  "crps_test": 0.04637650427190028,
  "picp_train": 0.9822376854056034,
  "picp_test": 0.9560600512632735,
  "mpiw_train": 0.33165616374914947,
  "mpiw_test": 0.3301574169026713
}