{
  "model": "DNNC-R",
  "dataset": "wine",
  "rmse_train": 0.5193178710773385,
  "rmse_test": 0.6541472712711938,
  "log_score_train": -0.048427099907656826,
  "log_score_test": -0.370269456681884,
  "crps_train": 0.2670293240042408,
  "crps_test": 0.3440230066987304,
  "picp_train": 0.95625,
  "picp_test": 0.9056603773584906,
  "mpiw_train": 2.190411126314917,
  "mpiw_test": 2.1865188271887406
}