{
  "model": "MC dropout",
  "dataset": "wine",
  "rmse_train": 0.5732440961566888,
  "rmse_test": 0.6395984646190083,
  "log_score_train": -0.7109718702100185,
  "log_score_test": -1.0606705011431774,
  "crps_train": 0.3040652518921771,
  "crps_test": 0.3575453813977326,
  "picp_train": 0.9624765478424016,
  "picp_test": 0.8986866791744841,
  "mpiw_train": 2.2229142326900773,
  "mpiw_test": 2.209352902842331
}