{
  "model": "NLM-E",
  "dataset": "yacht",
  "rmse_train": 0.9746136036459455,
  "rmse_test": 1.6413280354009683,
  "log_score_train": -1.4058614716623978,
  "log_score_test": -1.8302964128483141,
  "crps_train": 0.521486210870468,
  "crps_test": 0.8470803538171338,
  "picp_train": 1.0,
  "picp_test": 1.0,
  "mpiw_train": 7.37605380013883,
  "mpiw_test": 9.38780463951484
}