{
  "model": "DNNC-R",
  "dataset": "powerplant",
  "rmse_train": 4.3584456903627835,
  "rmse_test": 7.432532003511038,
  "log_score_train": -3.185535389170543,
  "log_score_test": -5.290668418231993,
  "crps_train": 2.751792164380234,
  "crps_test": 4.5274598899758445,
  "picp_train": 0.9534336782690499,
  "picp_test": 0.6918495297805642,
  "mpiw_train": 27.063430842427014,
  "mpiw_test": 17.691811920503977
}