{
  "model": "NLM-E",
  "dataset": "wine",
  "rmse_train": 0.5607216648390105,
  "rmse_test": 0.6725185088586906,
  "log_score_train": -0.7334812923981266,
  "log_score_test": -1.1277947557542516,
  "crps_train": 0.36004905761385875,
  "crps_test": 0.45860780720887206,
  "picp_train": 0.9774647887323944,
  "picp_test": 0.9157303370786517,
  "mpiw_train": 3.3829605682987203,
  "mpiw_test": 4.163519416939402
}