{
  "model": "DNNC-R",
  "dataset": "kin8nm",
  "rmse_train": 0.08882459129808723,
  "rmse_test": 0.09323881180527416,
  "log_score_train": 0.8234328438360097,
  "log_score_test": 0.7871415128683639,
  "crps_train": 0.053204369509603305,
  "crps_test": 0.05504965132232475,
  "picp_train": 0.9667706496677065,
  "picp_test": 0.9536019536019537,
  "mpiw_train": 0.46439184246813614,
  "mpiw_test": 0.4539686033104719
}