{
  "model": "MC dropout",
  "dataset": "energy",
  "rmse_train": 6.332561744780379,
  "rmse_test": 1.097140652609677,
  "log_score_train": -1.7101230335467712,
  "log_score_test": -1.6136460261815577,
  "crps_train": 1.4773829965388403,
  "crps_test": 0.6856448438015537,
  "picp_train": 0.99609375,
  "picp_test": 1.0,
  "mpiw_train": 13.312654032688474,
  "mpiw_test": 7.464442225082686
}