{
  "model": "PNN",
  "dataset": "wine",
  "rmse_train": 0.6818668955796798,
  "rmse_test": 1.058927964962579,
  "log_score_train": -0.7690712776437723,
  "log_score_test": -2.1195382150105653,
  "crps_train": 0.39677771242199905,
  "crps_test": 0.5500020452552207,
  "picp_train": 0.9615023474178404,
  "picp_test": 0.797752808988764,
  "mpiw_train": 3.580730974756222,
  "mpiw_test": 4.059720882874803
}