{
  "model": "PBP",
  "dataset": "wine",
  "rmse_train": 0.5883808814933547,
  "rmse_test": 0.6430529397442799,
  "log_score_train": -0.886659933037485,
  "log_score_test": -0.9808963424131074,
  "crps_train": 0.3273392831363147,
  "crps_test": 0.35979581339149924,
  "picp_train": 0.9402777777777778,
  "picp_test": 0.9371069182389937,
  "mpiw_train": 2.3358755203147847,
  "mpiw_test": 2.334687286510198
}