{
  "model": "PNN",
  "dataset": "yacht",
  "rmse_train": 1.183186973719985,
  "rmse_test": 0.961630617391033,
  "log_score_train": -1.0460548571393884,
  "log_score_test": -1.1489807458374977,
  "crps_train": 0.47364242157393216,
  "crps_test": 0.483256776622168,
  "picp_train": 0.9928057553956835,
  "picp_test": 0.9666666666666667,
  "mpiw_train": 4.3663738269424455,
  "mpiw_test": 4.067077377134441
}