{
  "model": "MC dropout",
  "dataset": "kin8nm",
  "rmse_train": 0.08637146834562372,
  "rmse_test": 0.08999562476336803,
  "log_score_train": 1.065880207324417,
  "log_score_test": 1.0379435966228914,
  "crps_train": 0.04739277044235772,
  "crps_test": 0.04893770186689206,
  "picp_train": 0.9899633798996338,
  "picp_test": 0.9792429792429792,
  "mpiw_train": 0.41873283324872557,
  "mpiw_test": 0.41127434959904774
}