{
  "model": "PNN",
  "dataset": "wine",
  "rmse_train": 0.551041905705558,
  "rmse_test": 0.6954499295214677,
  "log_score_train": -0.6794670250143936,
  "log_score_test": -1.2388234901415316,
  "crps_train": 0.29129409115656507,
  "crps_test": 0.36593244951683945,
  "picp_train": 0.9666666666666667,
  "picp_test": 0.9245283018867925,
  "mpiw_train": 2.2005760958682723,
  "mpiw_test": 2.2612439013397303
}