{
  "model": "PNN",
  "dataset": "concrete",
  "rmse_train": 4.9302479993094135,
  "rmse_test": 10.708154997977053,
  "log_score_train": -2.713921950382355,
  "log_score_test": -4.188272756213087,
  "crps_train": 2.351820733875555,
  "crps_test": 5.53790521316407,
  "picp_train": 0.9650145772594753,
  "picp_test": 0.7790697674418605,
  "mpiw_train": 17.953202068875406,
  "mpiw_test": 26.372741228171652
}