{
  "model": "NLM",
  "dataset": "boston",
  "rmse_train": 3.392132713006544,
  "rmse_test": 3.2142782271453028,
  "log_score_train": -2.033407383755192,
  "log_score_test": -2.7155394992744957,
  "crps_train": 1.2719716712431142,
  "crps_test": 1.7629053486635835,
  "picp_train": 0.9881305637982196,
  "picp_test": 0.8579881656804734,
  "mpiw_train": 10.453278453775937,
  "mpiw_test": 8.886581414764247
}