{
  "model": "PBP",
  "dataset": "concrete",
  "rmse_train": 5.038725096996276,
  "rmse_test": 6.881266866104003,
  "log_score_train": -3.0363896139441287,
  "log_score_test": -3.419706929933275,
  "crps_train": 2.7891896431305936,
  "crps_test": 3.639514870352566,
  "picp_train": 0.9600862998921251,
  "picp_test": 0.8737864077669902,
  "mpiw_train": 20.739130554442138,
  "mpiw_test": 20.729102001551762
}