{
  "model": "NLM-E",
  "dataset": "wine",
  "rmse_train": 0.5429645689461434,
  "rmse_test": 0.6145586288358971,
  "log_score_train": -0.7164726158765908,
  "log_score_test": -0.9492824600639165,
  "crps_train": 0.2920159276506192,
  "crps_test": 0.33753121570153677,
  "picp_train": 0.9821763602251408,
  "picp_test": 0.9118198874296435,
  "mpiw_train": 2.3664465545293236,
  "mpiw_test": 2.2139744369325385
}