{
  "model": "MC dropout",
  "dataset": "yacht",
  "rmse_train": 0.9405802084578655,
  "rmse_test": 1.2672989837849524,
  "log_score_train": -1.690344263054041,
  "log_score_test": -1.8323283254079494,
  "crps_train": 0.7016225490473845,
  "crps_test": 0.8164928476304898,
  "picp_train": 1.0,
  "picp_test": 1.0,
  "mpiw_train": 10.200425897384749,
  "mpiw_test": 10.566929404537156
}