{
  "model": "PBP",
  "dataset": "wine",
  "rmse_train": 0.5910081555996565,
  "rmse_test": 0.5904397464735203,
  "log_score_train": -0.8914186830556433,
  "log_score_test": -0.8919340790139215,
  "crps_train": 0.32896864980504825,
  "crps_test": 0.33158043665521336,
  "picp_train": 0.9416666666666667,
  "picp_test": 0.9622641509433962,
  "mpiw_train": 2.346979754711691,
  "mpiw_test": 2.345622183371325
}