{
  "model": "NLM-E",
  "dataset": "concrete",
  "rmse_train": 3.838033988044698,
  "rmse_test": 6.83488663728141,
  "log_score_train": -2.677223579067249,
  "log_score_test": -3.365269939647071,
  "crps_train": 2.013825995590914,
  "crps_test": 3.799256501149296,
  "picp_train": 0.9898107714701602,
  "picp_test": 0.8717201166180758,
  "mpiw_train": 19.48512814897583,
  "mpiw_test": 19.629119122298587
}