{
  "model": "DNNC-R",
  "dataset": "powerplant",
  "rmse_train": 4.487226539080573,
  "rmse_test": 4.593139060585022,
  "log_score_train": -3.2516296842587806,
  "log_score_test": -3.3645206354966883,
  "crps_train": 2.9645242291999536,
  "crps_test": 3.292941360166403,
  "picp_train": 0.9471704028844646,
  "picp_test": 0.9667607400439009,
  "mpiw_train": 29.38760454113225,
  "mpiw_test": 33.16021209502515
}