{
  "model": "PBP",
  "dataset": "boston",
  "rmse_train": 1.9112754943757067,
  "rmse_test": 6.275984447070798,
  "log_score_train": -2.074387977240671,
  "log_score_test": -5.790866149964953,
  "crps_train": 1.0545326565126527,
  "crps_test": 2.9908311538927146,
  "picp_train": 0.9583333333333334,
  "picp_test": 0.7764705882352941,
  "mpiw_train": 8.339897095934207,
  "mpiw_test": 8.68215615815559
}