{
  "model": "NLM-E",
  "dataset": "boston",
  "rmse_train": 2.6284643285757,
  "rmse_test": 4.826694402280759,
  "log_score_train": -1.8143912257041144,
  "log_score_test": -3.6524183116331774,
  "crps_train": 1.0058538140271178,
  "crps_test": 2.521091929829627,
  "picp_train": 0.9940476190476191,
  "picp_test": 0.8764705882352941,
  "mpiw_train": 9.942914414634586,
  "mpiw_test": 15.957813207597823
}