{
  "model": "MC dropout",
  "dataset": "yacht",
  "rmse_train": 0.8826187542756294,
  "rmse_test": 0.8772594216660232,
  "log_score_train": -1.7108014077050882,
  "log_score_test": -1.4739988458161224,
  "crps_train": 0.7155456200217296,
  "crps_test": 0.5915588067728831,
  "picp_train": 1.0,
  "picp_test": 1.0,
  "mpiw_train": 10.551390183662136,
  "mpiw_test": 8.207028942383355
}