{
  "model": "PBP",
  "dataset": "boston",
  "rmse_train": 2.272180300521711,
  "rmse_test": 3.8186453903929585,
  "log_score_train": -2.227000149316091,
  "log_score_test": -2.844491414801329,
  "crps_train": 1.2090683830810403,
  "crps_test": 2.0843320707185966,
  "picp_train": 0.9613095238095238,
  "picp_test": 0.8764705882352941,
  "mpiw_train": 9.882602580317869,
  "mpiw_test": 10.686893027086713
}