{
  "model": "PNN",
  "dataset": "kin8nm",
  "rmse_train": 0.07894609391371792,
  "rmse_test": 0.08862008932526645,
  "log_score_train": 1.2154640520940154,
  "log_score_test": 1.1555084893260836,
  "crps_train": 0.04226508004717275,
  "crps_test": 0.045760362178655756,
  "picp_train": 0.9686694696866947,
  "picp_test": 0.9511599511599511,
  "mpiw_train": 0.3218711645278238,
  "mpiw_test": 0.32495090627557865
}