{
  "model": "PBP",
  "dataset": "boston",
  "rmse_train": 2.440483830606971,
  "rmse_test": 4.197035671468583,
  "log_score_train": -2.287630577121803,
  "log_score_test": -3.2127907021768274,
  "crps_train": 1.3061632600827715,
  "crps_test": 2.220419577238652,
  "picp_train": 0.9554896142433235,
  "picp_test": 0.8520710059171598,
  "mpiw_train": 9.75252479291669,
  "mpiw_test": 9.681284077453903
}