{
  "model": "PBP",
  "dataset": "concrete",
  "rmse_train": 4.431244297163087,
  "rmse_test": 9.331285919225923,
  "log_score_train": -2.906860019896891,
  "log_score_test": -4.3062945604860845,
  "crps_train": 2.3838597203607197,
  "crps_test": 5.378250036331865,
  "picp_train": 0.9460641399416909,
  "picp_test": 0.7412790697674418,
  "mpiw_train": 18.388640345019514,
  "mpiw_test": 18.852702380918835
}