{
  "model": "PNN",
  "dataset": "concrete",
  "rmse_train": 4.758829548847345,
  "rmse_test": 5.054978985001964,
  "log_score_train": -2.7417575309384663,
  "log_score_test": -3.0734493183009914,
  "crps_train": 2.397502314044547,
  "crps_test": 2.639878298482379,
  "picp_train": 0.9622437971952535,
  "picp_test": 0.9029126213592233,
  "mpiw_train": 16.941136789192914,
  "mpiw_test": 15.327540175983849
}