{
  "model": "MC dropout",
  "dataset": "powerplant",
  "rmse_train": 4.580558829705221,
  "rmse_test": 6.784075535505823,
  "log_score_train": -2.9669607600424,
  "log_score_test": -3.266862989407813,
  "crps_train": 2.5786423229332205,
  "crps_test": 3.584631782482253,
  "picp_train": 0.9905926622765757,
  "picp_test": 0.9949843260188088,
  "mpiw_train": 23.100637638153874,
  "mpiw_test": 32.521135136729626
}