{
  "model": "NLM",
  "dataset": "kin8nm",
  "rmse_train": 0.07819226623551472,
  "rmse_test": 0.08647260130862934,
  "log_score_train": 1.27475304437,
  "log_score_test": 1.1853093046031138,
  "crps_train": 0.04073122914896192,
  "crps_test": 0.04456384809983578,
  "picp_train": 0.9490031194900312,
  "picp_test": 0.9242979242979243,
  "mpiw_train": 0.27503446911659,
  "mpiw_test": 0.2762058709439412
}