{
  "model": "PNN-E",
  "dataset": "kin8nm",
  "rmse_train": 0.07335021225277312,
  "rmse_test": 0.07917343346416274,
  "log_score_train": 1.2594392684106073,
  "log_score_test": 1.2174525029377095,
  "crps_train": 0.039350865541690316,
  "crps_test": 0.04175562603031215,
  "picp_train": 0.9894208598942086,
  "picp_test": 0.9865689865689866,
  "mpiw_train": 0.3485377436913889,
  "mpiw_test": 0.35246031220245566
}