{
  "model": "PNN",
  "dataset": "kin8nm",
  "rmse_train": 0.08346931236482011,
  "rmse_test": 0.08971701230917689,
  "log_score_train": 1.189631568588908,
  "log_score_test": 1.111115848625764,
  "crps_train": 0.04390910134322245,
  "crps_test": 0.047411490233472846,
  "picp_train": 0.9652787196527872,
  "picp_test": 0.9499389499389499,
  "mpiw_train": 0.32703899883360954,
  "mpiw_test": 0.3275573815410723
}