{
  "model": "MC dropout",
  "dataset": "boston",
  "rmse_train": 3.2170673022361425,
  "rmse_test": 4.531642779645294,
  "log_score_train": -2.124616378262996,
  "log_score_test": -2.34470917057043,
  "crps_train": 1.3184887454514291,
  "crps_test": 1.762806924365244,
  "picp_train": 0.9671052631578947,
  "picp_test": 0.96,
  "mpiw_train": 10.32463993933977,
  "mpiw_test": 13.68024210603357
}