{
  "model": "PBP",
  "dataset": "boston",
  "rmse_train": 2.5196716260100733,
  "rmse_test": 3.8737733268576737,
  "log_score_train": -2.3383897451337963,
  "log_score_test": -2.915176678376958,
  "crps_train": 1.3511550930471816,
  "crps_test": 2.0885736697525625,
  "picp_train": 0.9584569732937686,
  "picp_test": 0.863905325443787,
  "mpiw_train": 10.685780467418027,
  "mpiw_test": 10.615501842965779
}