{
  "model": "NLM-E",
  "dataset": "kin8nm",
  "rmse_train": 0.07495453579373976,
  "rmse_test": 0.06996797179372582,
  "log_score_train": 1.2725187705817518,
  "log_score_test": 1.278241733468923,
  "crps_train": 0.03944815734445447,
  "crps_test": 0.038559387894868284,
  "picp_train": 0.9917597509613624,
  "picp_test": 0.9780300256316368,
  "mpiw_train": 0.3490353620673698,
  "mpiw_test": 0.31451656531558103
}