{
  "model": "DNNC-R",
  "dataset": "energy",
  "rmse_train": 1.151077306617165,
  "rmse_test": 9.74929844550129,
  "log_score_train": -1.1239800096334716,
  "log_score_test": -87.679368268483,
  "crps_train": 0.5619812936124462,
  "crps_test": 3.817776142815668,
  "picp_train": 0.962890625,
  "picp_test": 0.6171875,
  "mpiw_train": 4.987679251028569,
  "mpiw_test": 4.773701966251486
}