{
  "model": "PBP",
  "dataset": "kin8nm",
  "rmse_train": 0.09683047592850262,
  "rmse_test": 0.09903405966945161,
  "log_score_train": 0.907570681778744,
  "log_score_test": 0.8885173767028778,
  "crps_train": 0.05376091865948074,
  "crps_test": 0.05443234337484404,
  "picp_train": 0.960667299606673,
  "picp_test": 0.9523809523809523,
  "mpiw_train": 0.4174317213627755,
  "mpiw_test": 0.41743844684285675
}