{
  "model": "PNN",
  "dataset": "wine",
  "rmse_train": 0.5392918917187377,
  "rmse_test": 1.2564445851305008,
  "log_score_train": -0.7025882662289571,
  "log_score_test": -34.1917132326775,
  "crps_train": 0.29392823386307887,
  "crps_test": 0.7093145672210885,
  "picp_train": 0.9727699530516432,
  "picp_test": 0.6797752808988764,
  "mpiw_train": 2.2909144551235237,
  "mpiw_test": 2.077225336126627
}