{
  "model": "NLM",
  "dataset": "yacht",
  "rmse_train": 1.4701062352174605,
  "rmse_test": 1.2258911400496448,
  "log_score_train": -1.1570171780535616,
  "log_score_test": -1.1229256861701766,
  "crps_train": 0.5571956641868149,
  "crps_test": 0.5333407036798444,
  "picp_train": 0.9712230215827338,
  "picp_test": 1.0,
  "mpiw_train": 4.760446440790791,
  "mpiw_test": 5.143049773125607
}