{
  "model": "DNNC-R",
  "dataset": "concrete",
  "rmse_train": 4.549128125609776,
  "rmse_test": 5.271386163493393,
  "log_score_train": -2.9756499450772433,
  "log_score_test": -3.158975272964914,
  "crps_train": 2.570739288939181,
  "crps_test": 2.9285264563509856,
  "picp_train": 0.9514563106796117,
  "picp_test": 0.9029126213592233,
  "mpiw_train": 21.205506690900418,
  "mpiw_test": 21.68452344580432
}