{
  "model": "DNNC-R",
  "dataset": "wine",
  "rmse_train": 0.5301194116134209,
  "rmse_test": 0.6695631138590981,
  "log_score_train": -0.07471261506715703,
  "log_score_test": -0.48134560578029656,
  "crps_train": 0.27442790622715457,
  "crps_test": 0.3452082728106396,
  "picp_train": 0.95625,
  "picp_test": 0.9245283018867925,
  "mpiw_train": 2.2494930011007317,
  "mpiw_test": 2.244492555915218
}