{
  "model": "NLM",
  "dataset": "energy",
  "rmse_train": 3.3897184218758984,
  "rmse_test": 3.1251456464999237,
  "log_score_train": -1.330424591297202,
  "log_score_test": -1.6807263566539188,
  "crps_train": 1.0484821475784356,
  "crps_test": 1.041468079357503,
  "picp_train": 0.9710982658959537,
  "picp_test": 0.9868421052631579,
  "mpiw_train": 6.376590491679479,
  "mpiw_test": 6.513196380095775
}