{
  "model": "PNN-E",
  "dataset": "energy",
  "rmse_train": 2.53449647222678,
  "rmse_test": 5.51892725610104,
  "log_score_train": -1.360924617015544,
  "log_score_test": -1.5849136007117646,
  "crps_train": 0.8388218630543588,
  "crps_test": 1.497507807756537,
  "picp_train": 0.9971098265895953,
  "picp_test": 0.9736842105263158,
  "mpiw_train": 6.638115299917185,
  "mpiw_test": 7.7649977922386855
}