{
  "model": "DNNC-R",
  "dataset": "wine",
  "rmse_train": 0.5272307926967171,
  "rmse_test": 0.6424314585599659,
  "log_score_train": -0.06352220308422644,
  "log_score_test": -0.42264357736399905,
  "crps_train": 0.27161117373219207,
  "crps_test": 0.34280841310396426,
  "picp_train": 0.9541666666666667,
  "picp_test": 0.9182389937106918,
  "mpiw_train": 2.177289934346672,
  "mpiw_test": 2.1847474136485046
}