{
  "model": "MC dropout",
  "dataset": "boston",
  "rmse_train": 3.9020708657419507,
  "rmse_test": 5.21686479751102,
  "log_score_train": -2.5532101774055063,
  "log_score_test": -2.6878264489795765,
  "crps_train": 1.8352730363624645,
  "crps_test": 2.2571550804919847,
  "picp_train": 0.9846491228070176,
  "picp_test": 0.98,
  "mpiw_train": 17.32021810986886,
  "mpiw_test": 16.622029698630595
}