{
  "model": "DNNC-R",
  "dataset": "wine",
  "rmse_train": 0.5257601888646983,
  "rmse_test": 0.6569304240725351,
  "log_score_train": -0.04774533086324817,
  "log_score_test": -0.40977681246005265,
  "crps_train": 0.2699298726372188,
  "crps_test": 0.3533036990898881,
  "picp_train": 0.9569444444444445,
  "picp_test": 0.9119496855345912,
  "mpiw_train": 2.126218516503702,
  "mpiw_test": 2.1119682880893023
}