{
  "model": "DNNC-R",
  "dataset": "wine",
  "rmse_train": 0.5243624120004786,
  "rmse_test": 0.6766336798237261,
  "log_score_train": -0.09160314718612607,
  "log_score_test": -0.3987803111901125,
  "crps_train": 0.2742240404386994,
  "crps_test": 0.3554483508058702,
  "picp_train": 0.9611111111111111,
  "picp_test": 0.9245283018867925,
  "mpiw_train": 2.4316279408703876,
  "mpiw_test": 2.4249536690581457
}