{
  "model": "PNN",
  "dataset": "yacht",
  "rmse_train": 0.6261631730958117,
  "rmse_test": 8.6858789978689,
  "log_score_train": -0.5374669859899879,
  "log_score_test": -8.349280654740697,
  "crps_train": 0.27093181226552,
  "crps_test": 4.678645242815087,
  "picp_train": 0.9754901960784313,
  "picp_test": 0.2692307692307692,
  "mpiw_train": 2.392724037773411,
  "mpiw_test": 6.052299910858276
}