{
  "model": "PNN",
  "dataset": "energy",
  "rmse_train": 3.2067772882623724,
  "rmse_test": 1.6293268939784384,
  "log_score_train": -2.1769426640537435,
  "log_score_test": -2.1318419614378388,
  "crps_train": 1.059291653958116,
  "crps_test": 0.8260568811278735,
  "picp_train": 0.8338150289017341,
  "picp_test": 0.8421052631578947,
  "mpiw_train": 7.172345362085882,
  "mpiw_test": 6.039562948818485
}