{
  "model": "DNNC-R",
  "dataset": "wine",
  "rmse_train": 0.5139331011538318,
  "rmse_test": 0.6733796986037167,
  "log_score_train": -0.0323484475304108,
  "log_score_test": -0.4466350510558623,
  "crps_train": 0.26405660875342607,
  "crps_test": 0.35280354849364637,
  "picp_train": 0.9583333333333334,
  "picp_test": 0.9182389937106918,
  "mpiw_train": 2.123484871114848,
  "mpiw_test": 2.099746068889718
}