{
  "model": "DNNC-R",
  "dataset": "yacht",
  "rmse_train": 3.555897352245115,
  "rmse_test": 2.645498442210599,
  "log_score_train": -1.3063422956354793,
  "log_score_test": -1.2714392085845814,
  "crps_train": 3.620266062542615,
  "crps_test": 7.009585965310882,
  "picp_train": 0.9172661870503597,
  "picp_test": 0.7666666666666667,
  "mpiw_train": 22.406192177554377,
  "mpiw_test": 27.15011998468175
}