{
  "model": "NLM-E",
  "dataset": "kin8nm",
  "rmse_train": 0.07385332460377537,
  "rmse_test": 0.07179175757437406,
  "log_score_train": 1.2730275587459272,
  "log_score_test": 1.2649260915088862,
  "crps_train": 0.03912788896780673,
  "crps_test": 0.03898197114730468,
  "picp_train": 0.9912104010254532,
  "picp_test": 0.9813255217868913,
  "mpiw_train": 0.343948405016765,
  "mpiw_test": 0.326522645466824
}