{
  "model": "NLM-E",
  "dataset": "concrete",
  "rmse_train": 4.480887151355055,
  "rmse_test": 4.827613130740806,
  "log_score_train": -2.758401019352325,
  "log_score_test": -2.9181434581813885,
  "crps_train": 2.3005437278564673,
  "crps_test": 2.5729592445629645,
  "picp_train": 0.9902912621359223,
  "picp_test": 0.9805825242718447,
  "mpiw_train": 21.475511124439297,
  "mpiw_test": 20.87202824471722
}