{
  "model": "PNN",
  "dataset": "kin8nm",
  "rmse_train": 0.09581140073557885,
  "rmse_test": 0.09868774699332022,
  "log_score_train": 1.0244272410242659,
  "log_score_test": 0.9654208770371129,
  "crps_train": 0.0516781562191606,
  "crps_test": 0.05328152496190484,
  "picp_train": 0.9569675883537814,
  "picp_test": 0.9289637495422922,
  "mpiw_train": 0.3701395550694215,
  "mpiw_test": 0.35075513154570787
}