{
  "model": "PNN",
  "dataset": "boston",
  "rmse_train": 3.2141817545752756,
  "rmse_test": 3.254976127865435,
  "log_score_train": -2.0913869850342715,
  "log_score_test": -2.512197426705411,
  "crps_train": 1.2852415125474572,
  "crps_test": 1.496439087848698,
  "picp_train": 0.9970326409495549,
  "picp_test": 0.8757396449704142,
  "mpiw_train": 12.055351402357022,
  "mpiw_test": 9.570651259160277
}