{
  "model": "PNN",
  "dataset": "energy",
  "rmse_train": 2.69759637918631,
  "rmse_test": 4.374249344387959,
  "log_score_train": -1.5788602869811827,
  "log_score_test": -1.7018982402979033,
  "crps_train": 0.9376604246585447,
  "crps_test": 1.358224905451057,
  "picp_train": 0.9985549132947977,
  "picp_test": 0.9868421052631579,
  "mpiw_train": 7.776352489566863,
  "mpiw_test": 9.65180056128313
}