{
  "model": "DNNC-R",
  "dataset": "kin8nm",
  "rmse_train": 0.09123233756074298,
  "rmse_test": 0.09595375391803307,
  "log_score_train": 0.7891843107009654,
  "log_score_test": 0.6756891152838561,
  "crps_train": 0.05513306951470254,
  "crps_test": 0.05772730810018411,
  "picp_train": 0.9655499796554998,
  "picp_test": 0.9487179487179487,
  "mpiw_train": 0.4831437165296059,
  "mpiw_test": 0.47826807859950005
}