{
  "model": "PNN-E",
  "dataset": "powerplant",
  "rmse_train": 4.118433631328548,
  "rmse_test": 4.394911100625882,
  "log_score_train": -2.8050926501339135,
  "log_score_test": -2.9104065381446955,
  "crps_train": 2.2246526837112723,
  "crps_test": 2.467716836922663,
  "picp_train": 0.969117416522966,
  "picp_test": 0.9523361555346503,
  "mpiw_train": 16.931556616148885,
  "mpiw_test": 17.009427483529656
}