{
  "model": "MC dropout",
  "dataset": "boston",
  "rmse_train": 2.4508264689566435,
  "rmse_test": 6.791873003536355,
  "log_score_train": -2.1394463466997165,
  "log_score_test": -3.189757418050836,
  "crps_train": 1.2334643656462316,
  "crps_test": 3.223588205773566,
  "picp_train": 0.9821428571428571,
  "picp_test": 0.8176470588235294,
  "mpiw_train": 11.145172242778917,
  "mpiw_test": 15.128928580021306
}