{
  "model": "NLM",
  "dataset": "wine",
  "rmse_train": 0.5945725149571041,
  "rmse_test": 0.6281103670550631,
  "log_score_train": -0.7567177155009661,
  "log_score_test": -1.2152046766699791,
  "crps_train": 0.3164122886321735,
  "crps_test": 0.35696485610077555,
  "picp_train": 0.9596622889305816,
  "picp_test": 0.8855534709193246,
  "mpiw_train": 2.3122801968378632,
  "mpiw_test": 2.226479652098002
}