{
  "model": "MC dropout",
  "dataset": "wine",
  "rmse_train": 0.5342310983897185,
  "rmse_test": 0.9519648264635732,
  "log_score_train": -0.7316099533852205,
  "log_score_test": -1.3711784547525203,
  "crps_train": 0.29245186985148547,
  "crps_test": 0.5206158484588085,
  "picp_train": 0.9830985915492958,
  "picp_test": 0.9644194756554307,
  "mpiw_train": 2.400174374200361,
  "mpiw_test": 4.986526166550673
}