{
  "model": "NLM",
  "dataset": "wine",
  "rmse_train": 0.5359525126127892,
  "rmse_test": 0.7378696940342684,
  "log_score_train": -0.6932050403363997,
  "log_score_test": -1.8590277794299703,
  "crps_train": 0.28865338950993297,
  "crps_test": 0.42592206317160014,
  "picp_train": 0.9624413145539906,
  "picp_test": 0.7677902621722846,
  "mpiw_train": 2.1505568051428945,
  "mpiw_test": 1.9450685101585337
}