{
  "model": "PBP",
  "dataset": "boston",
  "rmse_train": 2.3643334944913583,
  "rmse_test": 3.0355632700407047,
  "log_score_train": -2.272763452459794,
  "log_score_test": -2.550629549894574,
  "crps_train": 1.274624666312829,
  "crps_test": 1.6478663144607137,
  "picp_train": 0.9671052631578947,
  "picp_test": 0.88,
  "mpiw_train": 10.050532957414429,
  "mpiw_test": 10.009803712354842
}