{
  "model": "NLM",
  "dataset": "kin8nm",
  "rmse_train": 0.07642472429954987,
  "rmse_test": 0.07968437833823301,
  "log_score_train": 1.2460981515592764,
  "log_score_test": 1.1946153652928677,
  "crps_train": 0.04056131943016158,
  "crps_test": 0.04245830460241897,
  "picp_train": 0.9858944798589448,
  "picp_test": 0.9755799755799756,
  "mpiw_train": 0.3464330614530499,
  "mpiw_test": 0.351831594412863
}