{
  "model": "PNN-E",
  "dataset": "yacht",
  "rmse_train": 0.9527585239032873,
  "rmse_test": 1.3224009877537906,
  "log_score_train": -1.1258657753588808,
  "log_score_test": -1.488407332320114,
  "crps_train": 0.43999872410752544,
  "crps_test": 0.6554735724258846,
  "picp_train": 1.0,
  "picp_test": 1.0,
  "mpiw_train": 5.535043553295616,
  "mpiw_test": 6.495050051928721
}