{
  "model": "PBP",
  "dataset": "yacht",
  "rmse_train": 0.9554572546984799,
  "rmse_test": 1.6730772266323064,
  "log_score_train": -1.6883705979845183,
  "log_score_test": -1.909337903716627,
  "crps_train": 0.6148863711676728,
  "crps_test": 0.8664705166644856,
  "picp_train": 1.0,
  "picp_test": 0.9519230769230769,
  "mpiw_train": 7.568167202697541,
  "mpiw_test": 7.733746503417501
}