{
  "model": "PNN-E",
  "dataset": "kin8nm",
  "rmse_train": 0.07512931842608114,
  "rmse_test": 0.07120341597878352,
  "log_score_train": 1.2402089197321646,
  "log_score_test": 1.258804209134324,
  "crps_train": 0.04017996188155592,
  "crps_test": 0.03924301806350605,
  "picp_train": 0.9915766343160594,
  "picp_test": 0.9780300256316368,
  "mpiw_train": 0.36395846548391236,
  "mpiw_test": 0.3255294866176494
}