{
  "model": "PNN-E",
  "dataset": "wine",
  "rmse_train": 0.5416083842836946,
  "rmse_test": 0.6928907336104088,
  "log_score_train": -0.7290091744272331,
  "log_score_test": -1.0485305237082634,
  "crps_train": 0.3064612588285862,
  "crps_test": 0.3665150729287428,
  "picp_train": 0.9708333333333333,
  "picp_test": 0.9182389937106918,
  "mpiw_train": 2.5627038602740235,
  "mpiw_test": 2.360903837475844
}