{
  "model": "PNN-E",
  "dataset": "concrete",
  "rmse_train": 3.951265683989769,
  "rmse_test": 8.395028852003417,
  "log_score_train": -2.7091058110656996,
  "log_score_test": -3.490743069564743,
  "crps_train": 2.120085080300726,
  "crps_test": 4.366471535584281,
  "picp_train": 0.9825072886297376,
  "picp_test": 0.8488372093023255,
  "mpiw_train": 18.822365772658493,
  "mpiw_test": 21.183491868343115
}