{
  "model": "NLM-E",
  "dataset": "kin8nm",
  "rmse_train": 0.06726369969480342,
  "rmse_test": 0.09541723790861978,
  "log_score_train": 1.3218393949736886,
  "log_score_test": 1.1193403983015493,
  "crps_train": 0.036626486052593964,
  "crps_test": 0.0479763555889313,
  "picp_train": 0.9941391941391942,
  "picp_test": 0.982796486090776,
  "mpiw_train": 0.33768328315836715,
  "mpiw_test": 0.39993386968971584
}