{
  "model": "NLM",
  "dataset": "wine",
  "rmse_train": 0.5643875016476328,
  "rmse_test": 0.6546543123230912,
  "log_score_train": -0.6936315100531255,
  "log_score_test": -1.034256301077987,
  "crps_train": 0.2994037874773929,
  "crps_test": 0.360820863036867,
  "picp_train": 0.9569444444444445,
  "picp_test": 0.8742138364779874,
  "mpiw_train": 2.1915046354016567,
  "mpiw_test": 2.116650928542723
}