{
  "model": "DNNC-R",
  "dataset": "wine",
  "rmse_train": 0.5231731113927426,
  "rmse_test": 0.6301311606070469,
  "log_score_train": -0.06196095834862108,
  "log_score_test": -0.41466172362965203,
  "crps_train": 0.27037141480751364,
  "crps_test": 0.3402514001190528,
  "picp_train": 0.9604166666666667,
  "picp_test": 0.9182389937106918,
  "mpiw_train": 2.213713611000297,
  "mpiw_test": 2.227277346263362
}