{
  "model": "MC dropout",
  "dataset": "yacht",
  "rmse_train": 1.1882360169670005,
  "rmse_test": 1.0181666916468848,
  "log_score_train": -1.546570104852144,
  "log_score_test": -1.529584518016667,
  "crps_train": 0.648091599005661,
  "crps_test": 0.6005969611613983,
  "picp_train": 0.9928057553956835,
  "picp_test": 1.0,
  "mpiw_train": 7.319732974883883,
  "mpiw_test": 7.445271844512229
}