{
  "model": "NLM-E",
  "dataset": "boston",
  "rmse_train": 3.050316455303827,
  "rmse_test": 2.6525957966219935,
  "log_score_train": -1.9583433084860942,
  "log_score_test": -2.3013569880066522,
  "crps_train": 1.144431487991112,
  "crps_test": 1.4454511023877932,
  "picp_train": 0.9881305637982196,
  "picp_test": 0.9349112426035503,
  "mpiw_train": 10.351850248992287,
  "mpiw_test": 11.181585115489579
}