{
  "model": "MC dropout",
  "dataset": "powerplant",
  "rmse_train": 4.4001639253974165,
  "rmse_test": 4.230212209075497,
  "log_score_train": -2.892413760282201,
  "log_score_test": -2.859394338883202,
  "crps_train": 2.423981664127586,
  "crps_test": 2.370063278225303,
  "picp_train": 0.9836965041542561,
  "picp_test": 0.9774223894637818,
  "mpiw_train": 19.82414779817535,
  "mpiw_test": 18.442717344583453
}