{
  "model": "MC dropout",
  "dataset": "yacht",
  "rmse_train": 5.3511932928683805,
  "rmse_test": 16.20445553702546,
  "log_score_train": -2.9292276247117592,
  "log_score_test": -3.8527887540012866,
  "crps_train": 2.6042038251531108,
  "crps_test": 8.451195055619255,
  "picp_train": 1.0,
  "picp_test": 0.9807692307692307,
  "mpiw_train": 31.102675979624323,
  "mpiw_test": 47.1049232640744
}