{
  "model": "MC dropout",
  "dataset": "boston",
  "rmse_train": 3.558105147742044,
  "rmse_test": 3.555268620519353,
  "log_score_train": -2.4486214145607414,
  "log_score_test": -2.797527419266694,
  "crps_train": 1.6527074542788083,
  "crps_test": 1.9986668129805725,
  "picp_train": 0.9881305637982196,
  "picp_test": 0.893491124260355,
  "mpiw_train": 15.709414409199686,
  "mpiw_test": 12.57176658752172
}