{
  "model": "NLM",
  "dataset": "kin8nm",
  "rmse_train": 0.07693933591340571,
  "rmse_test": 0.07700537795929388,
  "log_score_train": 1.2582058992364995,
  "log_score_test": 1.2326494822642575,
  "crps_train": 0.040687146272678894,
  "crps_test": 0.041592852958937825,
  "picp_train": 0.9690763596907636,
  "picp_test": 0.9658119658119658,
  "mpiw_train": 0.30658514376803186,
  "mpiw_test": 0.30076788714230146
}