{
  "model": "PNN-E",
  "dataset": "kin8nm",
  "rmse_train": 0.0728047967688007,
  "rmse_test": 0.07399503627106498,
  "log_score_train": 1.245895559692487,
  "log_score_test": 1.2526160844529661,
  "crps_train": 0.03949094017961275,
  "crps_test": 0.039479988512889246,
  "picp_train": 0.9899633798996338,
  "picp_test": 0.9877899877899878,
  "mpiw_train": 0.3598115290505518,
  "mpiw_test": 0.3468493251766913
}