{
  "model": "DNNC-R",
  "dataset": "concrete",
  "rmse_train": 4.901410458775664,
  "rmse_test": 5.5227350993146125,
  "log_score_train": -3.0729820965084964,
  "log_score_test": -3.107000742539894,
  "crps_train": 2.8041981055857397,
  "crps_test": 3.135700547034351,
  "picp_train": 0.95361380798274,
  "picp_test": 0.9902912621359223,
  "mpiw_train": 23.428351822933323,
  "mpiw_test": 23.91092849938063
}