{
  "model": "PNN",
  "dataset": "wine",
  "rmse_train": 0.5772417588205501,
  "rmse_test": 0.6327300414331792,
  "log_score_train": -0.7297133692954688,
  "log_score_test": -0.9851162545654603,
  "crps_train": 0.30685029406683606,
  "crps_test": 0.34269276639559937,
  "picp_train": 0.9534722222222223,
  "picp_test": 0.9245283018867925,
  "mpiw_train": 2.2146356483154905,
  "mpiw_test": 2.2304674516789254
}