{
  "model": "PNN-E",
  "dataset": "energy",
  "rmse_train": 2.9867130851422594,
  "rmse_test": 2.3955146412675186,
  "log_score_train": -1.3788607511563975,
  "log_score_test": -1.4694595775761505,
  "crps_train": 0.9088775010755006,
  "crps_test": 1.0067956343947941,
  "picp_train": 0.9942196531791907,
  "picp_test": 1.0,
  "mpiw_train": 7.233216177864209,
  "mpiw_test": 7.452429590610461
}