{
  "model": "PNN-E",
  "dataset": "yacht",
  "rmse_train": 0.9203657834955836,
  "rmse_test": 2.489945987445145,
  "log_score_train": -1.24569941875412,
  "log_score_test": -1.8877194782608244,
  "crps_train": 0.4844921539558264,
  "crps_test": 1.1895049733706957,
  "picp_train": 1.0,
  "picp_test": 0.9903846153846154,
  "mpiw_train": 6.218143941834308,
  "mpiw_test": 8.902014756601485
}