{
  "model": "NLM",
  "dataset": "wine",
  "rmse_train": 0.5731304456107817,
  "rmse_test": 0.736322562736167,
  "log_score_train": -0.7557139768348775,
  "log_score_test": -1.2059846801706595,
  "crps_train": 0.33621611700498366,
  "crps_test": 0.4428215168521923,
  "picp_train": 0.9605633802816902,
  "picp_test": 0.9082397003745318,
  "mpiw_train": 2.6842519410628105,
  "mpiw_test": 3.67374759933486
}