{
  "model": "PNN-E",
  "dataset": "concrete",
  "rmse_train": 4.595426413510105,
  "rmse_test": 12.623581876720362,
  "log_score_train": -2.7522543256494565,
  "log_score_test": -3.7322269039153357,
  "crps_train": 2.3233430354236426,
  "crps_test": 5.5680232845207875,
  "picp_train": 0.9795918367346939,
  "picp_test": 0.8459302325581395,
  "mpiw_train": 19.591037313956928,
  "mpiw_test": 27.51686686459908
}