{
  "model": "NLM-E",
  "dataset": "boston",
  "rmse_train": 2.9423864398180313,
  "rmse_test": 3.1393653196685563,
  "log_score_train": -1.933944930762053,
  "log_score_test": -2.551863540048063,
  "crps_train": 1.0958930180385045,
  "crps_test": 1.6549403289785172,
  "picp_train": 0.9910979228486647,
  "picp_test": 0.9171597633136095,
  "mpiw_train": 10.216270835144341,
  "mpiw_test": 9.7957322591183
}