{
  "model": "MC dropout",
  "dataset": "yacht",
  "rmse_train": 2.7072602904723904,
  "rmse_test": 1.9604610013843087,
  "log_score_train": -1.8824793109962057,
  "log_score_test": -1.8334274423363959,
  "crps_train": 1.163015066025735,
  "crps_test": 0.9626526574988884,
  "picp_train": 0.9640287769784173,
  "picp_test": 0.9666666666666667,
  "mpiw_train": 9.15351311243478,
  "mpiw_test": 8.888719199201445
}