{
  "model": "NLM",
  "dataset": "energy",
  "rmse_train": 2.926621224127658,
  "rmse_test": 2.754764972760967,
  "log_score_train": -1.1799733811883937,
  "log_score_test": -1.3522129002652339,
  "crps_train": 0.8644542008509295,
  "crps_test": 0.9929944290105016,
  "picp_train": 0.9710982658959537,
  "picp_test": 0.9210526315789473,
  "mpiw_train": 6.391762109833607,
  "mpiw_test": 6.160136103845381
}