{
  "model": "MC dropout",
  "dataset": "yacht",
  "rmse_train": 3.3918415606701426,
  "rmse_test": 3.211292642080443,
  "log_score_train": -2.4421481233538023,
  "log_score_test": -2.4081375179510913,
  "crps_train": 1.7151596576194876,
  "crps_test": 1.6632531923263094,
  "picp_train": 1.0,
  "picp_test": 1.0,
  "mpiw_train": 22.161309824149857,
  "mpiw_test": 21.676838965625098
}