{
  "model": "MC dropout",
  "dataset": "wine",
  "rmse_train": 0.5771045426897985,
  "rmse_test": 0.6319520844890661,
  "log_score_train": -0.7227799333537879,
  "log_score_test": -0.937211818324957,
  "crps_train": 0.3061876298344197,
  "crps_test": 0.3462073377865377,
  "picp_train": 0.9409722222222222,
  "picp_test": 0.9056603773584906,
  "mpiw_train": 2.0477085301180793,
  "mpiw_test": 2.059759569471379
}