{
  "model": "NLM",
  "dataset": "wine",
  "rmse_train": 0.5816685240809764,
  "rmse_test": 0.6219736514056977,
  "log_score_train": -0.7357619013295409,
  "log_score_test": -0.9469096341971365,
  "crps_train": 0.3105782221783689,
  "crps_test": 0.33912245114062656,
  "picp_train": 0.9604166666666667,
  "picp_test": 0.9308176100628931,
  "mpiw_train": 2.3272052599227386,
  "mpiw_test": 2.244974311072294
}