{
  "model": "PNN-E",
  "dataset": "energy",
  "rmse_train": 3.029554038882167,
  "rmse_test": 2.0824259899841504,
  "log_score_train": -1.4547179839094297,
  "log_score_test": -1.6131465212700449,
  "crps_train": 0.9138891398471485,
  "crps_test": 0.9602684969120256,
  "picp_train": 0.9971098265895953,
  "picp_test": 1.0,
  "mpiw_train": 7.809687754700013,
  "mpiw_test": 8.839889132980229
}