{
  "model": "PNN",
  "dataset": "kin8nm",
  "rmse_train": 0.07714590447334048,
  "rmse_test": 0.09517455542473946,
  "log_score_train": 1.2734385257504492,
  "log_score_test": 1.0195517283822342,
  "crps_train": 0.04042352747511179,
  "crps_test": 0.0510387797476356,
  "picp_train": 0.967948717948718,
  "picp_test": 0.9227672035139092,
  "mpiw_train": 0.3013236315640354,
  "mpiw_test": 0.32493318256648934
}