{
  "model": "MC dropout",
  "dataset": "boston",
  "rmse_train": 3.166707097238234,
  "rmse_test": 4.408004478227563,
  "log_score_train": -2.412666549627403,
  "log_score_test": -2.513156266877418,
  "crps_train": 1.538565508372212,
  "crps_test": 1.8236355385467187,
  "picp_train": 0.9940652818991098,
  "picp_test": 0.9585798816568047,
  "mpiw_train": 15.7316959568182,
  "mpiw_test": 13.191378129307086
}