{
  "model": "PNN-E",
  "dataset": "wine",
  "rmse_train": 0.5460115789878262,
  "rmse_test": 0.6259050268603712,
  "log_score_train": -0.7078741553224325,
  "log_score_test": -0.9133812177504966,
  "crps_train": 0.2982071899348511,
  "crps_test": 0.3439063776770081,
  "picp_train": 0.9659722222222222,
  "picp_test": 0.9371069182389937,
  "mpiw_train": 2.379343148998311,
  "mpiw_test": 2.3448414682319205
}