{
  "model": "PNN-E",
  "dataset": "kin8nm",
  "rmse_train": 0.07287316276329188,
  "rmse_test": 0.07500123882456483,
  "log_score_train": 1.2648882232436482,
  "log_score_test": 1.2360879584291171,
  "crps_train": 0.039166307734770284,
  "crps_test": 0.040359287361089374,
  "picp_train": 0.9853519598535196,
  "picp_test": 0.9816849816849816,
  "mpiw_train": 0.3390758939263039,
  "mpiw_test": 0.34992619758967414
}