{
  "model": "MC dropout",
  "dataset": "kin8nm",
  "rmse_train": 0.07902037505373911,
  "rmse_test": 0.08094153011138519,
  "log_score_train": 1.1784094872770425,
  "log_score_test": 1.1461599553330715,
  "crps_train": 0.042766920147860064,
  "crps_test": 0.044382863619922094,
  "picp_train": 0.9818255798182558,
  "picp_test": 0.9743589743589743,
  "mpiw_train": 0.3548230254472829,
  "mpiw_test": 0.35480678884376504
}