{
  "model": "NLM",
  "dataset": "kin8nm",
  "rmse_train": 0.07556859052978457,
  "rmse_test": 0.08072412821268314,
  "log_score_train": 1.2646427685213717,
  "log_score_test": 1.1684898187759074,
  "crps_train": 0.04014729004573422,
  "crps_test": 0.043677308179004865,
  "picp_train": 0.9702970297029703,
  "picp_test": 0.945054945054945,
  "mpiw_train": 0.3133654167317921,
  "mpiw_test": 0.31737251714123405
}