{
  "model": "NLM",
  "dataset": "kin8nm",
  "rmse_train": 0.07638040317799803,
  "rmse_test": 0.07704385519317333,
  "log_score_train": 1.2489874603883087,
  "log_score_test": 1.2317108336717348,
  "crps_train": 0.04073212371505796,
  "crps_test": 0.04120253519847311,
  "picp_train": 0.967448799674488,
  "picp_test": 0.9572649572649573,
  "mpiw_train": 0.320192260954325,
  "mpiw_test": 0.31612581382755023
}