{
  "model": "PBP",
  "dataset": "wine",
  "rmse_train": 0.5612736618387945,
  "rmse_test": 0.7088540054567383,
  "log_score_train": -0.8407352159119615,
  "log_score_test": -1.113666683539048,
  "crps_train": 0.3129096525923231,
  "crps_test": 0.39027835563036595,
  "picp_train": 0.9502347417840376,
  "picp_test": 0.8951310861423221,
  "mpiw_train": 2.246073527736136,
  "mpiw_test": 2.262721417193137
}