{
  "model": "DNNC-R",
  "dataset": "kin8nm",
  "rmse_train": 0.08771680671643256,
  "rmse_test": 0.09357276498021537,
  "log_score_train": 0.8297715559561107,
  "log_score_test": 0.7874807529307501,
  "crps_train": 0.05268513289440469,
  "crps_test": 0.056050242059042674,
  "picp_train": 0.9650074596500746,
  "picp_test": 0.9523809523809523,
  "mpiw_train": 0.4624299421974512,
  "mpiw_test": 0.4644009226619133
}