{
  "model": "DNNC-R",
  "dataset": "wine",
  "rmse_train": 0.5122014322049132,
  "rmse_test": 0.6420599416734396,
  "log_score_train": -0.04678118657205373,
  "log_score_test": -0.37879242604107155,
  "crps_train": 0.2635467818907532,
  "crps_test": 0.33573622736173764,
  "picp_train": 0.9541666666666667,
  "picp_test": 0.9119496855345912,
  "mpiw_train": 2.1842064240392673,
  "mpiw_test": 2.213157912637221
}