{
  "model": "DNNC-R",
  "dataset": "energy",
  "rmse_train": 2.773461979207972,
  "rmse_test": 2.0086421585746685,
  "log_score_train": -1.9168732910094988,
  "log_score_test": -1.8766953239122448,
  "crps_train": 1.1477976372631484,
  "crps_test": 1.0372790204019575,
  "picp_train": 0.9552023121387283,
  "picp_test": 0.9605263157894737,
  "mpiw_train": 10.780473221829443,
  "mpiw_test": 11.011421365274158
}