{
  "model": "MC dropout",
  "dataset": "yacht",
  "rmse_train": 1.1782200305094905,
  "rmse_test": 1.194546324010861,
  "log_score_train": -1.8779844633653937,
  "log_score_test": -1.975071597276773,
  "crps_train": 0.8780649187171983,
  "crps_test": 0.9204462052081257,
  "picp_train": 1.0,
  "picp_test": 1.0,
  "mpiw_train": 12.170928814962224,
  "mpiw_test": 12.92554401976707
}