{
  "model": "MC dropout",
  "dataset": "energy",
  "rmse_train": 3.1280598173844623,
  "rmse_test": 5.373932725181465,
  "log_score_train": -1.5885595206662542,
  "log_score_test": -7.320995403385892,
  "crps_train": 0.9156676869773487,
  "crps_test": 2.9416096934522913,
  "picp_train": 0.994140625,
  "picp_test": 0.7265625,
  "mpiw_train": 9.572984010721587,
  "mpiw_test": 7.061040339928515
}