{
  "model": "MC dropout",
  "dataset": "wine",
  "rmse_train": 0.6034010794444292,
  "rmse_test": 0.6850179982639256,
  "log_score_train": -0.8721364549674836,
  "log_score_test": -1.0181263647937682,
  "crps_train": 0.33427058523344116,
  "crps_test": 0.37756331567451723,
  "picp_train": 0.9802816901408451,
  "picp_test": 0.9700374531835206,
  "mpiw_train": 2.7281560791995836,
  "mpiw_test": 3.1050355965201626
}