{
  "model": "NLM",
  "dataset": "kin8nm",
  "rmse_train": 0.07589593002882813,
  "rmse_test": 0.09363728874409716,
  "log_score_train": 1.296791286910032,
  "log_score_test": 1.0401885708540644,
  "crps_train": 0.03980564189394792,
  "crps_test": 0.05020809011145168,
  "picp_train": 0.9580586080586081,
  "picp_test": 0.9315519765739385,
  "mpiw_train": 0.27744164941852223,
  "mpiw_test": 0.31463510731808153
}