{
  "model": "MC dropout",
  "dataset": "wine",
  "rmse_train": 0.5964413609448932,
  "rmse_test": 0.6204117338522886,
  "log_score_train": -0.8288325127424421,
  "log_score_test": -0.9229103074522466,
  "crps_train": 0.32554812121245197,
  "crps_test": 0.34152060899112924,
  "picp_train": 0.9709193245778611,
  "picp_test": 0.9155722326454033,
  "mpiw_train": 2.5856220947545605,
  "mpiw_test": 2.4416666239825293
}