{
  "model": "NLM-E",
  "dataset": "boston",
  "rmse_train": 2.1506078927749854,
  "rmse_test": 8.500556174872523,
  "log_score_train": -1.82419879464413,
  "log_score_test": -3.000213450055179,
  "crps_train": 0.8928365534245282,
  "crps_test": 3.7096351693845886,
  "picp_train": 0.9970238095238095,
  "picp_test": 0.9176470588235294,
  "mpiw_train": 9.412815876595582,
  "mpiw_test": 27.25270962051535
}