{
  "model": "MC dropout",
  "dataset": "concrete",
  "rmse_train": 4.399843299099674,
  "rmse_test": 4.38462405868324,
  "log_score_train": -2.779396175679546,
  "log_score_test": -2.821805931647977,
  "crps_train": 2.278720642786701,
  "crps_test": 2.363931922609221,
  "picp_train": 0.9848975188781014,
  "picp_test": 0.9611650485436893,
  "mpiw_train": 19.604897340215576,
  "mpiw_test": 18.595035166936515
}