{
  "model": "PNN-E",
  "dataset": "energy",
  "rmse_train": 2.8343793121705154,
  "rmse_test": 4.343001708040751,
  "log_score_train": -1.505051382677489,
  "log_score_test": -1.663899376549778,
  "crps_train": 0.9196389527874264,
  "crps_test": 1.5237114706932475,
  "picp_train": 0.9985549132947977,
  "picp_test": 0.9736842105263158,
  "mpiw_train": 7.997650869540791,
  "mpiw_test": 12.992727476355974
}