{
  "model": "MC dropout",
  "dataset": "boston",
  "rmse_train": 4.406238679521328,
  "rmse_test": 3.415180034469719,
  "log_score_train": -2.224804302664767,
  "log_score_test": -2.4905525268212316,
  "crps_train": 1.6684431236796224,
  "crps_test": 1.752350378157973,
  "picp_train": 0.9910979228486647,
  "picp_test": 0.9349112426035503,
  "mpiw_train": 17.87793016680111,
  "mpiw_test": 12.406222012042832
}