{
  "model": "MC dropout",
  "dataset": "concrete",
  "rmse_train": 5.127943062099896,
  "rmse_test": 6.428618624236726,
  "log_score_train": -2.933774994061957,
  "log_score_test": -3.151808554393563,
  "crps_train": 2.6921164094570407,
  "crps_test": 3.3463606177779193,
  "picp_train": 0.9816612729234089,
  "picp_test": 0.9320388349514563,
  "mpiw_train": 22.808268983248702,
  "mpiw_test": 23.076569553765214
}