{
  "model": "NLM-E",
  "dataset": "energy",
  "rmse_train": 2.9156405300058488,
  "rmse_test": 1.830125564211921,
  "log_score_train": -1.291965708630931,
  "log_score_test": -1.5902201460318626,
  "crps_train": 0.8513107841328832,
  "crps_test": 0.7722764525116357,
  "picp_train": 0.9971098265895953,
  "picp_test": 0.9736842105263158,
  "mpiw_train": 7.035084557807453,
  "mpiw_test": 6.727013664183008
}