{
  "model": "MC dropout",
  "dataset": "yacht",
  "rmse_train": 3.3068014653859206,
  "rmse_test": 2.6317288712568767,
  "log_score_train": -2.8514145238573327,
  "log_score_test": -2.8856436937904073,
  "crps_train": 2.047054164617514,
  "crps_test": 1.9700470529201524,
  "picp_train": 0.9820143884892086,
  "picp_test": 1.0,
  "mpiw_train": 23.5008301147851,
  "mpiw_test": 25.84536348099174
}