{
  "model": "PNN",
  "dataset": "kin8nm",
  "rmse_train": 0.07425773983434227,
  "rmse_test": 0.10495462155363906,
  "log_score_train": 1.2599111985785287,
  "log_score_test": 0.8820845656216884,
  "crps_train": 0.04013482618670414,
  "crps_test": 0.05496783092602392,
  "picp_train": 0.9379120879120879,
  "picp_test": 0.8814055636896047,
  "mpiw_train": 0.26258789622434625,
  "mpiw_test": 0.28950069538977713
}