{
  "model": "MC dropout",
  "dataset": "energy",
  "rmse_train": 3.1408243164397147,
  "rmse_test": 2.7905251499522508,
  "log_score_train": -1.8906637520852614,
  "log_score_test": -1.9367664041397816,
  "crps_train": 1.1823379596816919,
  "crps_test": 1.2153216145485637,
  "picp_train": 0.9971098265895953,
  "picp_test": 1.0,
  "mpiw_train": 9.245173205939183,
  "mpiw_test": 8.83663368071702
}