{
  "model": "PNN",
  "dataset": "concrete",
  "rmse_train": 4.285905255429794,
  "rmse_test": 6.797916064135874,
  "log_score_train": -2.754718106405808,
  "log_score_test": -3.836138978526988,
  "crps_train": 2.2968060115827704,
  "crps_test": 4.068780714756076,
  "picp_train": 0.9723435225618632,
  "picp_test": 0.7288629737609329,
  "mpiw_train": 20.353726865707397,
  "mpiw_test": 15.823763431738161
}