{
  "model": "PNN",
  "dataset": "wine",
  "rmse_train": 0.6006317379682099,
  "rmse_test": 0.608849283565691,
  "log_score_train": -0.7366432618923331,
  "log_score_test": -0.9997661502170962,
  "crps_train": 0.3139203907399147,
  "crps_test": 0.3394066713182544,
  "picp_train": 0.9583333333333334,
  "picp_test": 0.9056603773584906,
  "mpiw_train": 2.295385114065252,
  "mpiw_test": 2.4022118853917624
}