{
  "model": "NLM",
  "dataset": "boston",
  "rmse_train": 2.719575715990577,
  "rmse_test": 2.6938170071763254,
  "log_score_train": -1.8648092122535334,
  "log_score_test": -2.7303305332976135,
  "crps_train": 1.0694520522467301,
  "crps_test": 1.5390921378452713,
  "picp_train": 0.9649122807017544,
  "picp_test": 0.84,
  "mpiw_train": 8.094603319652837,
  "mpiw_test": 7.749496341172825
}