{
  "model": "PNN-E",
  "dataset": "kin8nm",
  "rmse_train": 0.07305487684782855,
  "rmse_test": 0.07842341004277902,
  "log_score_train": 1.2518807895418338,
  "log_score_test": 1.2089344091683027,
  "crps_train": 0.03941890692704223,
  "crps_test": 0.04146346133038376,
  "picp_train": 0.9892852298928523,
  "picp_test": 0.9853479853479854,
  "mpiw_train": 0.3560752496735358,
  "mpiw_test": 0.36592239250695463
}