{
  "model": "NLM",
  "dataset": "kin8nm",
  "rmse_train": 0.07725573803261361,
  "rmse_test": 0.08475724278377535,
  "log_score_train": 1.2607844801873123,
  "log_score_test": 1.1971755716951429,
  "crps_train": 0.04061682525092428,
  "crps_test": 0.043760556144721185,
  "picp_train": 0.9762647497626475,
  "picp_test": 0.9755799755799756,
  "mpiw_train": 0.32604597462191415,
  "mpiw_test": 0.33904197424952354
}