{
  "model": "PNN",
  "dataset": "energy",
  "rmse_train": 3.3424996556439917,
  "rmse_test": 2.335156422375203,
  "log_score_train": -1.926149336166309,
  "log_score_test": -1.8958677062814862,
  "crps_train": 1.2249680414009243,
  "crps_test": 1.1340352767458397,
  "picp_train": 0.9927745664739884,
  "picp_test": 0.9868421052631579,
  "mpiw_train": 10.543116746561774,
  "mpiw_test": 9.323075856901102
}