{
  "model": "NLM",
  "dataset": "energy",
  "rmse_train": 2.9690720457073425,
  "rmse_test": 6.69588634441733,
  "log_score_train": -1.1689263016921254,
  "log_score_test": -47.34787272862239,
  "crps_train": 0.8909453583912772,
  "crps_test": 4.811869029695146,
  "picp_train": 0.986328125,
  "picp_test": 0.23046875,
  "mpiw_train": 9.702307629606802,
  "mpiw_test": 6.478874515872468
}