{
  "model": "MC dropout",
  "dataset": "boston",
  "rmse_train": 1.6621318748847547,
  "rmse_test": 6.677155783558357,
  "log_score_train": -1.8251436234231728,
  "log_score_test": -7.516390078883224,
  "crps_train": 0.8797867817537893,
  "crps_test": 3.3835307396313095,
  "picp_train": 0.9761904761904762,
  "picp_test": 0.6823529411764706,
  "mpiw_train": 7.450996799974529,
  "mpiw_test": 8.066885377970475
}