{
  "model": "MC dropout",
  "dataset": "yacht",
  "rmse_train": 5.634302477708471,
  "rmse_test": 4.885044642670109,
  "log_score_train": -3.612502888229377,
  "log_score_test": -3.219553787301438,
  "crps_train": 2.9509230146722816,
  "crps_test": 2.5449601707060716,
  "picp_train": 0.7843137254901961,
  "picp_test": 0.8076923076923077,
  "mpiw_train": 15.707473848765332,
  "mpiw_test": 14.464052241203772
}