{
  "model": "PNN",
  "dataset": "boston",
  "rmse_train": 3.0570193382125446,
  "rmse_test": 3.5831074481221536,
  "log_score_train": -1.9321893061547006,
  "log_score_test": -4.268999980571772,
  "crps_train": 1.184893480796027,
  "crps_test": 2.046434805126942,
  "picp_train": 0.973293768545994,
  "picp_test": 0.7692307692307693,
  "mpiw_train": 8.869883497538016,
  "mpiw_test": 10.031945645992776
}