{
  "model": "MC dropout",
  "dataset": "powerplant",
  "rmse_train": 5.275714008270346,
  "rmse_test": 5.231764440376521,
  "log_score_train": -3.0240556323426526,
  "log_score_test": -3.0359802625319894,
  "crps_train": 2.863957084312375,
  "crps_test": 2.8779356259587745,
  "picp_train": 0.9683000464468184,
  "picp_test": 0.9686192468619247,
  "mpiw_train": 20.33104114115362,
  "mpiw_test": 20.340528302848554
}