{
  "model": "NLM-E",
  "dataset": "boston",
  "rmse_train": 1.284314804948264,
  "rmse_test": 6.9448410341942575,
  "log_score_train": -1.6079551655809603,
  "log_score_test": -5.666145866214676,
  "crps_train": 0.6786678097107737,
  "crps_test": 3.374988469821887,
  "picp_train": 0.9880952380952381,
  "picp_test": 0.7352941176470589,
  "mpiw_train": 6.729134613481473,
  "mpiw_test": 9.6754730697857
}