{
  "model": "PNN",
  "dataset": "powerplant",
  "rmse_train": 4.055852481941322,
  "rmse_test": 4.084072191259394,
  "log_score_train": -2.795838978656903,
  "log_score_test": -2.8235276483915186,
  "crps_train": 2.1965516251850388,
  "crps_test": 2.1836516661736076,
  "picp_train": 0.9622619600557362,
  "picp_test": 0.9633891213389121,
  "mpiw_train": 15.710897482802961,
  "mpiw_test": 15.748497810763375
}