{
  "model": "DNNC-R",
  "dataset": "wine",
  "rmse_train": 0.5020108904351243,
  "rmse_test": 0.7084145604402803,
  "log_score_train": -0.09830445869541682,
  "log_score_test": -0.5819012363439092,
  "crps_train": 0.2595965194547328,
  "crps_test": 0.38445025211640826,
  "picp_train": 0.9596622889305816,
  "picp_test": 0.9061913696060038,
  "mpiw_train": 2.2313017176067262,
  "mpiw_test": 2.3898858330896386
}