{
  "model": "PBP",
  "dataset": "kin8nm",
  "rmse_train": 0.0882978450241162,
  "rmse_test": 0.11319298845790812,
  "log_score_train": 1.0002619039351175,
  "log_score_test": 0.7338892189804876,
  "crps_train": 0.048970620484898114,
  "crps_test": 0.061632685546792444,
  "picp_train": 0.9602564102564103,
  "picp_test": 0.9125183016105417,
  "mpiw_train": 0.37982533353550696,
  "mpiw_test": 0.3801142358081581
}