{
  "model": "PBP",
  "dataset": "energy",
  "rmse_train": 3.0668548980240575,
  "rmse_test": 2.899331081598249,
  "log_score_train": -2.298247033854713,
  "log_score_test": -2.30475312994202,
  "crps_train": 1.3568171179206563,
  "crps_test": 1.3865680666673117,
  "picp_train": 0.9465317919075145,
  "picp_test": 0.9473684210526315,
  "mpiw_train": 10.604049531769869,
  "mpiw_test": 10.490921209558827
}