{
  "model": "PBP",
  "dataset": "concrete",
  "rmse_train": 4.706743896787518,
  "rmse_test": 6.985107590240506,
  "log_score_train": -2.9759182620417737,
  "log_score_test": -3.460210181628903,
  "crps_train": 2.6311114941853497,
  "crps_test": 3.8986637098958328,
  "picp_train": 0.9635568513119533,
  "picp_test": 0.8575581395348837,
  "mpiw_train": 20.313141016181003,
  "mpiw_test": 20.438981455934158
}