{
  "model": "MC dropout",
  "dataset": "boston",
  "rmse_train": 2.819519159578573,
  "rmse_test": 5.988280974743867,
  "log_score_train": -2.055142424418512,
  "log_score_test": -3.054763114981695,
  "crps_train": 1.136622481586359,
  "crps_test": 3.6616017584872673,
  "picp_train": 0.9970238095238095,
  "picp_test": 0.9470588235294117,
  "mpiw_train": 12.36188846419522,
  "mpiw_test": 42.89818281423654
}