{
  "model": "DNNC-R",
  "dataset": "concrete",
  "rmse_train": 4.668527513278864,
  "rmse_test": 6.571956194912163,
  "log_score_train": -2.9196359618913914,
  "log_score_test": -3.411977298968797,
  "crps_train": 2.5404169779557404,
  "crps_test": 3.6211208528221124,
  "picp_train": 0.9514563106796117,
  "picp_test": 0.8543689320388349,
  "mpiw_train": 20.087028978913242,
  "mpiw_test": 20.413240952004884
}