{
  "model": "NLM",
  "dataset": "wine",
  "rmse_train": 0.5826954004433262,
  "rmse_test": 0.6353623014085401,
  "log_score_train": -0.7327844902053142,
  "log_score_test": -0.9357335025113453,
  "crps_train": 0.3094639424617072,
  "crps_test": 0.3482045096484931,
  "picp_train": 0.9479166666666666,
  "picp_test": 0.9056603773584906,
  "mpiw_train": 2.2066809969331636,
  "mpiw_test": 2.289997983861687
}