{
  "model": "PNN-E",
  "dataset": "energy",
  "rmse_train": 2.936369488964219,
  "rmse_test": 1.595978371841415,
  "log_score_train": -1.4148669179644688,
  "log_score_test": -1.2999643148779945,
  "crps_train": 0.9159155640201182,
  "crps_test": 0.6688964325496267,
  "picp_train": 0.9985549132947977,
  "picp_test": 1.0,
  "mpiw_train": 7.481365559020473,
  "mpiw_test": 6.314165316294532
}