{
  "model": "PNN",
  "dataset": "boston",
  "rmse_train": 2.658194115136682,
  "rmse_test": 5.142262880526382,
  "log_score_train": -1.9644477779441918,
  "log_score_test": -3.000021007979974,
  "crps_train": 1.120467453876286,
  "crps_test": 2.308751021664859,
  "picp_train": 0.9758771929824561,
  "picp_test": 0.84,
  "mpiw_train": 8.839862993444124,
  "mpiw_test": 8.501647677038633
}