{
  "model": "DNNC-R",
  "dataset": "yacht",
  "rmse_train": 3.0722206551978726,
  "rmse_test": 3.654675450557392,
  "log_score_train": -1.4311863140474599,
  "log_score_test": -1.6498926628852442,
  "crps_train": 3.3461132514106238,
  "crps_test": 4.1897258837166795,
  "picp_train": 0.9424460431654677,
  "picp_test": 0.9,
  "mpiw_train": 24.951561301790953,
  "mpiw_test": 24.398277035371418
}