{
  "model": "MC dropout",
  "dataset": "powerplant",
  "rmse_train": 4.6143061392839595,
  "rmse_test": 4.397392490234216,
  "log_score_train": -2.934380114647539,
  "log_score_test": -2.895280141346339,
  "crps_train": 2.5146708637928805,
  "crps_test": 2.453732436939372,
  "picp_train": 0.9686483975847654,
  "picp_test": 0.9707112970711297,
  "mpiw_train": 19.38304822673748,
  "mpiw_test": 19.363199132153287
}