{
  "model": "DNNC-R",
  "dataset": "yacht",
  "rmse_train": 4.458469573470942,
  "rmse_test": 7.838290235805427,
  "log_score_train": -1.296523818510532,
  "log_score_test": -1.6446030365236164,
  "crps_train": 4.66996724388888,
  "crps_test": 5.4243934010357995,
  "picp_train": 0.8884892086330936,
  "picp_test": 0.8666666666666667,
  "mpiw_train": 25.375484761111306,
  "mpiw_test": 27.978560598384956
}