{
  "model": "PNN",
  "dataset": "wine",
  "rmse_train": 0.5951862704459898,
  "rmse_test": 0.6406203765021379,
  "log_score_train": -0.751268207451772,
  "log_score_test": -1.0546128853860723,
  "crps_train": 0.3214021157964903,
  "crps_test": 0.36119310444204084,
  "picp_train": 0.9555555555555556,
  "picp_test": 0.8805031446540881,
  "mpiw_train": 2.429408055447856,
  "mpiw_test": 2.2096218947932207
}