{
  "model": "NLM-E",
  "dataset": "yacht",
  "rmse_train": 0.7875327693798104,
  "rmse_test": 0.7585849653339903,
  "log_score_train": -1.621864725192169,
  "log_score_test": -1.6863678402201046,
  "crps_train": 0.5906677091299402,
  "crps_test": 0.60172551545857,
  "picp_train": 1.0,
  "picp_test": 1.0,
  "mpiw_train": 9.122532399830071,
  "mpiw_test": 8.945691999414821
}