{
  "model": "PNN-E",
  "dataset": "wine",
  "rmse_train": 0.5342618185330135,
  "rmse_test": 0.6736830750039606,
  "log_score_train": -0.7118510830076559,
  "log_score_test": -0.9976466289461938,
  "crps_train": 0.30755555456008243,
  "crps_test": 0.36824970685497027,
  "picp_train": 0.9634146341463414,
  "picp_test": 0.9155722326454033,
  "mpiw_train": 2.7531974418665666,
  "mpiw_test": 2.345790127789775
}