{
  "model": "PNN",
  "dataset": "kin8nm",
  "rmse_train": 0.08056372517378438,
  "rmse_test": 0.09025826869331242,
  "log_score_train": 1.2205857942244813,
  "log_score_test": 1.1374398191718138,
  "crps_train": 0.042509283104804986,
  "crps_test": 0.04675942654545272,
  "picp_train": 0.9651430896514309,
  "picp_test": 0.9584859584859585,
  "mpiw_train": 0.3157478716745196,
  "mpiw_test": 0.32548745865452555
}