{
  "model": "NLM",
  "dataset": "kin8nm",
  "rmse_train": 0.06874946215711117,
  "rmse_test": 0.09899874574767716,
  "log_score_train": 1.3383117261055633,
  "log_score_test": 1.07369077710891,
  "crps_train": 0.03713433782890132,
  "crps_test": 0.050243941723569795,
  "picp_train": 0.9712454212454212,
  "picp_test": 0.9381405563689604,
  "mpiw_train": 0.2910553392117661,
  "mpiw_test": 0.3301973230173728
}