{
  "model": "PNN-E",
  "dataset": "boston",
  "rmse_train": 2.9981270047699127,
  "rmse_test": 2.6140858254784374,
  "log_score_train": -1.9788223503673763,
  "log_score_test": -2.3284140352766647,
  "crps_train": 1.1566328441587141,
  "crps_test": 1.4809949133370461,
  "picp_train": 0.9970326409495549,
  "picp_test": 0.9230769230769231,
  "mpiw_train": 11.28950954965723,
  "mpiw_test": 11.636258381909387
}