{
  "model": "MC dropout",
  "dataset": "powerplant",
  "rmse_train": 4.728401136493796,
  "rmse_test": 5.156929935017812,
  "log_score_train": -2.952462134215487,
  "log_score_test": -2.9949423922099863,
  "crps_train": 2.5975721209247995,
  "crps_test": 2.684968470104206,
  "picp_train": 0.9759637714816535,
  "picp_test": 0.9728033472803347,
  "mpiw_train": 19.880456468036183,
  "mpiw_test": 19.95501054337099
}