{
  "model": "MC dropout",
  "dataset": "kin8nm",
  "rmse_train": 0.07665673368304082,
  "rmse_test": 0.08730320575922808,
  "log_score_train": 1.1949431362295886,
  "log_score_test": 1.1327945541885567,
  "crps_train": 0.04187808188504701,
  "crps_test": 0.045821213047565826,
  "picp_train": 0.9806049098060491,
  "picp_test": 0.9755799755799756,
  "mpiw_train": 0.34631650437527867,
  "mpiw_test": 0.3516083490708682
}