{
  "model": "MC dropout",
  "dataset": "yacht",
  "rmse_train": 0.9957678803661724,
  "rmse_test": 0.9564021437189132,
  "log_score_train": -2.2530773897347642,
  "log_score_test": -2.2406888750666734,
  "crps_train": 0.9819479611602323,
  "crps_test": 0.9746667575880749,
  "picp_train": 1.0,
  "picp_test": 1.0,
  "mpiw_train": 14.692061413354123,
  "mpiw_test": 14.719607045397348
}