{
  "model": "NLM",
  "dataset": "kin8nm",
  "rmse_train": 0.07276627907662002,
  "rmse_test": 0.11363094594343577,
  "log_score_train": 1.2974166027833545,
  "log_score_test": 0.7714105768680716,
  "crps_train": 0.03868049595401238,
  "crps_test": 0.0602008191870028,
  "picp_train": 0.9743589743589743,
  "picp_test": 0.8967789165446559,
  "mpiw_train": 0.3119207494347492,
  "mpiw_test": 0.3571429181537771
}