{
  "model": "NLM",
  "dataset": "concrete",
  "rmse_train": 4.60757710747062,
  "rmse_test": 5.051554514494665,
  "log_score_train": -2.7352243517233967,
  "log_score_test": -2.875040349068501,
  "crps_train": 2.3226030584608894,
  "crps_test": 2.5759171377080516,
  "picp_train": 0.9795037756202805,
  "picp_test": 0.9514563106796117,
  "mpiw_train": 19.663322256902156,
  "mpiw_test": 20.7936571611376
}