{
  "model": "PNN-E",
  "dataset": "wine",
  "rmse_train": 0.5474995519944955,
  "rmse_test": 0.6547712089059669,
  "log_score_train": -0.7081938100975694,
  "log_score_test": -1.0118124097852799,
  "crps_train": 0.2964013128464419,
  "crps_test": 0.36547699916588444,
  "picp_train": 0.9694444444444444,
  "picp_test": 0.9182389937106918,
  "mpiw_train": 2.393459271273591,
  "mpiw_test": 2.4845704147609573
}