{
  "model": "DNNC-R",
  "dataset": "yacht",
  "rmse_train": 3.7303724813840473,
  "rmse_test": 10.78366883216847,
  "log_score_train": -1.1865470432881533,
  "log_score_test": -3.7548256863782825,
  "crps_train": 4.573624220889037,
  "crps_test": 9.557931227674562,
  "picp_train": 0.8780487804878049,
  "picp_test": 0.5825242718446602,
  "mpiw_train": 23.559564953383997,
  "mpiw_test": 31.29960664730725
}