{
  "model": "DNNC-R",
  "dataset": "wine",
  "rmse_train": 0.5408342034144286,
  "rmse_test": 0.6087499706370754,
  "log_score_train": -0.1202139210326142,
  "log_score_test": -0.23144049020935062,
  "crps_train": 0.283184759069456,
  "crps_test": 0.3221221509805047,
  "picp_train": 0.9611111111111111,
  "picp_test": 0.9245283018867925,
  "mpiw_train": 2.443564482759697,
  "mpiw_test": 2.3957337760952804
}