{
  "model": "PNN-E",
  "dataset": "kin8nm",
  "rmse_train": 0.07483989175573366,
  "rmse_test": 0.07714578226937172,
  "log_score_train": 1.2444727533899547,
  "log_score_test": 1.2123306348766067,
  "crps_train": 0.04003418084280367,
  "crps_test": 0.04121711169186423,
  "picp_train": 0.9890139698901397,
  "picp_test": 0.978021978021978,
  "mpiw_train": 0.3563082693342219,
  "mpiw_test": 0.35869167384278866
}