{
  "model": "MC dropout",
  "dataset": "kin8nm",
  "rmse_train": 0.08801056503536024,
  "rmse_test": 0.09048716278039351,
  "log_score_train": 1.1072389489450507,
  "log_score_test": 1.065944296840766,
  "crps_train": 0.046722497364637815,
  "crps_test": 0.04868518068846853,
  "picp_train": 0.978299199782992,
  "picp_test": 0.9706959706959707,
  "mpiw_train": 0.3774130023278518,
  "mpiw_test": 0.37840076999727157
}