{
  "model": "PBP",
  "dataset": "energy",
  "rmse_train": 2.6901234709688446,
  "rmse_test": 3.904190190949159,
  "log_score_train": -2.181588491061058,
  "log_score_test": -2.3050587830621025,
  "crps_train": 1.1919388751329218,
  "crps_test": 1.5314010453696998,
  "picp_train": 0.9479768786127167,
  "picp_test": 0.9342105263157895,
  "mpiw_train": 10.624536861378417,
  "mpiw_test": 11.172054608779533
}