{
  "model": "MC dropout",
  "dataset": "boston",
  "rmse_train": 2.969300098695245,
  "rmse_test": 5.1379711989928385,
  "log_score_train": -2.1133915307576263,
  "log_score_test": -3.0082519334286792,
  "crps_train": 1.2631172933021506,
  "crps_test": 2.5969768589578286,
  "picp_train": 0.9970238095238095,
  "picp_test": 0.9235294117647059,
  "mpiw_train": 12.411109939645304,
  "mpiw_test": 18.153712561983518
}