{
  "model": "NLM-E",
  "dataset": "wine",
  "rmse_train": 0.5607721387328637,
  "rmse_test": 0.6503539228839026,
  "log_score_train": -0.7063673303663954,
  "log_score_test": -1.0782292597652696,
  "crps_train": 0.3100481767580238,
  "crps_test": 0.3662873274127956,
  "picp_train": 0.9699812382739212,
  "picp_test": 0.9118198874296435,
  "mpiw_train": 2.5854717798799416,
  "mpiw_test": 2.393118684133624
}