{
  "model": "MC dropout",
  "dataset": "wine",
  "rmse_train": 0.6378785266821615,
  "rmse_test": 0.6660629691071296,
  "log_score_train": -0.8534643670655526,
  "log_score_test": -0.9714826190648033,
  "crps_train": 0.3719815089667075,
  "crps_test": 0.36716059711066806,
  "picp_train": 0.9784722222222222,
  "picp_test": 0.9433962264150944,
  "mpiw_train": 3.5318506505591825,
  "mpiw_test": 2.6289041747126842
}