{
  "model": "MC dropout",
  "dataset": "boston",
  "rmse_train": 2.6395669931830135,
  "rmse_test": 3.762314493899193,
  "log_score_train": -2.088293917175036,
  "log_score_test": -2.506142052369321,
  "crps_train": 1.2481734803265303,
  "crps_test": 1.855271132490985,
  "picp_train": 0.9881305637982196,
  "picp_test": 0.9349112426035503,
  "mpiw_train": 13.344010538035773,
  "mpiw_test": 13.30746739949718
}