{
  "model": "PBP",
  "dataset": "boston",
  "rmse_train": 1.6371363843297126,
  "rmse_test": 7.259254252443925,
  "log_score_train": -1.9250384355712642,
  "log_score_test": -8.26750476216158,
  "crps_train": 0.9037589174896942,
  "crps_test": 3.70423673482968,
  "picp_train": 0.9702380952380952,
  "picp_test": 0.6235294117647059,
  "mpiw_train": 7.316226064401005,
  "mpiw_test": 7.713046259264841
}