{
  "model": "PBP",
  "dataset": "boston",
  "rmse_train": 2.0246551770533876,
  "rmse_test": 4.907199995741888,
  "log_score_train": -2.105042916726332,
  "log_score_test": -4.06356339007083,
  "crps_train": 1.0785838255578295,
  "crps_test": 2.791410936303276,
  "picp_train": 0.9523809523809523,
  "picp_test": 0.6764705882352942,
  "mpiw_train": 8.335474782008335,
  "mpiw_test": 8.588714267987134
}