{
  "model": "NLM",
  "dataset": "concrete",
  "rmse_train": 4.72490634082154,
  "rmse_test": 5.336994359924653,
  "log_score_train": -2.754761337016051,
  "log_score_test": -3.0519231839196905,
  "crps_train": 2.3747669870637966,
  "crps_test": 2.881015148112023,
  "picp_train": 0.9762675296655879,
  "picp_test": 0.9514563106796117,
  "mpiw_train": 19.8730941961113,
  "mpiw_test": 19.03621889848682
}