{
  "model": "MC dropout",
  "dataset": "kin8nm",
  "rmse_train": 0.07935441195743138,
  "rmse_test": 0.1112302461327469,
  "log_score_train": 1.0920831229480144,
  "log_score_test": 0.8876212156130715,
  "crps_train": 0.045170496177392064,
  "crps_test": 0.05860822621831064,
  "picp_train": 0.9941391941391942,
  "picp_test": 0.9835285505124451,
  "mpiw_train": 0.4165445236425309,
  "mpiw_test": 0.5127734533074644
}