{
  "model": "PBP",
  "dataset": "energy",
  "rmse_train": 3.332630158145317,
  "rmse_test": 2.258195472133623,
  "log_score_train": -2.2845680215997586,
  "log_score_test": -2.260456227225783,
  "crps_train": 1.3489038823155561,
  "crps_test": 1.2497780350101164,
  "picp_train": 0.9479768786127167,
  "picp_test": 0.9605263157894737,
  "mpiw_train": 10.845220083072629,
  "mpiw_test": 10.744255639750392
}