{
  "model": "DNNC-R",
  "dataset": "concrete",
  "rmse_train": 4.662608168966899,
  "rmse_test": 5.416243899326931,
  "log_score_train": -3.018812856422041,
  "log_score_test": -3.143808674989596,
  "crps_train": 2.6665420523739356,
  "crps_test": 3.0982738714509765,
  "picp_train": 0.9525350593311759,
  "picp_test": 0.9611650485436893,
  "mpiw_train": 22.513395208201157,
  "mpiw_test": 23.65838090161978
}