{
  "model": "DNNC-R",
  "dataset": "wine",
  "rmse_train": 0.5243534324416057,
  "rmse_test": 0.7019978589355385,
  "log_score_train": -0.07468797450831947,
  "log_score_test": -0.5617781458715282,
  "crps_train": 0.2717805512631202,
  "crps_test": 0.3682072695925435,
  "picp_train": 0.9638888888888889,
  "picp_test": 0.8742138364779874,
  "mpiw_train": 2.3284157847835023,
  "mpiw_test": 2.293599659921721
}