{
  "model": "PNN-E",
  "dataset": "kin8nm",
  "rmse_train": 0.07152918992125731,
  "rmse_test": 0.07234010912514642,
  "log_score_train": 1.2693361628442401,
  "log_score_test": 1.2478225800001783,
  "crps_train": 0.03876612684528495,
  "crps_test": 0.03949597405118804,
  "picp_train": 0.9890139698901397,
  "picp_test": 0.9865689865689866,
  "mpiw_train": 0.3467420033456551,
  "mpiw_test": 0.3450649975704206
}