{
  "model": "MC dropout",
  "dataset": "boston",
  "rmse_train": 3.2662139371834558,
  "rmse_test": 4.079785474369846,
  "log_score_train": -2.3592589876503403,
  "log_score_test": -2.463463680271427,
  "crps_train": 1.5186567481337814,
  "crps_test": 1.829043742985127,
  "picp_train": 0.9890350877192983,
  "picp_test": 1.0,
  "mpiw_train": 15.279583419852187,
  "mpiw_test": 17.882282049080796
}