{
  "model": "PNN",
  "dataset": "energy",
  "rmse_train": 3.218604686689704,
  "rmse_test": 2.3741341517086947,
  "log_score_train": -1.9424485018115896,
  "log_score_test": -2.0626445259309723,
  "crps_train": 1.2121943681011296,
  "crps_test": 1.2402282806862406,
  "picp_train": 0.9985549132947977,
  "picp_test": 1.0,
  "mpiw_train": 12.04606570234433,
  "mpiw_test": 13.590887476171932
}