{
  "model": "PNN",
  "dataset": "wine",
  "rmse_train": 0.5503897140577984,
  "rmse_test": 0.860820953675925,
  "log_score_train": -0.6830101136774654,
  "log_score_test": -5.419304291527474,
  "crps_train": 0.293922050094686,
  "crps_test": 0.49052175328451764,
  "picp_train": 0.9549295774647887,
  "picp_test": 0.6666666666666666,
  "mpiw_train": 1.9907731412396723,
  "mpiw_test": 1.5950733032794608
}