{
  "model": "PNN-E",
  "dataset": "yacht",
  "rmse_train": 0.8407298949463893,
  "rmse_test": 1.4196274322663907,
  "log_score_train": -1.4117835602706146,
  "log_score_test": -1.193275217058726,
  "crps_train": 0.5218000166100085,
  "crps_test": 0.47909266830444397,
  "picp_train": 1.0,
  "picp_test": 1.0,
  "mpiw_train": 7.598866902192995,
  "mpiw_test": 5.9097933205187125
}