{
  "model": "NLM",
  "dataset": "boston",
  "rmse_train": 2.4883820584407204,
  "rmse_test": 4.725222396634904,
  "log_score_train": -1.821614781508372,
  "log_score_test": -3.316030676664152,
  "crps_train": 1.0063229039819543,
  "crps_test": 2.3301265232212756,
  "picp_train": 0.9851632047477745,
  "picp_test": 0.8402366863905325,
  "mpiw_train": 8.167340231095924,
  "mpiw_test": 9.983300754623794
}