{
  "model": "MC dropout",
  "dataset": "wine",
  "rmse_train": 0.5848801422685289,
  "rmse_test": 0.6293713738832464,
  "log_score_train": -0.7926625344987461,
  "log_score_test": -0.9265446837424948,
  "crps_train": 0.3162480139603797,
  "crps_test": 0.34794732853390586,
  "picp_train": 0.9673611111111111,
  "picp_test": 0.949685534591195,
  "mpiw_train": 2.4196650405208713,
  "mpiw_test": 2.5391250106932293
}