{
  "model": "PNN",
  "dataset": "concrete",
  "rmse_train": 5.25287783252624,
  "rmse_test": 6.851298277418659,
  "log_score_train": -2.86767106662789,
  "log_score_test": -3.500523747688324,
  "crps_train": 2.6314241607652358,
  "crps_test": 3.413146485786846,
  "picp_train": 0.9449838187702265,
  "picp_test": 0.8349514563106796,
  "mpiw_train": 17.13801034316171,
  "mpiw_test": 17.617473442841916
}