{
  "model": "PNN",
  "dataset": "concrete",
  "rmse_train": 5.079941281217384,
  "rmse_test": 5.4662930802540695,
  "log_score_train": -2.8826530238888353,
  "log_score_test": -3.0818628213633104,
  "crps_train": 2.6591860066601813,
  "crps_test": 2.936573296807159,
  "picp_train": 0.9665587918015103,
  "picp_test": 0.941747572815534,
  "mpiw_train": 18.902923080024426,
  "mpiw_test": 17.914947671241585
}