{
  "model": "DNNC-R",
  "dataset": "wine",
  "rmse_train": 0.5362103744010783,
  "rmse_test": 0.5541138384456572,
  "log_score_train": -0.0993359404005471,
  "log_score_test": -0.1713409124670787,
  "crps_train": 0.27794707161057636,
  "crps_test": 0.29750639539234697,
  "picp_train": 0.9583333333333334,
  "picp_test": 0.9622641509433962,
  "mpiw_train": 2.3227327197804004,
  "mpiw_test": 2.3076475160260532
}