{
  "model": "NLM",
  "dataset": "boston",
  "rmse_train": 2.796137993534581,
  "rmse_test": 4.365741209144601,
  "log_score_train": -1.9590246294779394,
  "log_score_test": -3.335165897839023,
  "crps_train": 1.1357915180716873,
  "crps_test": 2.5205958880774393,
  "picp_train": 0.9821958456973294,
  "picp_test": 0.7810650887573964,
  "mpiw_train": 9.282214659720514,
  "mpiw_test": 10.87538250280354
}