{
  "model": "DNNC-R",
  "dataset": "yacht",
  "rmse_train": 5.474002060910712,
  "rmse_test": 7.045624420437232,
  "log_score_train": -1.3284013226223041,
  "log_score_test": -2.4816584397011114,
  "crps_train": 4.693776790179486,
  "crps_test": 5.423619859047638,
  "picp_train": 0.9064748201438849,
  "picp_test": 0.8333333333333334,
  "mpiw_train": 25.193553411060744,
  "mpiw_test": 30.752577282055867
}