{
  "model": "PNN-E",
  "dataset": "boston",
  "rmse_train": 2.6708098001751353,
  "rmse_test": 3.964336893461284,
  "log_score_train": -1.9465938592842742,
  "log_score_test": -2.3459858532349394,
  "crps_train": 1.0570505518929663,
  "crps_test": 1.8158333486839526,
  "picp_train": 0.9824561403508771,
  "picp_test": 0.96,
  "mpiw_train": 9.67095826376583,
  "mpiw_test": 15.159084119021697
}