{
  "model": "PBP",
  "dataset": "boston",
  "rmse_train": 2.2798244654531734,
  "rmse_test": 3.6250354142282597,
  "log_score_train": -2.233857578407394,
  "log_score_test": -2.8977194110403293,
  "crps_train": 1.2268848002384454,
  "crps_test": 1.8373394079279837,
  "picp_train": 0.9539473684210527,
  "picp_test": 0.9,
  "mpiw_train": 9.653611431114397,
  "mpiw_test": 9.616052889357022
}