{
  "model": "PNN-E",
  "dataset": "kin8nm",
  "rmse_train": 0.07363371627282869,
  "rmse_test": 0.08165295963593633,
  "log_score_train": 1.2477089551463003,
  "log_score_test": 1.1942515079527418,
  "crps_train": 0.039584217451354035,
  "crps_test": 0.04307929551571855,
  "picp_train": 0.9902948177989379,
  "picp_test": 0.9703405346027096,
  "mpiw_train": 0.35804806103278575,
  "mpiw_test": 0.34061700806672285
}