{
  "model": "MC dropout",
  "dataset": "energy",
  "rmse_train": 3.4331857405266075,
  "rmse_test": 1.5604284136256221,
  "log_score_train": -1.5034025344221815,
  "log_score_test": -1.6285606360574723,
  "crps_train": 0.9092676132621259,
  "crps_test": 0.7667942831327514,
  "picp_train": 0.990234375,
  "picp_test": 0.96484375,
  "mpiw_train": 7.866412009549901,
  "mpiw_test": 5.958271725570317
}