{
  "model": "NLM-E",
  "dataset": "wine",
  "rmse_train": 0.5076250613208597,
  "rmse_test": 0.8010723433903054,
  "log_score_train": -0.6651667837142177,
  "log_score_test": -1.1544233559865837,
  "crps_train": 0.27638636654992,
  "crps_test": 0.42428494251583504,
  "picp_train": 0.9784037558685446,
  "picp_test": 0.897003745318352,
  "mpiw_train": 2.2206485182881583,
  "mpiw_test": 2.8891466331912428
}