{
  "model": "DNNC-R",
  "dataset": "kin8nm",
  "rmse_train": 0.08911617311052328,
  "rmse_test": 0.09402272584222468,
  "log_score_train": 0.8227953424170518,
  "log_score_test": 0.817256569245236,
  "crps_train": 0.053475021203566495,
  "crps_test": 0.05541199683886235,
  "picp_train": 0.9631086396310864,
  "picp_test": 0.9645909645909646,
  "mpiw_train": 0.46426197702461586,
  "mpiw_test": 0.4629290793552994
}