{
  "model": "PNN-E",
  "dataset": "yacht",
  "rmse_train": 0.7312899739132439,
  "rmse_test": 0.6217697643645366,
  "log_score_train": -1.1366541811879185,
  "log_score_test": -1.1788425981827808,
  "crps_train": 0.40427096399323836,
  "crps_test": 0.4115167755321459,
  "picp_train": 1.0,
  "picp_test": 1.0,
  "mpiw_train": 5.611093333742542,
  "mpiw_test": 5.836648618852965
}