{
  "model": "PNN-E",
  "dataset": "wine",
  "rmse_train": 0.5509172053349338,
  "rmse_test": 0.6331582933958093,
  "log_score_train": -0.7164505508731597,
  "log_score_test": -0.9290018346429332,
  "crps_train": 0.2969219146356931,
  "crps_test": 0.34674551296579625,
  "picp_train": 0.9666666666666667,
  "picp_test": 0.9433962264150944,
  "mpiw_train": 2.269935760934004,
  "mpiw_test": 2.364406064343765
}