{
  "model": "PNN",
  "dataset": "wine",
  "rmse_train": 0.5865644613011951,
  "rmse_test": 0.6041572468699404,
  "log_score_train": -0.7607342865849881,
  "log_score_test": -0.9352999638912556,
  "crps_train": 0.3136050059793919,
  "crps_test": 0.34421938794423923,
  "picp_train": 0.9486111111111111,
  "picp_test": 0.9433962264150944,
  "mpiw_train": 2.1811788621223442,
  "mpiw_test": 2.2247411633574714
}