{
  "model": "NLM",
  "dataset": "wine",
  "rmse_train": 0.5930551045719936,
  "rmse_test": 0.5758260498946268,
  "log_score_train": -0.7469960136483975,
  "log_score_test": -0.8951159023675157,
  "crps_train": 0.3141600578527769,
  "crps_test": 0.3252508885845987,
  "picp_train": 0.9597222222222223,
  "picp_test": 0.9308176100628931,
  "mpiw_train": 2.263773719943761,
  "mpiw_test": 2.2762660058203505
}