{
  "model": "NLM-E",
  "dataset": "wine",
  "rmse_train": 0.5126241539877543,
  "rmse_test": 0.7248225100270695,
  "log_score_train": -0.6204092760772214,
  "log_score_test": -1.1479813084842423,
  "crps_train": 0.2724519379302356,
  "crps_test": 0.3960844002251616,
  "picp_train": 0.9737089201877934,
  "picp_test": 0.898876404494382,
  "mpiw_train": 2.16998881756952,
  "mpiw_test": 2.439565718054743
}