{
  "model": "PNN",
  "dataset": "yacht",
  "rmse_train": 1.4339486003294828,
  "rmse_test": 1.2552871728591082,
  "log_score_train": -1.4892796933221768,
  "log_score_test": -1.3291518456202107,
  "crps_train": 0.6654530824629706,
  "crps_test": 0.6337036702263256,
  "picp_train": 0.8669064748201439,
  "picp_test": 0.9333333333333333,
  "mpiw_train": 4.413354484967545,
  "mpiw_test": 4.708096525880974
}