{
  "model": "NLM-E",
  "dataset": "energy",
  "rmse_train": 2.7272127262905133,
  "rmse_test": 3.688895365183225,
  "log_score_train": -1.3636626365866318,
  "log_score_test": -1.5004542265350602,
  "crps_train": 0.8645957913017486,
  "crps_test": 1.0720592444454435,
  "picp_train": 0.9971098265895953,
  "picp_test": 0.9868421052631579,
  "mpiw_train": 7.800999583421073,
  "mpiw_test": 7.953008334395505
}