{
  "model": "DNNC-R",
  "dataset": "wine",
  "rmse_train": 0.5245990118016883,
  "rmse_test": 0.6556575659193845,
  "log_score_train": -0.07955651610331987,
  "log_score_test": -0.42417202228655526,
  "crps_train": 0.2721427857394908,
  "crps_test": 0.35577589310777974,
  "picp_train": 0.9590277777777778,
  "picp_test": 0.9119496855345912,
  "mpiw_train": 2.316184505551951,
  "mpiw_test": 2.331376015112293
}