{
  "model": "DNNC-R",
  "dataset": "boston",
  "rmse_train": 2.618727737397555,
  "rmse_test": 4.027450657872395,
  "log_score_train": -2.125844869245979,
  "log_score_test": -3.4800219432556054,
  "crps_train": 1.2751421421059534,
  "crps_test": 2.0816033196863066,
  "picp_train": 0.9583333333333334,
  "picp_test": 0.88,
  "mpiw_train": 11.466871044548952,
  "mpiw_test": 10.708695677545402
}