{
  "model": "DNNC-R",
  "dataset": "boston",
  "rmse_train": 2.096535241321682,
  "rmse_test": 6.971854785152838,
  "log_score_train": -2.0340212423295028,
  "log_score_test": -28.06303777666851,
  "crps_train": 1.0474929776465545,
  "crps_test": 3.773294389487518,
  "picp_train": 0.9583333333333334,
  "picp_test": 0.5176470588235295,
  "mpiw_train": 11.461509089271079,
  "mpiw_test": 8.641180076620264
}