{
  "model": "PBP",
  "dataset": "boston",
  "rmse_train": 2.4896213233499553,
  "rmse_test": 3.773129114000078,
  "log_score_train": -2.341081220629455,
  "log_score_test": -2.7772137792154465,
  "crps_train": 1.3463956111902375,
  "crps_test": 2.0156818344255267,
  "picp_train": 0.9673590504451038,
  "picp_test": 0.8875739644970414,
  "mpiw_train": 11.123938512622718,
  "mpiw_test": 11.253188663486414
}