{
  "model": "DNNC-R",
  "dataset": "boston",
  "rmse_train": 2.8975025247860398,
  "rmse_test": 7.037964980465928,
  "log_score_train": -2.1901551915424937,
  "log_score_test": -14.183613411378632,
  "crps_train": 1.355454747641001,
  "crps_test": 4.439461597196809,
  "picp_train": 0.9613095238095238,
  "picp_test": 0.47058823529411764,
  "mpiw_train": 13.607540932619182,
  "mpiw_test": 7.529586855487796
}