{
  "model": "PNN",
  "dataset": "energy",
  "rmse_train": 2.747453582579652,
  "rmse_test": 4.103526258364981,
  "log_score_train": -1.3356358059982416,
  "log_score_test": -1.4217674626405052,
  "crps_train": 0.8785260818816035,
  "crps_test": 1.1358682455255855,
  "picp_train": 0.953757225433526,
  "picp_test": 0.9078947368421053,
  "mpiw_train": 5.416295967012935,
  "mpiw_test": 5.5974592141190955
}