{
  "model": "MC dropout",
  "dataset": "boston",
  "rmse_train": 3.573913488369952,
  "rmse_test": 3.2811089185021713,
  "log_score_train": -2.308405954933632,
  "log_score_test": -2.4139605302358493,
  "crps_train": 1.4604848374614576,
  "crps_test": 1.6360323495354474,
  "picp_train": 0.9940652818991098,
  "picp_test": 0.9585798816568047,
  "mpiw_train": 15.558921825167115,
  "mpiw_test": 12.567211025848746
}