{
  "model": "NLM",
  "dataset": "yacht",
  "rmse_train": 2.1716575666287072,
  "rmse_test": 4.117364197618296,
  "log_score_train": -2.2310739336713175,
  "log_score_test": -2.899291440587363,
  "crps_train": 1.2208210847541914,
  "crps_test": 2.4665593583957084,
  "picp_train": 0.9950980392156863,
  "picp_test": 0.9903846153846154,
  "mpiw_train": 14.933246576219384,
  "mpiw_test": 28.848159996388087
}