{
  "model": "PBP",
  "dataset": "wine",
  "rmse_train": 0.5803645619648179,
  "rmse_test": 0.6757743710148217,
  "log_score_train": -0.873327780277626,
  "log_score_test": -1.0445012781739367,
  "crps_train": 0.3237152886407223,
  "crps_test": 0.37166171609589205,
  "picp_train": 0.9430555555555555,
  "picp_test": 0.9119496855345912,
  "mpiw_train": 2.315269506122422,
  "mpiw_test": 2.3188226381688786
}