{
  "model": "PBP",
  "dataset": "kin8nm",
  "rmse_train": 0.09812887741817004,
  "rmse_test": 0.09548120160752237,
  "log_score_train": 0.8910597881345458,
  "log_score_test": 0.9123858121653985,
  "crps_train": 0.0545846875913226,
  "crps_test": 0.053015624129987844,
  "picp_train": 0.9637429042299945,
  "picp_test": 0.9674112046869279,
  "mpiw_train": 0.4304164517065448,
  "mpiw_test": 0.4303392339731969
}