{
  "model": "NLM",
  "dataset": "wine",
  "rmse_train": 0.5693146058239897,
  "rmse_test": 0.650136844327379,
  "log_score_train": -0.7419054799238413,
  "log_score_test": -1.146722463891195,
  "crps_train": 0.3081568606731039,
  "crps_test": 0.3472843875605017,
  "picp_train": 0.9368055555555556,
  "picp_test": 0.9056603773584906,
  "mpiw_train": 2.140430952936255,
  "mpiw_test": 2.1692387469594387
}