{
  "model": "MC dropout",
  "dataset": "energy",
  "rmse_train": 3.1184473840022737,
  "rmse_test": 8.431336386131001,
  "log_score_train": -1.2750597289556105,
  "log_score_test": -18.374707792963072,
  "crps_train": 0.746296868164432,
  "crps_test": 5.300720879398635,
  "picp_train": 1.0,
  "picp_test": 0.74609375,
  "mpiw_train": 6.435596049294241,
  "mpiw_test": 19.402962567888377
}