{
  "model": "PNN",
  "dataset": "boston",
  "rmse_train": 3.327112957533531,
  "rmse_test": 2.900886470085097,
  "log_score_train": -2.188444276170138,
  "log_score_test": -2.760942789322277,
  "crps_train": 1.4061848016139162,
  "crps_test": 1.610830911804503,
  "picp_train": 0.9584569732937686,
  "picp_test": 0.8224852071005917,
  "mpiw_train": 10.511243601394348,
  "mpiw_test": 8.657254190508255
}