{
  "model": "PNN",
  "dataset": "yacht",
  "rmse_train": 1.652165778274265,
  "rmse_test": 1.993654352620606,
  "log_score_train": -2.648261583744066,
  "log_score_test": -4.254543271691827,
  "crps_train": 0.9025492022562813,
  "crps_test": 1.15970647762562,
  "picp_train": 0.7609756097560976,
  "picp_test": 0.7087378640776699,
  "mpiw_train": 4.965807870780041,
  "mpiw_test": 5.854708065988244
}