{
  "model": "PBP",
  "dataset": "energy",
  "rmse_train": 3.0541561606770493,
  "rmse_test": 2.2251782278336694,
  "log_score_train": -2.3692726496059264,
  "log_score_test": -2.200636281238462,
  "crps_train": 1.3178439682435241,
  "crps_test": 1.155781167466741,
  "picp_train": 0.9508670520231214,
  "picp_test": 0.9736842105263158,
  "mpiw_train": 10.699706341473817,
  "mpiw_test": 10.733877372043928
}