{
  "model": "PNN-E",
  "dataset": "boston",
  "rmse_train": 2.9966900865259363,
  "rmse_test": 2.939828077375426,
  "log_score_train": -2.0742872615387817,
  "log_score_test": -2.3984531322019578,
  "crps_train": 1.224255390680762,
  "crps_test": 1.555577485102757,
  "picp_train": 0.9881305637982196,
  "picp_test": 0.9408284023668639,
  "mpiw_train": 10.906374640215946,
  "mpiw_test": 10.43713891374595
}