{
  "model": "PBP",
  "dataset": "wine",
  "rmse_train": 0.5540558386964989,
  "rmse_test": 0.7352037973976312,
  "log_score_train": -0.8280117527460626,
  "log_score_test": -1.1825195894060856,
  "crps_train": 0.30805606021067006,
  "crps_test": 0.40635184414500203,
  "picp_train": 0.9464788732394366,
  "picp_test": 0.8764044943820225,
  "mpiw_train": 2.2080879228579806,
  "mpiw_test": 2.225620292348235
}