{
  "model": "MC dropout",
  "dataset": "energy",
  "rmse_train": 2.9777505480252175,
  "rmse_test": 2.3392858265989798,
  "log_score_train": -1.7906419466989294,
  "log_score_test": -1.8610351162565877,
  "crps_train": 1.0608622965229773,
  "crps_test": 1.0897276248796046,
  "picp_train": 1.0,
  "picp_test": 1.0,
  "mpiw_train": 9.457693492635718,
  "mpiw_test": 10.060376306283988
}