{
  "model": "DNNC-R",
  "dataset": "yacht",
  "rmse_train": 4.417341678434632,
  "rmse_test": 11.719788050122848,
  "log_score_train": -1.3715640138771965,
  "log_score_test": -10.535746929049179,
  "crps_train": 4.453117208253151,
  "crps_test": 6.952567796716098,
  "picp_train": 0.8921568627450981,
  "picp_test": 0.4230769230769231,
  "mpiw_train": 25.448626380898144,
  "mpiw_test": 18.066136571229517
}