{
  "model": "NLM-E",
  "dataset": "wine",
  "rmse_train": 0.5371436509310751,
  "rmse_test": 0.7176374195890859,
  "log_score_train": -0.6366795585427515,
  "log_score_test": -1.2636878900684303,
  "crps_train": 0.2820894093152842,
  "crps_test": 0.4184057706279295,
  "picp_train": 0.9690140845070423,
  "picp_test": 0.9063670411985019,
  "mpiw_train": 2.165088556163059,
  "mpiw_test": 3.123235320547132
}