{
  "model": "DNNC-R",
  "dataset": "yacht",
  "rmse_train": 4.6619212862466,
  "rmse_test": 10.519978703489302,
  "log_score_train": -1.3512694146633544,
  "log_score_test": -37.306801056406734,
  "crps_train": 4.168514634059225,
  "crps_test": 6.956683669851371,
  "picp_train": 0.9068627450980392,
  "picp_test": 0.36538461538461536,
  "mpiw_train": 26.33605033153638,
  "mpiw_test": 16.714938082996447
}