{
  "model": "PBP",
  "dataset": "kin8nm",
  "rmse_train": 0.09391113124724197,
  "rmse_test": 0.09655428155528235,
  "log_score_train": 0.9382326333276565,
  "log_score_test": 0.9145959083098965,
  "crps_train": 0.052033589221441356,
  "crps_test": 0.053649646409101096,
  "picp_train": 0.9610741896107419,
  "picp_test": 0.9487179487179487,
  "mpiw_train": 0.4046695757196197,
  "mpiw_test": 0.40467519400917723
}