{
  "model": "MC dropout",
  "dataset": "energy",
  "rmse_train": 2.9284204015130646,
  "rmse_test": 2.2728961628809956,
  "log_score_train": -1.623087224985374,
  "log_score_test": -1.6384954059651262,
  "crps_train": 0.9865379204952469,
  "crps_test": 0.9642938371901367,
  "picp_train": 0.9985549132947977,
  "picp_test": 1.0,
  "mpiw_train": 8.134975705212764,
  "mpiw_test": 7.740235822489856
}