{
  "model": "NLM-E",
  "dataset": "kin8nm",
  "rmse_train": 0.07229933114616975,
  "rmse_test": 0.0794472230852844,
  "log_score_train": 1.3084342290351592,
  "log_score_test": 1.2251451882576045,
  "crps_train": 0.037917274041803464,
  "crps_test": 0.04163239492657232,
  "picp_train": 0.9883358198833582,
  "picp_test": 0.9755799755799756,
  "mpiw_train": 0.32765486231979146,
  "mpiw_test": 0.33778312757045037
}