{
  "model": "MC dropout",
  "dataset": "concrete",
  "rmse_train": 6.5334065159030175,
  "rmse_test": 7.206172323271741,
  "log_score_train": -3.3354375639630494,
  "log_score_test": -3.3776904855998198,
  "crps_train": 3.6825260136819877,
  "crps_test": 3.9479296033861035,
  "picp_train": 0.9985443959243085,
  "picp_test": 0.9825072886297376,
  "mpiw_train": 36.55171327275535,
  "mpiw_test": 35.07851264208625
}