{
  "model": "NLM",
  "dataset": "kin8nm",
  "rmse_train": 0.07354179775590171,
  "rmse_test": 0.0857534967580145,
  "log_score_train": 1.2746719580264634,
  "log_score_test": 1.2057033034373985,
  "crps_train": 0.0394619625992799,
  "crps_test": 0.043691376908108356,
  "picp_train": 0.9808761698087617,
  "picp_test": 0.9621489621489622,
  "mpiw_train": 0.3317476415545902,
  "mpiw_test": 0.33955601753218473
}