{
  "model": "PBP",
  "dataset": "boston",
  "rmse_train": 1.6971176410568152,
  "rmse_test": 6.900885295733346,
  "log_score_train": -1.956503953730929,
  "log_score_test": -7.636416867830715,
  "crps_train": 0.9435197001064444,
  "crps_test": 3.399028566364349,
  "picp_train": 0.9672619047619048,
  "picp_test": 0.6823529411764706,
  "mpiw_train": 7.479998060336998,
  "mpiw_test": 7.932565360356617
}