{
  "model": "PNN",
  "dataset": "wine",
  "rmse_train": 0.5718474724381699,
  "rmse_test": 0.7145587882658392,
  "log_score_train": -0.7139949042385941,
  "log_score_test": -1.6194027411864929,
  "crps_train": 0.30209087522202316,
  "crps_test": 0.4114022125551711,
  "picp_train": 0.949343339587242,
  "picp_test": 0.8367729831144465,
  "mpiw_train": 2.08367626759238,
  "mpiw_test": 1.9445472402099464
}