{
  "model": "MC dropout",
  "dataset": "boston",
  "rmse_train": 3.9445255357842344,
  "rmse_test": 3.248420601051615,
  "log_score_train": -2.5961672647064176,
  "log_score_test": -2.748146254738743,
  "crps_train": 1.8773901529433565,
  "crps_test": 2.0328350616512947,
  "picp_train": 0.9940652818991098,
  "picp_test": 0.9940828402366864,
  "mpiw_train": 19.52894839797641,
  "mpiw_test": 24.090559192720704
}