{
  "model": "PNN-E",
  "dataset": "kin8nm",
  "rmse_train": 0.07227845542242252,
  "rmse_test": 0.077846203961144,
  "log_score_train": 1.27768761254995,
  "log_score_test": 1.2354679499406924,
  "crps_train": 0.038868637409041985,
  "crps_test": 0.040879521437163495,
  "picp_train": 0.9853519598535196,
  "picp_test": 0.9768009768009768,
  "mpiw_train": 0.3355308684361105,
  "mpiw_test": 0.338399201059056
}