{
  "model": "NLM-E",
  "dataset": "concrete",
  "rmse_train": 4.236294595972598,
  "rmse_test": 6.003140024231495,
  "log_score_train": -2.707636597124088,
  "log_score_test": -3.0203006631342433,
  "crps_train": 2.1868256870221665,
  "crps_test": 2.9845746613269264,
  "picp_train": 0.9881337648327939,
  "picp_test": 0.9514563106796117,
  "mpiw_train": 19.780373414435342,
  "mpiw_test": 20.718414231495633
}