{
  "model": "MC dropout",
  "dataset": "kin8nm",
  "rmse_train": 0.07933777188783223,
  "rmse_test": 0.08539152624754999,
  "log_score_train": 1.1774130165177181,
  "log_score_test": 1.1362990304266167,
  "crps_train": 0.04225649156624952,
  "crps_test": 0.0451000269168274,
  "picp_train": 0.9883358198833582,
  "picp_test": 0.9829059829059829,
  "mpiw_train": 0.3771029915714856,
  "mpiw_test": 0.38200589327062845
}