{
  "model": "NLM",
  "dataset": "boston",
  "rmse_train": 2.8494405432371015,
  "rmse_test": 5.637532275513709,
  "log_score_train": -1.704637406623331,
  "log_score_test": -5.870792511533584,
  "crps_train": 0.9895046707022717,
  "crps_test": 3.2053233252289375,
  "picp_train": 0.9910714285714286,
  "picp_test": 0.6352941176470588,
  "mpiw_train": 7.7400710327538675,
  "mpiw_test": 9.672995247188146
}