{
  "model": "MC dropout",
  "dataset": "yacht",
  "rmse_train": 1.1173974980916044,
  "rmse_test": 1.116931428517427,
  "log_score_train": -1.5370127652546264,
  "log_score_test": -1.6760474881033078,
  "crps_train": 0.6213836904241017,
  "crps_test": 0.7027964021494975,
  "picp_train": 0.9748201438848921,
  "picp_test": 1.0,
  "mpiw_train": 7.150739045148901,
  "mpiw_test": 9.102692368806926
}