{
  "model": "PBP",
  "dataset": "boston",
  "rmse_train": 2.51469498355045,
  "rmse_test": 3.0599888995238183,
  "log_score_train": -2.3476023249651643,
  "log_score_test": -2.5293190966438734,
  "crps_train": 1.3681782302668548,
  "crps_test": 1.6560282243034596,
  "picp_train": 0.9525222551928784,
  "picp_test": 0.9289940828402367,
  "mpiw_train": 11.12092585350359,
  "mpiw_test": 11.085975255041317
}