{
  "model": "PNN-E",
  "dataset": "boston",
  "rmse_train": 2.2664031090745724,
  "rmse_test": 3.722623329269067,
  "log_score_train": -1.9801544450782123,
  "log_score_test": -2.5561720424720273,
  "crps_train": 1.0529026760978897,
  "crps_test": 1.8625238668297557,
  "picp_train": 0.9881305637982196,
  "picp_test": 0.9230769230769231,
  "mpiw_train": 9.642551922883401,
  "mpiw_test": 12.203782502206435
}