{
  "model": "PNN-E",
  "dataset": "concrete",
  "rmse_train": 4.119544228414569,
  "rmse_test": 6.572017613141865,
  "log_score_train": -2.775685335014036,
  "log_score_test": -3.1206751300794924,
  "crps_train": 2.2664834298477734,
  "crps_test": 3.3115876575858163,
  "picp_train": 0.9848975188781014,
  "picp_test": 0.9514563106796117,
  "mpiw_train": 21.72561143456273,
  "mpiw_test": 22.4049698653459
}