{
  "model": "NLM",
  "dataset": "boston",
  "rmse_train": 2.24246756189391,
  "rmse_test": 4.3386561527636704,
  "log_score_train": -1.9642929884593425,
  "log_score_test": -2.745540235499103,
  "crps_train": 1.0040125999262262,
  "crps_test": 1.986372858944074,
  "picp_train": 0.9970238095238095,
  "picp_test": 0.8588235294117647,
  "mpiw_train": 9.959134610339087,
  "mpiw_test": 9.817447019242366
}