{
  "model": "PNN",
  "dataset": "powerplant",
  "rmse_train": 4.150916904523611,
  "rmse_test": 4.492846270517666,
  "log_score_train": -2.818345636298932,
  "log_score_test": -2.922376825512857,
  "crps_train": 2.2400939201146195,
  "crps_test": 2.509117668812959,
  "picp_train": 0.9606521398338298,
  "picp_test": 0.9570398243963625,
  "mpiw_train": 16.69495720483656,
  "mpiw_test": 17.49820435037162
}