{
  "model": "NLM",
  "dataset": "concrete",
  "rmse_train": 4.0251432486257945,
  "rmse_test": 6.796082081872669,
  "log_score_train": -2.841250966522178,
  "log_score_test": -3.2586364115193516,
  "crps_train": 2.2432881646824407,
  "crps_test": 3.637938148931919,
  "picp_train": 0.9970887918486172,
  "picp_test": 0.9212827988338192,
  "mpiw_train": 23.02038327027079,
  "mpiw_test": 23.690433309330885
}