{
  "model": "DNNC-R",
  "dataset": "energy",
  "rmse_train": 2.1370030554065647,
  "rmse_test": 2.8481266773102125,
  "log_score_train": -1.9005881290210342,
  "log_score_test": -2.194593685613752,
  "crps_train": 0.9076836715333106,
  "crps_test": 1.011234821449401,
  "picp_train": 0.9884393063583815,
  "picp_test": 0.9736842105263158,
  "mpiw_train": 9.630749792801026,
  "mpiw_test": 8.417392940157605
}