{
  "model": "PNN-E",
  "dataset": "wine",
  "rmse_train": 0.49512869860071707,
  "rmse_test": 1.0200596958542627,
  "log_score_train": -0.6570654585881017,
  "log_score_test": -1.3599690133155382,
  "crps_train": 0.29150914878487544,
  "crps_test": 0.5297103970233695,
  "picp_train": 0.9765258215962441,
  "picp_test": 0.8707865168539326,
  "mpiw_train": 2.5692805627041433,
  "mpiw_test": 3.8764845132542733
}