{
  "model": "MC dropout",
  "dataset": "yacht",
  "rmse_train": 1.6977747962398466,
  "rmse_test": 1.508222258827117,
  "log_score_train": -2.205687332896076,
  "log_score_test": -2.211188958570036,
  "crps_train": 1.1144566532405773,
  "crps_test": 1.154209981665361,
  "picp_train": 1.0,
  "picp_test": 1.0,
  "mpiw_train": 14.320115248290415,
  "mpiw_test": 16.073682898666103
}