{
  "model": "PNN",
  "dataset": "wine",
  "rmse_train": 0.660237873040455,
  "rmse_test": 0.6342454448560666,
  "log_score_train": -0.8178473770731807,
  "log_score_test": -1.0744661131754523,
  "crps_train": 0.3523092856850315,
  "crps_test": 0.35360379919563195,
  "picp_train": 0.9577861163227017,
  "picp_test": 0.9080675422138836,
  "mpiw_train": 2.78025700242599,
  "mpiw_test": 2.1960486028212225
}