{
  "model": "PBP",
  "dataset": "wine",
  "rmse_train": 0.5655789682150255,
  "rmse_test": 0.8114420774675437,
  "log_score_train": -0.8483371918026584,
  "log_score_test": -1.2455717373570148,
  "crps_train": 0.3165115193635906,
  "crps_test": 0.4433891820910282,
  "picp_train": 0.9492957746478873,
  "picp_test": 0.8764044943820225,
  "mpiw_train": 2.2532067568259824,
  "mpiw_test": 2.376058374936709
}