{
  "model": "DNNC-R",
  "dataset": "concrete",
  "rmse_train": 4.583169488757866,
  "rmse_test": 5.987072710012421,
  "log_score_train": -3.00019377315806,
  "log_score_test": -3.0903014657243695,
  "crps_train": 2.6150156925089054,
  "crps_test": 3.20480424129996,
  "picp_train": 0.9546925566343042,
  "picp_test": 0.8932038834951457,
  "mpiw_train": 21.708119977048433,
  "mpiw_test": 20.564801628106398
}