{
  "model": "MC dropout",
  "dataset": "kin8nm",
  "rmse_train": 0.08105807402170678,
  "rmse_test": 0.08766908877585378,
  "log_score_train": 1.1675348042015192,
  "log_score_test": 1.1127379544430878,
  "crps_train": 0.043570368437640054,
  "crps_test": 0.04648401391658307,
  "picp_train": 0.9834531398345314,
  "picp_test": 0.9719169719169719,
  "mpiw_train": 0.36354137103635975,
  "mpiw_test": 0.3629971896285706
}