{
  "model": "DNNC-R",
  "dataset": "wine",
  "rmse_train": 0.5033041553619623,
  "rmse_test": 0.6754801459074842,
  "log_score_train": -0.12402730371168864,
  "log_score_test": -0.4844124518972227,
  "crps_train": 0.2606210538477138,
  "crps_test": 0.369985473709203,
  "picp_train": 0.950281425891182,
  "picp_test": 0.926829268292683,
  "mpiw_train": 2.1080239857495076,
  "mpiw_test": 2.277819955337419
}