{
  "model": "MC dropout",
  "dataset": "wine",
  "rmse_train": 0.5486609465545134,
  "rmse_test": 0.7127033936730891,
  "log_score_train": -0.6331835102117063,
  "log_score_test": -1.5285987724963703,
  "crps_train": 0.3034207049683576,
  "crps_test": 0.3774166301422893,
  "picp_train": 0.9729166666666667,
  "picp_test": 0.8930817610062893,
  "mpiw_train": 2.574230180514986,
  "mpiw_test": 2.231572206478622
}