{
  "model": "NLM",
  "dataset": "kin8nm",
  "rmse_train": 0.07835902385014207,
  "rmse_test": 0.08420482590412767,
  "log_score_train": 1.2597147506066582,
  "log_score_test": 1.1717115041079627,
  "crps_train": 0.04065625874223917,
  "crps_test": 0.04447795859007766,
  "picp_train": 0.9825037298250373,
  "picp_test": 0.9719169719169719,
  "mpiw_train": 0.3340644802922335,
  "mpiw_test": 0.343833776607704
}