{
  "model": "PNN",
  "dataset": "powerplant",
  "rmse_train": 4.0907972188546875,
  "rmse_test": 4.240391046493646,
  "log_score_train": -2.821745716776105,
  "log_score_test": -2.8625480347921677,
  "crps_train": 2.2518681766759916,
  "crps_test": 2.290230569273489,
  "picp_train": 0.9732930794240594,
  "picp_test": 0.9686192468619247,
  "mpiw_train": 17.76576586575045,
  "mpiw_test": 17.77094349695783
}