{
  "model": "PNN-E",
  "dataset": "energy",
  "rmse_train": 2.9625687548080153,
  "rmse_test": 2.181899733270606,
  "log_score_train": -1.4473913500669429,
  "log_score_test": -1.6075075721095575,
  "crps_train": 0.9358706719594907,
  "crps_test": 0.9697516605732818,
  "picp_train": 0.9971098265895953,
  "picp_test": 0.9868421052631579,
  "mpiw_train": 7.951466225079307,
  "mpiw_test": 8.354777046068008
}