{
  "model": "NLM-E",
  "dataset": "wine",
  "rmse_train": 0.5715042063627094,
  "rmse_test": 0.5715719500564588,
  "log_score_train": -0.7398483773286507,
  "log_score_test": -0.84765497431826,
  "crps_train": 0.3147649695674863,
  "crps_test": 0.31761473494679265,
  "picp_train": 0.9784240150093808,
  "picp_test": 0.9230769230769231,
  "mpiw_train": 2.6722530342666437,
  "mpiw_test": 2.364910625306428
}