{
  "model": "PNN-E",
  "dataset": "boston",
  "rmse_train": 1.375726103579689,
  "rmse_test": 7.307972237849025,
  "log_score_train": -1.6309158357248397,
  "log_score_test": -8.197665731252878,
  "crps_train": 0.7189519573719875,
  "crps_test": 3.6927479978214666,
  "picp_train": 0.9791666666666666,
  "picp_test": 0.6941176470588235,
  "mpiw_train": 6.450956152764677,
  "mpiw_test": 9.193058849140083
}