{
  "model": "PBP",
  "dataset": "wine",
  "rmse_train": 0.5423290481425467,
  "rmse_test": 1.1033607797493281,
  "log_score_train": -0.8056096611685573,
  "log_score_test": -1.586596305894577,
  "crps_train": 0.3032756020539467,
  "crps_test": 0.5679240349488525,
  "picp_train": 0.9615023474178404,
  "picp_test": 0.7902621722846442,
  "mpiw_train": 2.168592555371229,
  "mpiw_test": 2.3358094935670146
}