{
  "model": "PNN-E",
  "dataset": "wine",
  "rmse_train": 0.5323009343341096,
  "rmse_test": 0.6356527290611504,
  "log_score_train": -0.6497513835530054,
  "log_score_test": -1.220627182969824,
  "crps_train": 0.28348904848622236,
  "crps_test": 0.36192930378741156,
  "picp_train": 0.9681050656660413,
  "picp_test": 0.8780487804878049,
  "mpiw_train": 2.246168602606966,
  "mpiw_test": 2.4078699828978207
}