{
  "model": "PBP",
  "dataset": "yacht",
  "rmse_train": 0.9492750549289828,
  "rmse_test": 1.4341153236824844,
  "log_score_train": -1.6922137483882504,
  "log_score_test": -1.8269933189660341,
  "crps_train": 0.6069382309141492,
  "crps_test": 0.7673825072425604,
  "picp_train": 0.9902439024390244,
  "picp_test": 0.9611650485436893,
  "mpiw_train": 7.654193933365624,
  "mpiw_test": 7.66729924794944
}