{
  "model": "PNN-E",
  "dataset": "kin8nm",
  "rmse_train": 0.076956985241459,
  "rmse_test": 0.07121222875191363,
  "log_score_train": 1.2345216995438348,
  "log_score_test": 1.2521494989296718,
  "crps_train": 0.04077228462974386,
  "crps_test": 0.039480059797750364,
  "picp_train": 0.987548068119392,
  "picp_test": 0.9758330281948004,
  "mpiw_train": 0.3555553536830241,
  "mpiw_test": 0.3184944483846628
}