{
  "model": "DNNC-R",
  "dataset": "kin8nm",
  "rmse_train": 0.0868609327033996,
  "rmse_test": 0.09137195503503825,
  "log_score_train": 0.8319679159109902,
  "log_score_test": 0.7797254616986189,
  "crps_train": 0.05254516234852219,
  "crps_test": 0.05405997589871745,
  "picp_train": 0.9654143496541435,
  "picp_test": 0.9487179487179487,
  "mpiw_train": 0.4655590386215807,
  "mpiw_test": 0.4540537285967758
}