{
  "model": "NLM",
  "dataset": "wine",
  "rmse_train": 0.5798235569308511,
  "rmse_test": 0.6473087261391945,
  "log_score_train": -0.7569599899256444,
  "log_score_test": -0.9868871958698839,
  "crps_train": 0.31079241678342984,
  "crps_test": 0.34434660995811156,
  "picp_train": 0.9263888888888889,
  "picp_test": 0.8867924528301887,
  "mpiw_train": 1.9710026269543977,
  "mpiw_test": 1.8940494598223696
}