{
  "model": "NLM",
  "dataset": "boston",
  "rmse_train": 2.6791589219313137,
  "rmse_test": 3.9266101190460447,
  "log_score_train": -1.9890800052016668,
  "log_score_test": -2.6704314017964164,
  "crps_train": 1.1350978699483818,
  "crps_test": 1.6409100539700041,
  "picp_train": 0.9802631578947368,
  "picp_test": 0.88,
  "mpiw_train": 9.256296666036357,
  "mpiw_test": 9.037124749419371
}