{
  "model": "PBP",
  "dataset": "wine",
  "rmse_train": 0.5861025523062336,
  "rmse_test": 0.645506441083179,
  "log_score_train": -0.8832178905759083,
  "log_score_test": -0.9863219419241327,
  "crps_train": 0.3263635660619107,
  "crps_test": 0.3613868232019056,
  "picp_train": 0.94375,
  "picp_test": 0.9245283018867925,
  "mpiw_train": 2.3343395494814345,
  "mpiw_test": 2.3356816010852666
}