{
  "model": "NLM",
  "dataset": "energy",
  "rmse_train": 3.2062874709358833,
  "rmse_test": 2.3421261559604054,
  "log_score_train": -1.4427739998903897,
  "log_score_test": -1.4479561720859688,
  "crps_train": 1.0269298678045349,
  "crps_test": 0.9041211105341143,
  "picp_train": 0.9855491329479769,
  "picp_test": 0.9868421052631579,
  "mpiw_train": 6.8576962099544,
  "mpiw_test": 6.120304827140226
}