{
  "model": "NLM",
  "dataset": "powerplant",
  "rmse_train": 4.011540301752057,
  "rmse_test": 3.966636285121674,
  "log_score_train": -2.781814301115119,
  "log_score_test": -2.7783186146552,
  "crps_train": 2.167802292662098,
  "crps_test": 2.17555557587724,
  "picp_train": 0.9614491407338597,
  "picp_test": 0.9592050209205021,
  "mpiw_train": 15.673380527126787,
  "mpiw_test": 15.648207608225459
}