{
  "model": "MC dropout",
  "dataset": "boston",
  "rmse_train": 2.731673273207001,
  "rmse_test": 6.248853936418322,
  "log_score_train": -1.6444717620533016,
  "log_score_test": -3.1646065156523013,
  "crps_train": 0.8621049753995569,
  "crps_test": 2.344098363589355,
  "picp_train": 0.9583333333333334,
  "picp_test": 0.74,
  "mpiw_train": 6.476897837173746,
  "mpiw_test": 12.785130800481513
}