{
  "model": "MC dropout",
  "dataset": "wine",
  "rmse_train": 0.5272177747672117,
  "rmse_test": 0.656004496099676,
  "log_score_train": -0.5913270653725097,
  "log_score_test": -1.2073237968580253,
  "crps_train": 0.2757667812996155,
  "crps_test": 0.3672411543737234,
  "picp_train": 0.96875,
  "picp_test": 0.8364779874213837,
  "mpiw_train": 2.0591834251010295,
  "mpiw_test": 2.1039760250416606
}