{
  "model": "PNN",
  "dataset": "concrete",
  "rmse_train": 5.135025470805993,
  "rmse_test": 6.813394757386592,
  "log_score_train": -2.8819468782968287,
  "log_score_test": -3.274363827857005,
  "crps_train": 2.664191153353826,
  "crps_test": 3.3376356069865536,
  "picp_train": 0.9784250269687162,
  "picp_test": 0.9320388349514563,
  "mpiw_train": 21.98633157876221,
  "mpiw_test": 20.964801378826124
}