{
  "model": "MC dropout",
  "dataset": "wine",
  "rmse_train": 0.5773514194257279,
  "rmse_test": 0.6236011866348583,
  "log_score_train": -0.7725043401177231,
  "log_score_test": -0.9659962587979329,
  "crps_train": 0.31157862362815997,
  "crps_test": 0.3494432918954535,
  "picp_train": 0.975609756097561,
  "picp_test": 0.9455909943714822,
  "mpiw_train": 2.4871747004410842,
  "mpiw_test": 2.472767626138047
}