{
  "model": "DNNC-R",
  "dataset": "energy",
  "rmse_train": 2.327791323041048,
  "rmse_test": 1.5310286158919668,
  "log_score_train": -1.666250127416156,
  "log_score_test": -1.6258533146850025,
  "crps_train": 0.8840802539341531,
  "crps_test": 0.8006690536983538,
  "picp_train": 0.9754335260115607,
  "picp_test": 0.9736842105263158,
  "mpiw_train": 8.613692802724229,
  "mpiw_test": 8.064964470194655
}