{
  "model": "PNN",
  "dataset": "kin8nm",
  "rmse_train": 0.0798356002499792,
  "rmse_test": 0.0839304741271612,
  "log_score_train": 1.1935270690151911,
  "log_score_test": 1.104082847000058,
  "crps_train": 0.04278085381707921,
  "crps_test": 0.0458200886305912,
  "picp_train": 0.9286586192865862,
  "picp_test": 0.9096459096459096,
  "mpiw_train": 0.2694981792569882,
  "mpiw_test": 0.27279413452321116
}