{
  "model": "NLM-E",
  "dataset": "kin8nm",
  "rmse_train": 0.06898228621859712,
  "rmse_test": 0.08784695390387856,
  "log_score_train": 1.3556484908851887,
  "log_score_test": 1.1127334862215528,
  "crps_train": 0.036328114824883524,
  "crps_test": 0.04690220777449958,
  "picp_train": 0.9868131868131869,
  "picp_test": 0.9685212298682284,
  "mpiw_train": 0.3122542759834919,
  "mpiw_test": 0.3565988157074271
}