{
  "model": "PNN-E",
  "dataset": "kin8nm",
  "rmse_train": 0.0678268557908101,
  "rmse_test": 0.09491642691078642,
  "log_score_train": 1.3113258026973482,
  "log_score_test": 1.0982428479459327,
  "crps_train": 0.037150640714282944,
  "crps_test": 0.04854415643479254,
  "picp_train": 0.9888278388278389,
  "picp_test": 0.972181551976574,
  "mpiw_train": 0.32342376440066123,
  "mpiw_test": 0.38086876390314245
}