{
  "model": "PBP",
  "dataset": "concrete",
  "rmse_train": 5.008087433639302,
  "rmse_test": 5.0490081168476655,
  "log_score_train": -3.032180651624305,
  "log_score_test": -3.0406428449327194,
  "crps_train": 2.7688330517273685,
  "crps_test": 2.7771646091570625,
  "picp_train": 0.9568500539374326,
  "picp_test": 0.970873786407767,
  "mpiw_train": 20.92947057412702,
  "mpiw_test": 20.920317292314834
}