{
  "model": "DNNC-R",
  "dataset": "boston",
  "rmse_train": 2.4201524218788153,
  "rmse_test": 3.7395909159603278,
  "log_score_train": -2.0910322432875397,
  "log_score_test": -3.5122234751594648,
  "crps_train": 1.2295628202325048,
  "crps_test": 2.0163138434200953,
  "picp_train": 0.9495548961424333,
  "picp_test": 0.863905325443787,
  "mpiw_train": 11.695747149140704,
  "mpiw_test": 11.690273370656366
}