{
  "model": "PNN-E",
  "dataset": "concrete",
  "rmse_train": 4.306842798520996,
  "rmse_test": 6.188176349624577,
  "log_score_train": -2.7624102572365743,
  "log_score_test": -3.1410197972200082,
  "crps_train": 2.2757171711962156,
  "crps_test": 3.0178022933062087,
  "picp_train": 0.9892125134843581,
  "picp_test": 0.9320388349514563,
  "mpiw_train": 20.216784619767086,
  "mpiw_test": 19.251791008641497
}