{
  "model": "PNN",
  "dataset": "concrete",
  "rmse_train": 4.899807378702479,
  "rmse_test": 6.045519602143941,
  "log_score_train": -2.829587367466713,
  "log_score_test": -3.0192406626059674,
  "crps_train": 2.5258644041468523,
  "crps_test": 3.1177632473431625,
  "picp_train": 0.9525350593311759,
  "picp_test": 0.9029126213592233,
  "mpiw_train": 18.131155427962238,
  "mpiw_test": 17.450194711882148
}