{
  "model": "DNNC-R",
  "dataset": "kin8nm",
  "rmse_train": 0.09017795811116756,
  "rmse_test": 0.09608483516331247,
  "log_score_train": 0.7998128994487673,
  "log_score_test": 0.7534562941211438,
  "crps_train": 0.05442071794891451,
  "crps_test": 0.05714392087937449,
  "picp_train": 0.963379899633799,
  "picp_test": 0.9658119658119658,
  "mpiw_train": 0.47711373221145736,
  "mpiw_test": 0.47413677499912227
}