{
  "model": "DNNC-R",
  "dataset": "energy",
  "rmse_train": 2.0768798611423342,
  "rmse_test": 6.019110700141457,
  "log_score_train": -1.7641665163790599,
  "log_score_test": -4.790352428795635,
  "crps_train": 0.9071849435398384,
  "crps_test": 1.9304477097187285,
  "picp_train": 0.9812138728323699,
  "picp_test": 0.9473684210526315,
  "mpiw_train": 8.697425048787556,
  "mpiw_test": 8.400416721263273
}