{
  "model": "PNN",
  "dataset": "yacht",
  "rmse_train": 0.9959583828107248,
  "rmse_test": 1.891639847301267,
  "log_score_train": -1.1452947591842526,
  "log_score_test": -1.3670274986324114,
  "crps_train": 0.47251193632258787,
  "crps_test": 0.7299849141771849,
  "picp_train": 0.9964028776978417,
  "picp_test": 0.9666666666666667,
  "mpiw_train": 5.193527226236884,
  "mpiw_test": 5.625794554053956
}