{
  "model": "PNN-E",
  "dataset": "energy",
  "rmse_train": 2.9381608159968167,
  "rmse_test": 1.9481174952682592,
  "log_score_train": -1.3341140690678053,
  "log_score_test": -1.5851175153818777,
  "crps_train": 0.8665335792945797,
  "crps_test": 0.7913067591577831,
  "picp_train": 0.9956647398843931,
  "picp_test": 0.9605263157894737,
  "mpiw_train": 7.170957061970207,
  "mpiw_test": 5.884458227188935
}