{
  "model": "PBP",
  "dataset": "energy",
  "rmse_train": 2.8383700615758687,
  "rmse_test": 3.5737331788867532,
  "log_score_train": -2.307192435667799,
  "log_score_test": -2.3692882447740655,
  "crps_train": 1.316851761823765,
  "crps_test": 1.4765945369663982,
  "picp_train": 0.9407514450867052,
  "picp_test": 0.9473684210526315,
  "mpiw_train": 10.49339816036713,
  "mpiw_test": 10.565184595144187
}