{
  "model": "PBP",
  "dataset": "wine",
  "rmse_train": 0.5868183839649663,
  "rmse_test": 0.6355458587079305,
  "log_score_train": -0.8845931274470614,
  "log_score_test": -0.9685793730367982,
  "crps_train": 0.3273474276173389,
  "crps_test": 0.3497925895487783,
  "picp_train": 0.94375,
  "picp_test": 0.9245283018867925,
  "mpiw_train": 2.33633564812994,
  "mpiw_test": 2.3364839019492796
}