{
  "model": "DNNC-R",
  "dataset": "wine",
  "rmse_train": 0.5267974219312107,
  "rmse_test": 0.6225633462729291,
  "log_score_train": -0.08071320283616142,
  "log_score_test": -0.4558993153175851,
  "crps_train": 0.2755796064788972,
  "crps_test": 0.3233753537912448,
  "picp_train": 0.9673611111111111,
  "picp_test": 0.9119496855345912,
  "mpiw_train": 2.3468751458994936,
  "mpiw_test": 2.327001652109376
}