{
  "model": "NLM",
  "dataset": "concrete",
  "rmse_train": 4.4226929176263505,
  "rmse_test": 7.933726746745648,
  "log_score_train": -2.7327502385392504,
  "log_score_test": -3.5814847455976473,
  "crps_train": 2.2518699862511236,
  "crps_test": 4.222882765176612,
  "picp_train": 0.9898107714701602,
  "picp_test": 0.8250728862973761,
  "mpiw_train": 20.800220613880768,
  "mpiw_test": 20.214669716727606
}