{
  "model": "NLM",
  "dataset": "concrete",
  "rmse_train": 3.9982961518566262,
  "rmse_test": 9.480663537479623,
  "log_score_train": -2.5687465448939277,
  "log_score_test": -3.9545993466980667,
  "crps_train": 1.959272246225919,
  "crps_test": 5.319131624880115,
  "picp_train": 0.9868804664723032,
  "picp_test": 0.7819767441860465,
  "mpiw_train": 17.11214882816632,
  "mpiw_test": 26.076717820321058
}