{
  "model": "MC dropout",
  "dataset": "yacht",
  "rmse_train": 3.677742117027417,
  "rmse_test": 4.394751611012567,
  "log_score_train": -2.9336476633683692,
  "log_score_test": -2.938108521620042,
  "crps_train": 2.2481886730592713,
  "crps_test": 2.4157685389123307,
  "picp_train": 1.0,
  "picp_test": 1.0,
  "mpiw_train": 30.47470731904704,
  "mpiw_test": 29.641243074919817
}