{
  "model": "DNNC-R",
  "dataset": "energy",
  "rmse_train": 2.5982316556717304,
  "rmse_test": 3.3884139513903477,
  "log_score_train": -1.9012721722745793,
  "log_score_test": -2.430236387387021,
  "crps_train": 1.1585065610338072,
  "crps_test": 1.7235644800005885,
  "picp_train": 0.9696531791907514,
  "picp_test": 0.9736842105263158,
  "mpiw_train": 11.073189850560436,
  "mpiw_test": 12.824954496260233
}