{
  "model": "MC dropout",
  "dataset": "concrete",
  "rmse_train": 3.859577305138406,
  "rmse_test": 6.770195549140693,
  "log_score_train": -2.6613421832416626,
  "log_score_test": -3.5545145856800264,
  "crps_train": 2.053456535049483,
  "crps_test": 3.3127534237456957,
  "picp_train": 0.9859762675296656,
  "picp_test": 0.912621359223301,
  "mpiw_train": 17.505870010006912,
  "mpiw_test": 17.163611073107933
}