{
  "model": "DNNC-R",
  "dataset": "concrete",
  "rmse_train": 4.554654973033453,
  "rmse_test": 8.414413594029725,
  "log_score_train": -2.949693481517477,
  "log_score_test": -4.213235503697115,
  "crps_train": 2.5597857019927748,
  "crps_test": 4.921331189284493,
  "picp_train": 0.9534206695778749,
  "picp_test": 0.8046647230320699,
  "mpiw_train": 20.75853462738297,
  "mpiw_test": 23.57090922526471
}