{
  "model": "MC dropout",
  "dataset": "wine",
  "rmse_train": 0.533327970489801,
  "rmse_test": 0.6437567893492631,
  "log_score_train": -0.6275670879369319,
  "log_score_test": -1.1441710897779613,
  "crps_train": 0.2795183060275408,
  "crps_test": 0.35590522718026213,
  "picp_train": 0.9659722222222222,
  "picp_test": 0.9056603773584906,
  "mpiw_train": 2.1140218341276427,
  "mpiw_test": 2.096391206110027
}