{
  "model": "DNNC-R",
  "dataset": "kin8nm",
  "rmse_train": 0.08627904407042207,
  "rmse_test": 0.10292223054620005,
  "log_score_train": 0.8765962631055163,
  "log_score_test": 0.6916952987352504,
  "crps_train": 0.05109227302405988,
  "crps_test": 0.059582509092749786,
  "picp_train": 0.9644688644688645,
  "picp_test": 0.9271595900439239,
  "mpiw_train": 0.4350604826214297,
  "mpiw_test": 0.420071470704841
}