{
  "model": "PNN-E",
  "dataset": "kin8nm",
  "rmse_train": 0.07480123162193197,
  "rmse_test": 0.0747642065639198,
  "log_score_train": 1.2364838138852474,
  "log_score_test": 1.2205743388360313,
  "crps_train": 0.04032690427642946,
  "crps_test": 0.040734315236265264,
  "picp_train": 0.9880974180553013,
  "picp_test": 0.9732698645184914,
  "mpiw_train": 0.3520569730212067,
  "mpiw_test": 0.3337570459505197
}