{
  "model": "DNNC-R",
  "dataset": "wine",
  "rmse_train": 0.519133752522989,
  "rmse_test": 0.6225695824050038,
  "log_score_train": -0.06380399844522738,
  "log_score_test": -0.2377166069901139,
  "crps_train": 0.2684388739032843,
  "crps_test": 0.320435300257206,
  "picp_train": 0.9569444444444445,
  "picp_test": 0.9245283018867925,
  "mpiw_train": 2.2455819988940338,
  "mpiw_test": 2.2042099568791973
}