{
  "model": "NLM",
  "dataset": "kin8nm",
  "rmse_train": 0.07675330627906912,
  "rmse_test": 0.07755148562571847,
  "log_score_train": 1.2725751327480788,
  "log_score_test": 1.2752192057149223,
  "crps_train": 0.040161731149252415,
  "crps_test": 0.03992210639371318,
  "picp_train": 0.9732808897328089,
  "picp_test": 0.9658119658119658,
  "mpiw_train": 0.31167030202225476,
  "mpiw_test": 0.30093378927344566
}