{
  "model": "PBP",
  "dataset": "kin8nm",
  "rmse_train": 0.09852827549899301,
  "rmse_test": 0.10756564079262654,
  "log_score_train": 0.8881729960564095,
  "log_score_test": 0.8107438896603486,
  "crps_train": 0.05487265688586634,
  "crps_test": 0.05967969953121248,
  "picp_train": 0.9648416041018129,
  "picp_test": 0.9472720615159282,
  "mpiw_train": 0.42949727367950413,
  "mpiw_test": 0.4293848342387867
}