{
  "model": "PBP",
  "dataset": "boston",
  "rmse_train": 2.398599412840631,
  "rmse_test": 2.5742802824159274,
  "log_score_train": -2.2936149496338363,
  "log_score_test": -2.353947093846994,
  "crps_train": 1.2865137267442563,
  "crps_test": 1.437512471131646,
  "picp_train": 0.9671052631578947,
  "picp_test": 0.96,
  "mpiw_train": 10.410525842725125,
  "mpiw_test": 10.40245076391502
}