{
  "model": "NLM-E",
  "dataset": "wine",
  "rmse_train": 0.5702131250860252,
  "rmse_test": 0.585776497452877,
  "log_score_train": -0.7736414521784103,
  "log_score_test": -0.960993727385555,
  "crps_train": 0.3320112396704946,
  "crps_test": 0.339936569005393,
  "picp_train": 0.9784240150093808,
  "picp_test": 0.8799249530956847,
  "mpiw_train": 2.9832572613586463,
  "mpiw_test": 2.2578056633433983
}