{
  "model": "PNN-E",
  "dataset": "kin8nm",
  "rmse_train": 0.07204285531774501,
  "rmse_test": 0.07715619917883543,
  "log_score_train": 1.253432927989928,
  "log_score_test": 1.1981455661546836,
  "crps_train": 0.039180646974447245,
  "crps_test": 0.04168852071419065,
  "picp_train": 0.9914553099145531,
  "picp_test": 0.9877899877899878,
  "mpiw_train": 0.3577523157623318,
  "mpiw_test": 0.3708045538455913
}