{
  "model": "PBP",
  "dataset": "kin8nm",
  "rmse_train": 0.09027282898650324,
  "rmse_test": 0.11026079239468033,
  "log_score_train": 0.9765340489867719,
  "log_score_test": 0.7762929683066574,
  "crps_train": 0.05011386342680341,
  "crps_test": 0.06115260094440722,
  "picp_train": 0.9595238095238096,
  "picp_test": 0.9242313323572474,
  "mpiw_train": 0.39182036735437126,
  "mpiw_test": 0.3921113002325829
}