{
  "model": "PBP",
  "dataset": "energy",
  "rmse_train": 2.693087504175092,
  "rmse_test": 4.924464556800165,
  "log_score_train": -2.30427869427766,
  "log_score_test": -2.9822067194130844,
  "crps_train": 1.2994547949829607,
  "crps_test": 1.9177244860694997,
  "picp_train": 0.9364161849710982,
  "picp_test": 0.9078947368421053,
  "mpiw_train": 10.328413216408263,
  "mpiw_test": 10.368886982215386
}