{
  "model": "PNN",
  "dataset": "boston",
  "rmse_train": 3.1180334491587653,
  "rmse_test": 3.6236577271662753,
  "log_score_train": -1.980356815157894,
  "log_score_test": -5.863520401292747,
  "crps_train": 1.224085191341692,
  "crps_test": 2.1683973314654157,
  "picp_train": 0.973293768545994,
  "picp_test": 0.6390532544378699,
  "mpiw_train": 8.865962274731201,
  "mpiw_test": 6.759204978231495
}