{
  "model": "DNNC-R",
  "dataset": "wine",
  "rmse_train": 0.5283135170197429,
  "rmse_test": 0.6478807540909876,
  "log_score_train": -0.10220838874550903,
  "log_score_test": -0.2511060453962645,
  "crps_train": 0.27612893826131096,
  "crps_test": 0.33871757151503007,
  "picp_train": 0.96875,
  "picp_test": 0.9245283018867925,
  "mpiw_train": 2.4703302193216174,
  "mpiw_test": 2.425902951784872
}