{
  "model": "DNNC-R",
  "dataset": "kin8nm",
  "rmse_train": 0.08535379444603246,
  "rmse_test": 0.08787476581938737,
  "log_score_train": 0.8581257680871281,
  "log_score_test": 0.7743903995203604,
  "crps_train": 0.051222245257157524,
  "crps_test": 0.05285053685818049,
  "picp_train": 0.9635155296351553,
  "picp_test": 0.945054945054945,
  "mpiw_train": 0.4487065444174682,
  "mpiw_test": 0.44255944784468104
}