{
  "model": "MC dropout",
  "dataset": "wine",
  "rmse_train": 0.5646007769146925,
  "rmse_test": 0.6401564481482335,
  "log_score_train": -0.7593973275024395,
  "log_score_test": -0.9587777209058115,
  "crps_train": 0.30332151819985403,
  "crps_test": 0.35566990988359837,
  "picp_train": 0.9671669793621013,
  "picp_test": 0.9343339587242027,
  "mpiw_train": 2.41746437108904,
  "mpiw_test": 2.3784540579143627
}