{
  "model": "DNNC-R",
  "dataset": "yacht",
  "rmse_train": 3.5157435969004514,
  "rmse_test": 4.481993405625407,
  "log_score_train": -1.49761522306065,
  "log_score_test": -2.1358055520128914,
  "crps_train": 3.335361257740629,
  "crps_test": 4.779618683064807,
  "picp_train": 0.9532374100719424,
  "picp_test": 0.9666666666666667,
  "mpiw_train": 24.91435322460433,
  "mpiw_test": 32.44280453851726
}