{
  "model": "NLM-E",
  "dataset": "kin8nm",
  "rmse_train": 0.07317781276066342,
  "rmse_test": 0.07780486458974945,
  "log_score_train": 1.2970485276828114,
  "log_score_test": 1.2549104178020036,
  "crps_train": 0.03835552259684881,
  "crps_test": 0.04057732102107627,
  "picp_train": 0.987793299877933,
  "picp_test": 0.9792429792429792,
  "mpiw_train": 0.33706805227264924,
  "mpiw_test": 0.3395850181068754
}