{
  "model": "PNN-E",
  "dataset": "wine",
  "rmse_train": 0.537106286185382,
  "rmse_test": 0.6699065325315462,
  "log_score_train": -0.6553900209413566,
  "log_score_test": -1.1115115897483399,
  "crps_train": 0.29335144898807436,
  "crps_test": 0.37416764877149383,
  "picp_train": 0.9681050656660413,
  "picp_test": 0.9080675422138836,
  "mpiw_train": 2.4038150606587205,
  "mpiw_test": 2.245790025647355
}