{
  "model": "MC dropout",
  "dataset": "wine",
  "rmse_train": 0.6002736343578825,
  "rmse_test": 0.6445513372428768,
  "log_score_train": -0.8078191950398562,
  "log_score_test": -0.9447295657814934,
  "crps_train": 0.32384577001522213,
  "crps_test": 0.3497863602292298,
  "picp_train": 0.9624765478424016,
  "picp_test": 0.9193245778611632,
  "mpiw_train": 2.4695513547862107,
  "mpiw_test": 2.4199071179705225
}