{
  "model": "DNNC-R",
  "dataset": "wine",
  "rmse_train": 0.5340031239413465,
  "rmse_test": 0.6305051666220911,
  "log_score_train": -0.08203785684821396,
  "log_score_test": -0.30333497118422864,
  "crps_train": 0.2767795033488184,
  "crps_test": 0.33317486083855513,
  "picp_train": 0.9597222222222223,
  "picp_test": 0.9308176100628931,
  "mpiw_train": 2.285828308386455,
  "mpiw_test": 2.3494279108032208
}