{
  "model": "PBP",
  "dataset": "kin8nm",
  "rmse_train": 0.10165333296963519,
  "rmse_test": 0.09510083887348447,
  "log_score_train": 0.8575462927824489,
  "log_score_test": 0.9083481266348344,
  "crps_train": 0.0564539980888351,
  "crps_test": 0.05333959758029094,
  "picp_train": 0.9628273210034792,
  "picp_test": 0.9729036982790187,
  "mpiw_train": 0.44165672956270147,
  "mpiw_test": 0.44156212583640136
}