{
  "model": "DNNC-R",
  "dataset": "wine",
  "rmse_train": 0.49968255758048397,
  "rmse_test": 0.6529569080148375,
  "log_score_train": -0.11240635452359159,
  "log_score_test": -0.6117130507849778,
  "crps_train": 0.25839271291545357,
  "crps_test": 0.3416402730253728,
  "picp_train": 0.9530956848030019,
  "picp_test": 0.9099437148217636,
  "mpiw_train": 2.068052133876497,
  "mpiw_test": 2.2048954670805117
}