{
  "model": "NLM",
  "dataset": "wine",
  "rmse_train": 0.5812134932237404,
  "rmse_test": 0.652640927018227,
  "log_score_train": -0.7411106181993868,
  "log_score_test": -1.1472055249568984,
  "crps_train": 0.3097583152826696,
  "crps_test": 0.36187113658100445,
  "picp_train": 0.9263888888888889,
  "picp_test": 0.8867924528301887,
  "mpiw_train": 2.0392440438402883,
  "mpiw_test": 2.1001787561870167
}