{
  "model": "PNN",
  "dataset": "wine",
  "rmse_train": 0.5867069565440574,
  "rmse_test": 0.6155997058225366,
  "log_score_train": -0.7331520557266255,
  "log_score_test": -1.000983149201608,
  "crps_train": 0.31153503673015154,
  "crps_test": 0.3404166609999096,
  "picp_train": 0.9576388888888889,
  "picp_test": 0.9056603773584906,
  "mpiw_train": 2.1615997691394235,
  "mpiw_test": 2.166444526834383
}