{
  "model": "PBP",
  "dataset": "kin8nm",
  "rmse_train": 0.09319766495922123,
  "rmse_test": 0.10989648505052438,
  "log_score_train": 0.945375743784883,
  "log_score_test": 0.7851352920243375,
  "crps_train": 0.05159688248228997,
  "crps_test": 0.060509445730332595,
  "picp_train": 0.9619047619047619,
  "picp_test": 0.9344802342606149,
  "mpiw_train": 0.4029777920995196,
  "mpiw_test": 0.40321360316409327
}