{
  "model": "DNNC-R",
  "dataset": "kin8nm",
  "rmse_train": 0.08999712810443473,
  "rmse_test": 0.09266455633089486,
  "log_score_train": 0.8250649454962481,
  "log_score_test": 0.8010210709363658,
  "crps_train": 0.05344826180997272,
  "crps_test": 0.05540539112543264,
  "picp_train": 0.9642922541659037,
  "picp_test": 0.9670450384474552,
  "mpiw_train": 0.4624034019823906,
  "mpiw_test": 0.4795704565540071
}