{
  "model": "NLM-E",
  "dataset": "kin8nm",
  "rmse_train": 0.06790688015691226,
  "rmse_test": 0.09843368389851419,
  "log_score_train": 1.3196128622230017,
  "log_score_test": 1.108811869785094,
  "crps_train": 0.0368299799382106,
  "crps_test": 0.04882518463571139,
  "picp_train": 0.9902930402930403,
  "picp_test": 0.9820644216691069,
  "mpiw_train": 0.3311751047745512,
  "mpiw_test": 0.39930315142704254
}