{
  "model": "NLM",
  "dataset": "yacht",
  "rmse_train": 1.144841015985232,
  "rmse_test": 0.7561364052517088,
  "log_score_train": -1.3908639320556793,
  "log_score_test": -1.4689949166086522,
  "crps_train": 0.564083997320768,
  "crps_test": 0.4955615037718629,
  "picp_train": 1.0,
  "picp_test": 1.0,
  "mpiw_train": 6.051069247539121,
  "mpiw_test": 6.352735203591979
}