{
  "model": "NLM",
  "dataset": "yacht",
  "rmse_train": 1.6223357934749856,
  "rmse_test": 3.730512992202203,
  "log_score_train": -1.5592207959389208,
  "log_score_test": -2.448392891186811,
  "crps_train": 0.7443769801474815,
  "crps_test": 1.802371028905269,
  "picp_train": 0.9950980392156863,
  "picp_test": 0.8942307692307693,
  "mpiw_train": 8.262246994260968,
  "mpiw_test": 10.132708703079238
}