{
  "model": "DNNC-R",
  "dataset": "boston",
  "rmse_train": 2.671711211765272,
  "rmse_test": 4.5430112458028695,
  "log_score_train": -2.147246049768156,
  "log_score_test": -4.430762037321019,
  "crps_train": 1.2658013368602599,
  "crps_test": 2.4905848841552074,
  "picp_train": 0.9702380952380952,
  "picp_test": 0.6176470588235294,
  "mpiw_train": 12.767967681723674,
  "mpiw_test": 6.604863519627424
}