{
  "model": "PBP",
  "dataset": "wine",
  "rmse_train": 0.5692620031003528,
  "rmse_test": 0.6651399091577616,
  "log_score_train": -0.8532113139933267,
  "log_score_test": -1.0297708931972118,
  "crps_train": 0.31622594823253874,
  "crps_test": 0.3696726413031017,
  "picp_train": 0.9455909943714822,
  "picp_test": 0.9080675422138836,
  "mpiw_train": 2.269521692627836,
  "mpiw_test": 2.2640868028158363
}