{
  "model": "MC dropout",
  "dataset": "energy",
  "rmse_train": 2.9352559004401444,
  "rmse_test": 2.3766934308955605,
  "log_score_train": -1.6895607499361611,
  "log_score_test": -1.8219979744468997,
  "crps_train": 0.9996699894534984,
  "crps_test": 1.0294750906938885,
  "picp_train": 0.9971098265895953,
  "picp_test": 1.0,
  "mpiw_train": 8.782111449144413,
  "mpiw_test": 9.443764663759998
}