{
  "model": "DNNC-R",
  "dataset": "kin8nm",
  "rmse_train": 0.08580285254456885,
  "rmse_test": 0.08859968797266538,
  "log_score_train": 0.8725134106301017,
  "log_score_test": 0.8760892094398738,
  "crps_train": 0.05106926193494999,
  "crps_test": 0.052367519204654114,
  "picp_train": 0.960667299606673,
  "picp_test": 0.9560439560439561,
  "mpiw_train": 0.4397323257044863,
  "mpiw_test": 0.4377971455823466
}