{
  "model": "PNN-E",
  "dataset": "boston",
  "rmse_train": 2.9036590609942072,
  "rmse_test": 2.5500945021348045,
  "log_score_train": -1.883111433613186,
  "log_score_test": -2.4735612513020113,
  "crps_train": 1.1019222257604944,
  "crps_test": 1.4452668924944359,
  "picp_train": 0.9780701754385965,
  "picp_test": 0.84,
  "mpiw_train": 8.819268837367492,
  "mpiw_test": 8.61131271618535
}