{
  "model": "PBP",
  "dataset": "yacht",
  "rmse_train": 0.8395267746527041,
  "rmse_test": 0.9531746256530327,
  "log_score_train": -1.586993022528784,
  "log_score_test": -1.6187377292805714,
  "crps_train": 0.548135519642442,
  "crps_test": 0.5773065839203003,
  "picp_train": 0.9928057553956835,
  "picp_test": 0.9666666666666667,
  "mpiw_train": 6.886792542612682,
  "mpiw_test": 6.904058542240173
}