{
  "model": "PNN",
  "dataset": "boston",
  "rmse_train": 3.1896102358098055,
  "rmse_test": 6.525330578808466,
  "log_score_train": -1.823252488558858,
  "log_score_test": -15.358435270410377,
  "crps_train": 1.116668218942565,
  "crps_test": 4.2251607918119305,
  "picp_train": 0.9583333333333334,
  "picp_test": 0.36470588235294116,
  "mpiw_train": 8.036385547890317,
  "mpiw_test": 6.739171742189866
}