{
  "model": "DNNC-R",
  "dataset": "energy",
  "rmse_train": 2.050017143088914,
  "rmse_test": 4.2363444184503365,
  "log_score_train": -1.8504821090386119,
  "log_score_test": -3.2081576164141548,
  "crps_train": 0.9303756307186061,
  "crps_test": 1.4642420628836699,
  "picp_train": 0.9869942196531792,
  "picp_test": 0.9736842105263158,
  "mpiw_train": 10.201512894739508,
  "mpiw_test": 10.538231843697584
}