{
  "model": "PBP",
  "dataset": "kin8nm",
  "rmse_train": 0.09006291231353895,
  "rmse_test": 0.1160397479721639,
  "log_score_train": 0.9794632610334527,
  "log_score_test": 0.7091976499728359,
  "crps_train": 0.050114089351057954,
  "crps_test": 0.06299630972859642,
  "picp_train": 0.9633699633699634,
  "picp_test": 0.9084919472913616,
  "mpiw_train": 0.38964034363405586,
  "mpiw_test": 0.38991769752447647
}