{
  "model": "PBP",
  "dataset": "boston",
  "rmse_train": 2.084761523342378,
  "rmse_test": 6.697472448288932,
  "log_score_train": -2.1581246841219053,
  "log_score_test": -5.822529998961339,
  "crps_train": 1.1395429751560624,
  "crps_test": 3.4544665574405347,
  "picp_train": 0.9613095238095238,
  "picp_test": 0.7352941176470589,
  "mpiw_train": 8.966027988654654,
  "mpiw_test": 9.25969387310314
}