{
  "model": "PNN-E",
  "dataset": "wine",
  "rmse_train": 0.49798974064367346,
  "rmse_test": 0.8382165663949196,
  "log_score_train": -0.6987782678357779,
  "log_score_test": -1.2453273931196973,
  "crps_train": 0.3014802036237022,
  "crps_test": 0.4834404632795215,
  "picp_train": 0.9784037558685446,
  "picp_test": 0.9119850187265918,
  "mpiw_train": 2.807587123866148,
  "mpiw_test": 3.5878789386165897
}