{
  "model": "PNN-E",
  "dataset": "concrete",
  "rmse_train": 4.52736649261607,
  "rmse_test": 7.269427302258873,
  "log_score_train": -2.7485801101150193,
  "log_score_test": -3.3888938644799893,
  "crps_train": 2.2853319093221276,
  "crps_test": 3.9386568665723742,
  "picp_train": 0.9912663755458515,
  "picp_test": 0.9125364431486881,
  "mpiw_train": 20.740199472647284,
  "mpiw_test": 26.232228086121875
}