{
  "model": "NLM",
  "dataset": "wine",
  "rmse_train": 0.5987456875755442,
  "rmse_test": 0.576874959521069,
  "log_score_train": -0.8763283437698707,
  "log_score_test": -0.9475639397842825,
  "crps_train": 0.3947256681015952,
  "crps_test": 0.38805833983016597,
  "picp_train": 0.9743055555555555,
  "picp_test": 0.9748427672955975,
  "mpiw_train": 3.953659826589799,
  "mpiw_test": 4.133556238583305
}