{
  "model": "DNNC-R",
  "dataset": "wine",
  "rmse_train": 0.5211940302065559,
  "rmse_test": 0.6709962445844991,
  "log_score_train": -0.05704548074600938,
  "log_score_test": -0.5089779350344517,
  "crps_train": 0.26859494380456916,
  "crps_test": 0.353162892853947,
  "picp_train": 0.9673611111111111,
  "picp_test": 0.8805031446540881,
  "mpiw_train": 2.2853134592403093,
  "mpiw_test": 2.22216738088714
}