{
  "model": "DNNC-R",
  "dataset": "boston",
  "rmse_train": 2.2720709903248566,
  "rmse_test": 3.7969008424748636,
  "log_score_train": -2.0949378218841144,
  "log_score_test": -2.7161069953752883,
  "crps_train": 1.1754549892516628,
  "crps_test": 1.9799562019448629,
  "picp_train": 0.9643916913946587,
  "picp_test": 0.8520710059171598,
  "mpiw_train": 10.608449397413318,
  "mpiw_test": 11.647416867445571
}