{
  "model": "PNN",
  "dataset": "energy",
  "rmse_train": 2.194725346134676,
  "rmse_test": 7.117579063497538,
  "log_score_train": -1.2468141993629316,
  "log_score_test": -2.6921702624360346,
  "crps_train": 0.7673047030577459,
  "crps_test": 2.0133882780011674,
  "picp_train": 0.9884393063583815,
  "picp_test": 0.9342105263157895,
  "mpiw_train": 5.63041709012643,
  "mpiw_test": 6.30003367173599
}