{
  "model": "PNN-E",
  "dataset": "wine",
  "rmse_train": 0.5165480845711872,
  "rmse_test": 2.810492884082749,
  "log_score_train": -0.662111867926077,
  "log_score_test": -1.6567353299852607,
  "crps_train": 0.27910730191349353,
  "crps_test": 1.0322411324677943,
  "picp_train": 0.9793427230046948,
  "picp_test": 0.8876404494382022,
  "mpiw_train": 2.2845113738621627,
  "mpiw_test": 5.178036234067642
}