{
  "model": "NLM-E",
  "dataset": "kin8nm",
  "rmse_train": 0.0715217873546898,
  "rmse_test": 0.08704607179669126,
  "log_score_train": 1.3088831238116991,
  "log_score_test": 1.1170078904693674,
  "crps_train": 0.037814957199054915,
  "crps_test": 0.046328716839450834,
  "picp_train": 0.9901098901098901,
  "picp_test": 0.9835285505124451,
  "mpiw_train": 0.33838898341486645,
  "mpiw_test": 0.3850059539529438
}