{
  "model": "NLM-E",
  "dataset": "wine",
  "rmse_train": 0.5689471227079828,
  "rmse_test": 0.6646749543590399,
  "log_score_train": -0.7251749452795255,
  "log_score_test": -0.9902371080745893,
  "crps_train": 0.3034979972158323,
  "crps_test": 0.36286521099978775,
  "picp_train": 0.9604166666666667,
  "picp_test": 0.8930817610062893,
  "mpiw_train": 2.2170205511981993,
  "mpiw_test": 2.1692327330903227
}