{
  "model": "PBP",
  "dataset": "boston",
  "rmse_train": 1.9432938878197656,
  "rmse_test": 5.352687657289738,
  "log_score_train": -2.042107810805226,
  "log_score_test": -4.145147855305684,
  "crps_train": 1.0045273730660687,
  "crps_test": 2.880516574100795,
  "picp_train": 0.9672619047619048,
  "picp_test": 0.6823529411764706,
  "mpiw_train": 7.869237338783437,
  "mpiw_test": 8.52249473692745
}