{
  "model": "PBP",
  "dataset": "concrete",
  "rmse_train": 5.0844322854395365,
  "rmse_test": 7.1891562313889095,
  "log_score_train": -3.0493557348926323,
  "log_score_test": -3.471203690362789,
  "crps_train": 2.84183307258759,
  "crps_test": 3.8641216076365428,
  "picp_train": 0.9518950437317785,
  "picp_test": 0.8924418604651163,
  "mpiw_train": 21.46090911097531,
  "mpiw_test": 21.485197877288158
}