{
  "model": "NLM",
  "dataset": "boston",
  "rmse_train": 2.2475694350178173,
  "rmse_test": 5.978996791319524,
  "log_score_train": -1.8727630332863543,
  "log_score_test": -3.7695928450704055,
  "crps_train": 1.002414418078114,
  "crps_test": 2.54539227436206,
  "picp_train": 0.9780701754385965,
  "picp_test": 0.8,
  "mpiw_train": 7.782755361996018,
  "mpiw_test": 7.780092927043314
}