{
  "model": "DNNC-R",
  "dataset": "kin8nm",
  "rmse_train": 0.08655570398648352,
  "rmse_test": 0.09171029194888057,
  "log_score_train": 0.8475564189232104,
  "log_score_test": 0.7747892405917363,
  "crps_train": 0.052082906670005744,
  "crps_test": 0.05530305612326724,
  "picp_train": 0.9641936796419368,
  "picp_test": 0.9499389499389499,
  "mpiw_train": 0.4537350701889289,
  "mpiw_test": 0.45388597614245707
}