{
  "model": "PNN",
  "dataset": "yacht",
  "rmse_train": 1.0816040785218997,
  "rmse_test": 2.2649936410853693,
  "log_score_train": -1.2080880499222046,
  "log_score_test": -4.233434270711351,
  "crps_train": 0.4937594886206286,
  "crps_test": 1.2418834928430529,
  "picp_train": 0.9951219512195122,
  "picp_test": 0.7281553398058253,
  "mpiw_train": 5.136938758924132,
  "mpiw_test": 4.160595261325683
}