{
  "model": "PNN",
  "dataset": "kin8nm",
  "rmse_train": 0.07990689918168187,
  "rmse_test": 0.0802380301735522,
  "log_score_train": 1.2307526895736822,
  "log_score_test": 1.214689494395027,
  "crps_train": 0.04194447904754914,
  "crps_test": 0.042683956287753885,
  "picp_train": 0.9667706496677065,
  "picp_test": 0.9621489621489622,
  "mpiw_train": 0.31516638726634055,
  "mpiw_test": 0.31533275288890106
}