{
  "model": "MC dropout",
  "dataset": "boston",
  "rmse_train": 2.3479205151086067,
  "rmse_test": 6.1295726737798715,
  "log_score_train": -2.0642227099294206,
  "log_score_test": -3.2039058895864025,
  "crps_train": 1.1606309043256335,
  "crps_test": 2.8692803323782696,
  "picp_train": 0.9702380952380952,
  "picp_test": 0.8705882352941177,
  "mpiw_train": 9.323304177904257,
  "mpiw_test": 14.18934742151721
}