{
  "model": "MC dropout",
  "dataset": "concrete",
  "rmse_train": 4.354611381028689,
  "rmse_test": 5.871941368320656,
  "log_score_train": -2.832770539923103,
  "log_score_test": -3.038556313268509,
  "crps_train": 2.332439729301781,
  "crps_test": 3.005407656881276,
  "picp_train": 0.9956850053937433,
  "picp_test": 0.9611650485436893,
  "mpiw_train": 22.57954509476521,
  "mpiw_test": 21.700901291791148
}