{
  "model": "PNN",
  "dataset": "yacht",
  "rmse_train": 0.9534925211056138,
  "rmse_test": 0.9836966484976757,
  "log_score_train": -1.0413471654871616,
  "log_score_test": -1.252339305737121,
  "crps_train": 0.4183751023282531,
  "crps_test": 0.49836630474694404,
  "picp_train": 0.9928057553956835,
  "picp_test": 1.0,
  "mpiw_train": 4.19945146028022,
  "mpiw_test": 4.721697797651979
}