{
  "model": "PBP",
  "dataset": "yacht",
  "rmse_train": 0.7918485908328587,
  "rmse_test": 1.4970992838528039,
  "log_score_train": -1.566724539244502,
  "log_score_test": -1.785104148502931,
  "crps_train": 0.5319208040059343,
  "crps_test": 0.7313578014313585,
  "picp_train": 0.9928057553956835,
  "picp_test": 0.9666666666666667,
  "mpiw_train": 6.788456423305718,
  "mpiw_test": 6.83595592520022
}