{
  "model": "PBP",
  "dataset": "concrete",
  "rmse_train": 4.9038742518717235,
  "rmse_test": 5.794999660047965,
  "log_score_train": -3.011827152633153,
  "log_score_test": -3.183981552247169,
  "crps_train": 2.7047590390841854,
  "crps_test": 3.2146192692725117,
  "picp_train": 0.9546925566343042,
  "picp_test": 0.912621359223301,
  "mpiw_train": 20.487038172081114,
  "mpiw_test": 20.485336759053038
}