{
  "model": "PNN-E",
  "dataset": "boston",
  "rmse_train": 2.6911205567617684,
  "rmse_test": 4.248153957554313,
  "log_score_train": -1.828583599276387,
  "log_score_test": -2.9713913404516252,
  "crps_train": 1.028116673040452,
  "crps_test": 2.276674513824496,
  "picp_train": 0.9940476190476191,
  "picp_test": 0.9411764705882353,
  "mpiw_train": 9.743873911038136,
  "mpiw_test": 17.611064571936254
}