{
  "model": "MC dropout",
  "dataset": "powerplant",
  "rmse_train": 4.269485175006586,
  "rmse_test": 4.093522282754926,
  "log_score_train": -2.851480236812889,
  "log_score_test": -2.821620459767771,
  "crps_train": 2.3094708847719887,
  "crps_test": 2.27750526388297,
  "picp_train": 0.97480260102183,
  "picp_test": 0.9769874476987448,
  "mpiw_train": 18.66720179236049,
  "mpiw_test": 18.444101370358396
}