{
  "model": "MC dropout",
  "dataset": "yacht",
  "rmse_train": 4.255931730104079,
  "rmse_test": 2.6545853120847944,
  "log_score_train": -2.072696457126043,
  "log_score_test": -2.303291623487759,
  "crps_train": 1.5568783567692739,
  "crps_test": 1.477467784597404,
  "picp_train": 1.0,
  "picp_test": 1.0,
  "mpiw_train": 18.57156642973689,
  "mpiw_test": 16.63737191427991
}