{
  "model": "MC dropout",
  "dataset": "concrete",
  "rmse_train": 4.297798257270298,
  "rmse_test": 6.033542924417726,
  "log_score_train": -2.8473729699977035,
  "log_score_test": -3.1627559077899168,
  "crps_train": 2.344328783462847,
  "crps_test": 3.091397891883011,
  "picp_train": 0.9935275080906149,
  "picp_test": 0.9611650485436893,
  "mpiw_train": 21.925896753041673,
  "mpiw_test": 21.46269553491498
}