{
  "model": "NLM-E",
  "dataset": "kin8nm",
  "rmse_train": 0.07107844753151418,
  "rmse_test": 0.07669612415365391,
  "log_score_train": 1.3133241526873103,
  "log_score_test": 1.2589551429045935,
  "crps_train": 0.0376977782722145,
  "crps_test": 0.040021573015114865,
  "picp_train": 0.9860301098603012,
  "picp_test": 0.9768009768009768,
  "mpiw_train": 0.3221746180572976,
  "mpiw_test": 0.32553966655166944
}