{
  "model": "NLM-E",
  "dataset": "wine",
  "rmse_train": 0.5403472741847112,
  "rmse_test": 0.7047411691039158,
  "log_score_train": -0.6452876705159782,
  "log_score_test": -1.1978561528329164,
  "crps_train": 0.2849865895067622,
  "crps_test": 0.40051412795408736,
  "picp_train": 0.9737089201877934,
  "picp_test": 0.9157303370786517,
  "mpiw_train": 2.158101436544353,
  "mpiw_test": 3.0095577211294566
}