{
  "model": "MC dropout",
  "dataset": "boston",
  "rmse_train": 2.794398131544115,
  "rmse_test": 2.4897946849870043,
  "log_score_train": -1.7977600957577935,
  "log_score_test": -2.4551063064537835,
  "crps_train": 1.0228061140829725,
  "crps_test": 1.2841036133662356,
  "picp_train": 0.9890350877192983,
  "picp_test": 0.9,
  "mpiw_train": 10.05925106756148,
  "mpiw_test": 7.695584889939697
}