{
  "model": "PBP",
  "dataset": "wine",
  "rmse_train": 0.5910909163578297,
  "rmse_test": 0.620756616752634,
  "log_score_train": -0.8919957302249474,
  "log_score_test": -0.9373417090849889,
  "crps_train": 0.32966576856687546,
  "crps_test": 0.3407337344711549,
  "picp_train": 0.9451388888888889,
  "picp_test": 0.9371069182389937,
  "mpiw_train": 2.348107610721812,
  "mpiw_test": 2.350011622749949
}