{
  "model": "MC dropout",
  "dataset": "wine",
  "rmse_train": 0.598791411412796,
  "rmse_test": 0.5883463843810034,
  "log_score_train": -0.7669941660568356,
  "log_score_test": -0.9286537975268465,
  "crps_train": 0.37125120297959796,
  "crps_test": 0.3301849067218173,
  "picp_train": 0.96875,
  "picp_test": 0.9559748427672956,
  "mpiw_train": 3.5513520636422147,
  "mpiw_test": 2.391762758257359
}