{
  "model": "PNN",
  "dataset": "concrete",
  "rmse_train": 4.879060108617819,
  "rmse_test": 5.479605360531886,
  "log_score_train": -2.7835930855078828,
  "log_score_test": -2.917236554574515,
  "crps_train": 2.4711947283949143,
  "crps_test": 2.867830671596112,
  "picp_train": 0.9665587918015103,
  "picp_test": 0.941747572815534,
  "mpiw_train": 18.176590336278856,
  "mpiw_test": 18.52831553781351
}