{
  "model": "NLM-E",
  "dataset": "kin8nm",
  "rmse_train": 0.07003082941928138,
  "rmse_test": 0.08974416016632253,
  "log_score_train": 1.3032821038771207,
  "log_score_test": 1.138249712269722,
  "crps_train": 0.03747779145453559,
  "crps_test": 0.04669489770740846,
  "picp_train": 0.9928584508331807,
  "picp_test": 0.9589893811790553,
  "mpiw_train": 0.34104423158128083,
  "mpiw_test": 0.33452400103437796
}