{
  "model": "PNN",
  "dataset": "yacht",
  "rmse_train": 1.3118166626554242,
  "rmse_test": 1.5441727100852984,
  "log_score_train": -1.7553430880151402,
  "log_score_test": -1.8922876054101865,
  "crps_train": 0.857702443414003,
  "crps_test": 0.9365258815231219,
  "picp_train": 0.9964028776978417,
  "picp_test": 1.0,
  "mpiw_train": 11.734585558712258,
  "mpiw_test": 11.380198975278471
}