{
  "model": "MC dropout",
  "dataset": "yacht",
  "rmse_train": 1.1812618991163553,
  "rmse_test": 11.009683592831491,
  "log_score_train": -1.6556159434280457,
  "log_score_test": -4.392363129023696,
  "crps_train": 0.6671251046257165,
  "crps_test": 5.858826921763684,
  "picp_train": 1.0,
  "picp_test": 0.6442307692307693,
  "mpiw_train": 8.515760249178873,
  "mpiw_test": 11.68128335081327
}