{
  "model": "DNNC-R",
  "dataset": "boston",
  "rmse_train": 2.551894557535706,
  "rmse_test": 5.023439234064313,
  "log_score_train": -2.2070607388083743,
  "log_score_test": -3.7053538613190864,
  "crps_train": 1.2969166035209314,
  "crps_test": 2.771607500389364,
  "picp_train": 0.9584569732937686,
  "picp_test": 0.7751479289940828,
  "mpiw_train": 11.692718871642281,
  "mpiw_test": 12.941041884261725
}