{
  "model": "PNN",
  "dataset": "kin8nm",
  "rmse_train": 0.08223980775142449,
  "rmse_test": 0.0841873743471212,
  "log_score_train": 1.1741811200409815,
  "log_score_test": 1.1221919777342537,
  "crps_train": 0.04382523241098106,
  "crps_test": 0.04575871022816217,
  "picp_train": 0.9437135494371355,
  "picp_test": 0.9291819291819292,
  "mpiw_train": 0.31369642381205426,
  "mpiw_test": 0.3066241784186598
}