{
  "model": "PBP",
  "dataset": "concrete",
  "rmse_train": 5.024379926250381,
  "rmse_test": 5.97453373699706,
  "log_score_train": -3.041767434934998,
  "log_score_test": -3.2092138133086268,
  "crps_train": 2.7907106190299893,
  "crps_test": 3.3202814550119317,
  "picp_train": 0.9636098981077147,
  "picp_test": 0.9300291545189504,
  "mpiw_train": 21.78552945990093,
  "mpiw_test": 21.76020458632013
}