{
  "model": "DNNC-R",
  "dataset": "concrete",
  "rmse_train": 4.899633950743822,
  "rmse_test": 5.417033865100168,
  "log_score_train": -3.0373118387667613,
  "log_score_test": -3.100151843816327,
  "crps_train": 2.74643920959394,
  "crps_test": 3.0110301069267833,
  "picp_train": 0.9460625674217907,
  "picp_test": 0.9514563106796117,
  "mpiw_train": 22.508355492355303,
  "mpiw_test": 22.269244171809625
}