{
  "model": "PBP",
  "dataset": "kin8nm",
  "rmse_train": 0.09463892746992525,
  "rmse_test": 0.10033671125180758,
  "log_score_train": 0.9272557747471762,
  "log_score_test": 0.8778405777818651,
  "crps_train": 0.05262371642866201,
  "crps_test": 0.05527382580416983,
  "picp_train": 0.9652014652014652,
  "picp_test": 0.9509516837481699,
  "mpiw_train": 0.41516056570567267,
  "mpiw_test": 0.41542091549789983
}