{
  "model": "DNNC-R",
  "dataset": "kin8nm",
  "rmse_train": 0.08603458744648103,
  "rmse_test": 0.08961265355415884,
  "log_score_train": 0.8480272241511279,
  "log_score_test": 0.791644702998253,
  "crps_train": 0.05181011539271935,
  "crps_test": 0.05344000576073579,
  "picp_train": 0.9622948596229486,
  "picp_test": 0.945054945054945,
  "mpiw_train": 0.45165921712056994,
  "mpiw_test": 0.44953149157892114
}