{
  "model": "PNN-E",
  "dataset": "wine",
  "rmse_train": 0.524494168906972,
  "rmse_test": 0.814815608685805,
  "log_score_train": -0.6495321029790164,
  "log_score_test": -1.396694603434855,
  "crps_train": 0.2849682009004695,
  "crps_test": 0.5317055692244651,
  "picp_train": 0.9727699530516432,
  "picp_test": 0.900749063670412,
  "mpiw_train": 2.2726988269233552,
  "mpiw_test": 4.637514739267321
}