{
  "model": "MC dropout",
  "dataset": "yacht",
  "rmse_train": 3.2285424655761186,
  "rmse_test": 4.981346352541927,
  "log_score_train": -2.345631893618428,
  "log_score_test": -2.6337307646979693,
  "crps_train": 1.5597732331146517,
  "crps_test": 2.5313333610750304,
  "picp_train": 1.0,
  "picp_test": 1.0,
  "mpiw_train": 18.916453927398603,
  "mpiw_test": 24.29090140611095
}