{
  "model": "NLM-E",
  "dataset": "wine",
  "rmse_train": 0.5788151463808002,
  "rmse_test": 0.5765557877223965,
  "log_score_train": -0.7453420284710324,
  "log_score_test": -0.9286013282229313,
  "crps_train": 0.3115538829613116,
  "crps_test": 0.3216277852900425,
  "picp_train": 0.9638888888888889,
  "picp_test": 0.9433962264150944,
  "mpiw_train": 2.4574512359227247,
  "mpiw_test": 2.324996637690469
}