{
  "model": "PBP",
  "dataset": "kin8nm",
  "rmse_train": 0.09925562635023447,
  "rmse_test": 0.09630292854870823,
  "log_score_train": 0.8813468026651269,
  "log_score_test": 0.9051686757814432,
  "crps_train": 0.05504764316920245,
  "crps_test": 0.05359157488492457,
  "picp_train": 0.9618879696188797,
  "picp_test": 0.9633699633699634,
  "mpiw_train": 0.43142314710119434,
  "mpiw_test": 0.4314029788802347
}