{
  "model": "PBP",
  "dataset": "wine",
  "rmse_train": 0.5871959572364255,
  "rmse_test": 0.6313045690252103,
  "log_score_train": -0.8834076845063146,
  "log_score_test": -0.9606826376643123,
  "crps_train": 0.3274722769530101,
  "crps_test": 0.3507520477890741,
  "picp_train": 0.9455909943714822,
  "picp_test": 0.9287054409005628,
  "mpiw_train": 2.332205452380082,
  "mpiw_test": 2.3280485386300214
}