{
  "model": "MC dropout",
  "dataset": "kin8nm",
  "rmse_train": 0.11766088403486032,
  "rmse_test": 0.13925622986371503,
  "log_score_train": 0.689257674728852,
  "log_score_test": 0.5757040314102411,
  "crps_train": 0.06663032336693547,
  "crps_test": 0.07764543020602328,
  "picp_train": 0.9913919413919414,
  "picp_test": 0.9655929721815519,
  "mpiw_train": 0.6064191157995255,
  "mpiw_test": 0.5789429246040015
}