{
  "model": "MC dropout",
  "dataset": "kin8nm",
  "rmse_train": 0.08461626443388427,
  "rmse_test": 0.09476561977730731,
  "log_score_train": 1.1172502456468778,
  "log_score_test": 1.005896180424538,
  "crps_train": 0.04577946303479974,
  "crps_test": 0.051580584633522025,
  "picp_train": 0.9697857535249954,
  "picp_test": 0.9531307213474918,
  "mpiw_train": 0.36433519598450653,
  "mpiw_test": 0.35870166053292774
}