{
  "model": "NLM-E",
  "dataset": "kin8nm",
  "rmse_train": 0.06868295460494586,
  "rmse_test": 0.09588362772209993,
  "log_score_train": 1.3680740515136895,
  "log_score_test": 1.0646791030616736,
  "crps_train": 0.036089221565078086,
  "crps_test": 0.05000052599148483,
  "picp_train": 0.9827838827838827,
  "picp_test": 0.9593704245973645,
  "mpiw_train": 0.2990490431996465,
  "mpiw_test": 0.35948568670759773
}