{
  "model": "NLM-E",
  "dataset": "boston",
  "rmse_train": 2.1933484397796748,
  "rmse_test": 4.623718471239021,
  "log_score_train": -1.911146105750969,
  "log_score_test": -2.9809495448958017,
  "crps_train": 1.0195574770647708,
  "crps_test": 2.1613198025147065,
  "picp_train": 0.9940652818991098,
  "picp_test": 0.8816568047337278,
  "mpiw_train": 10.96061004265588,
  "mpiw_test": 11.664054831209551
}