{
  "model": "MC dropout",
  "dataset": "boston",
  "rmse_train": 2.80974120088534,
  "rmse_test": 5.0995805446382,
  "log_score_train": -2.0454545156855324,
  "log_score_test": -2.909648966076989,
  "crps_train": 1.1876299649612418,
  "crps_test": 2.835650810311826,
  "picp_train": 0.9940476190476191,
  "picp_test": 0.9411764705882353,
  "mpiw_train": 12.060818418197677,
  "mpiw_test": 23.42959896154661
}