{
  "model": "PNN",
  "dataset": "kin8nm",
  "rmse_train": 0.08202123319045475,
  "rmse_test": 0.08653124686978943,
  "log_score_train": 1.1984820304193753,
  "log_score_test": 1.1157959911421729,
  "crps_train": 0.04348933087736766,
  "crps_test": 0.04635416952086207,
  "picp_train": 0.9610741896107419,
  "picp_test": 0.9462759462759462,
  "mpiw_train": 0.31773113281603454,
  "mpiw_test": 0.3197147166729047
}