{
  "model": "PBP",
  "dataset": "wine",
  "rmse_train": 0.5964179932018675,
  "rmse_test": 0.591253539322848,
  "log_score_train": -0.9004004046257585,
  "log_score_test": -0.8918403567347409,
  "crps_train": 0.33175521694847504,
  "crps_test": 0.3312374757850902,
  "picp_train": 0.9451388888888889,
  "picp_test": 0.9622641509433962,
  "mpiw_train": 2.365467811635489,
  "mpiw_test": 2.366189672564613
}