{
  "model": "PNN",
  "dataset": "wine",
  "rmse_train": 0.6353925537049269,
  "rmse_test": 0.6879088882351789,
  "log_score_train": -0.7656922559479528,
  "log_score_test": -1.258349053755608,
  "crps_train": 0.3301977505790225,
  "crps_test": 0.37209019499942825,
  "picp_train": 0.9548611111111112,
  "picp_test": 0.8742138364779874,
  "mpiw_train": 2.5355750851498366,
  "mpiw_test": 2.1344707676583656
}