{
  "model": "MC dropout",
  "dataset": "kin8nm",
  "rmse_train": 0.07996573206841973,
  "rmse_test": 0.07966910820099425,
  "log_score_train": 1.1749373080457275,
  "log_score_test": 1.1997157454241487,
  "crps_train": 0.04303225758598811,
  "crps_test": 0.04215676300448931,
  "picp_train": 0.9835195019227247,
  "picp_test": 0.9805931893079458,
  "mpiw_train": 0.3547693409074344,
  "mpiw_test": 0.3459676438360855
}