{
  "model": "DNNC-R",
  "dataset": "yacht",
  "rmse_train": 4.538801645304664,
  "rmse_test": 4.27333854438213,
  "log_score_train": -1.2541961993850748,
  "log_score_test": -1.6267675708308422,
  "crps_train": 4.691150892225696,
  "crps_test": 1.8852460939364122,
  "picp_train": 0.8884892086330936,
  "picp_test": 0.9666666666666667,
  "mpiw_train": 26.898740898866844,
  "mpiw_test": 19.60863436805522
}