{
  "model": "PBP",
  "dataset": "wine",
  "rmse_train": 0.5874400765308532,
  "rmse_test": 0.6490936242704797,
  "log_score_train": -0.8854687657516445,
  "log_score_test": -0.9912592299308378,
  "crps_train": 0.32745250219413385,
  "crps_test": 0.3581036932703194,
  "picp_train": 0.9465277777777777,
  "picp_test": 0.9119496855345912,
  "mpiw_train": 2.3316345479665688,
  "mpiw_test": 2.3298175021774292
}