{
  "model": "PNN",
  "dataset": "boston",
  "rmse_train": 1.517224834123224,
  "rmse_test": 7.272329865091169,
  "log_score_train": -1.6309009131825623,
  "log_score_test": -24.98093833958048,
  "crps_train": 0.7689045698704524,
  "crps_test": 3.9549831785521925,
  "picp_train": 0.9761904761904762,
  "picp_test": 0.43529411764705883,
  "mpiw_train": 5.705744152240228,
  "mpiw_test": 5.754947691684015
}