{
  "model": "PNN",
  "dataset": "kin8nm",
  "rmse_train": 0.07602973498709083,
  "rmse_test": 0.10618674628632364,
  "log_score_train": 1.2376227097695034,
  "log_score_test": 0.9835509560733136,
  "crps_train": 0.04120194229436507,
  "crps_test": 0.05478012365307462,
  "picp_train": 0.9683150183150183,
  "picp_test": 0.9465592972181552,
  "mpiw_train": 0.3191170166671973,
  "mpiw_test": 0.3918506289949151
}