{
  "model": "NLM",
  "dataset": "wine",
  "rmse_train": 0.5352280153219344,
  "rmse_test": 1.1753817709828174,
  "log_score_train": -0.6262328614888443,
  "log_score_test": -1.5731132592219434,
  "crps_train": 0.2825679488042256,
  "crps_test": 0.6065089403543311,
  "picp_train": 0.9427230046948357,
  "picp_test": 0.9531835205992509,
  "mpiw_train": 1.8727858024076844,
  "mpiw_test": 5.380075271382276
}