{
  "model": "DNNC-R",
  "dataset": "wine",
  "rmse_train": 0.46838359534594914,
  "rmse_test": 0.7743393195879239,
  "log_score_train": 0.012140795959580663,
  "log_score_test": -20.526487556305025,
  "crps_train": 0.23865897764047286,
  "crps_test": 0.4554861032993356,
  "picp_train": 0.9615023474178404,
  "picp_test": 0.6348314606741573,
  "mpiw_train": 1.975875662817534,
  "mpiw_test": 1.2402836874302632
}