{
  "model": "NLM-E",
  "dataset": "kin8nm",
  "rmse_train": 0.07319769826049578,
  "rmse_test": 0.07752367863658041,
  "log_score_train": 1.2937566324219318,
  "log_score_test": 1.2388059653480354,
  "crps_train": 0.03851709040781558,
  "crps_test": 0.041169104968615484,
  "picp_train": 0.9891961179271196,
  "picp_test": 0.9703405346027096,
  "mpiw_train": 0.33505692464147496,
  "mpiw_test": 0.3196689307554504
}