{
  "model": "MC dropout",
  "dataset": "yacht",
  "rmse_train": 2.445316380362169,
  "rmse_test": 2.028980456177695,
  "log_score_train": -2.2547678714020325,
  "log_score_test": -2.2673703856015885,
  "crps_train": 1.4249854780710753,
  "crps_test": 1.364533343215842,
  "picp_train": 1.0,
  "picp_test": 1.0,
  "mpiw_train": 20.727407245834463,
  "mpiw_test": 20.18926728152778
}