{
  "model": "NLM-E",
  "dataset": "wine",
  "rmse_train": 0.5648119900105801,
  "rmse_test": 0.631831262756369,
  "log_score_train": -0.7260138583016251,
  "log_score_test": -0.9817532891133802,
  "crps_train": 0.3064670912883002,
  "crps_test": 0.35608456645978676,
  "picp_train": 0.9652908067542214,
  "picp_test": 0.9155722326454033,
  "mpiw_train": 2.460238878294797,
  "mpiw_test": 2.324893713996864
}