{
  "model": "NLM-E",
  "dataset": "boston",
  "rmse_train": 1.790926427122043,
  "rmse_test": 6.367143418554385,
  "log_score_train": -1.7885339807276535,
  "log_score_test": -4.717031797978733,
  "crps_train": 0.8672543587778155,
  "crps_test": 3.517513169360857,
  "picp_train": 0.9880952380952381,
  "picp_test": 0.8588235294117647,
  "mpiw_train": 8.40018340208808,
  "mpiw_test": 19.390693790823786
}