{
  "model": "PNN",
  "dataset": "boston",
  "rmse_train": 2.932589624656217,
  "rmse_test": 4.7895270247591,
  "log_score_train": -1.974587057482936,
  "log_score_test": -4.0194729302887,
  "crps_train": 1.164426492399832,
  "crps_test": 2.4751026422966578,
  "picp_train": 0.9703264094955489,
  "picp_test": 0.7396449704142012,
  "mpiw_train": 10.049451546097185,
  "mpiw_test": 9.830219198189345
}