{
  "model": "PBP",
  "dataset": "wine",
  "rmse_train": 0.5964461582748055,
  "rmse_test": 0.5692018241511633,
  "log_score_train": -0.900966484577551,
  "log_score_test": -0.8560386683624718,
  "crps_train": 0.332390484067568,
  "crps_test": 0.31633805226156136,
  "picp_train": 0.9465277777777777,
  "picp_test": 0.9685534591194969,
  "mpiw_train": 2.3729289322730502,
  "mpiw_test": 2.3738053428569894
}