{
  "model": "MC dropout",
  "dataset": "energy",
  "rmse_train": 2.4546529182110275,
  "rmse_test": 0.9785237669021453,
  "log_score_train": -1.4423005986634478,
  "log_score_test": -1.4226326854763487,
  "crps_train": 0.6916537894559893,
  "crps_test": 0.558212615457296,
  "picp_train": 1.0,
  "picp_test": 1.0,
  "mpiw_train": 8.003660192299051,
  "mpiw_test": 6.438496537165979
}