{
  "model": "NLM",
  "dataset": "boston",
  "rmse_train": 3.0736792485908166,
  "rmse_test": 3.1347386375664406,
  "log_score_train": -1.93471747021754,
  "log_score_test": -2.693925448395051,
  "crps_train": 1.1677588248164974,
  "crps_test": 1.7391170937298832,
  "picp_train": 0.973293768545994,
  "picp_test": 0.863905325443787,
  "mpiw_train": 9.529472735665662,
  "mpiw_test": 8.690774581834738
}