{
  "model": "PNN",
  "dataset": "boston",
  "rmse_train": 3.8028590205200428,
  "rmse_test": 2.9298138490452184,
  "log_score_train": -2.343399250477401,
  "log_score_test": -2.983342702656919,
  "crps_train": 1.608801993314783,
  "crps_test": 1.6363401695074133,
  "picp_train": 0.9020771513353115,
  "picp_test": 0.8224852071005917,
  "mpiw_train": 9.239018552741113,
  "mpiw_test": 8.271027565156349
}