{
  "model": "DNNC-R",
  "dataset": "energy",
  "rmse_train": 2.2240092245061667,
  "rmse_test": 3.133469174495394,
  "log_score_train": -1.7279897791606695,
  "log_score_test": -2.3827570992981744,
  "crps_train": 0.9315713382328602,
  "crps_test": 1.327968558772413,
  "picp_train": 0.9855491329479769,
  "picp_test": 0.9868421052631579,
  "mpiw_train": 9.045043448396438,
  "mpiw_test": 10.56442267239943
}