{
  "model": "MC dropout",
  "dataset": "wine",
  "rmse_train": 0.5647686104004243,
  "rmse_test": 0.6801588091654697,
  "log_score_train": -0.7620121640266984,
  "log_score_test": -1.0275815205636287,
  "crps_train": 0.3095059797486384,
  "crps_test": 0.3774877575251093,
  "picp_train": 0.9774859287054409,
  "picp_test": 0.9287054409005628,
  "mpiw_train": 2.651795167214334,
  "mpiw_test": 2.39844053050954
}