{
  "model": "PBP",
  "dataset": "yacht",
  "rmse_train": 0.7285596607324216,
  "rmse_test": 1.4447016053049917,
  "log_score_train": -1.4526704408548938,
  "log_score_test": -1.7598676635228236,
  "crps_train": 0.4730502353478132,
  "crps_test": 0.7384996199460026,
  "picp_train": 0.9964028776978417,
  "picp_test": 0.9,
  "mpiw_train": 6.068275010016892,
  "mpiw_test": 6.2192665569838175
}