{
  "model": "PNN",
  "dataset": "yacht",
  "rmse_train": 1.4697163779907232,
  "rmse_test": 0.886024897615547,
  "log_score_train": -1.534616510723285,
  "log_score_test": -1.500027653718279,
  "crps_train": 0.7164508122859553,
  "crps_test": 0.5566037671008279,
  "picp_train": 0.9658536585365853,
  "picp_test": 0.9902912621359223,
  "mpiw_train": 7.28552588415262,
  "mpiw_test": 5.896141286847166
}