{
  "model": "MC dropout",
  "dataset": "yacht",
  "rmse_train": 0.7235479895143864,
  "rmse_test": 0.8686014690458954,
  "log_score_train": -1.5156917681059963,
  "log_score_test": -1.529930208096336,
  "crps_train": 0.5640951240240194,
  "crps_test": 0.5852266644843023,
  "picp_train": 1.0,
  "picp_test": 1.0,
  "mpiw_train": 8.39312799751912,
  "mpiw_test": 7.680873499566892
}