{
  "model": "PBP",
  "dataset": "wine",
  "rmse_train": 0.5862200676577275,
  "rmse_test": 0.5863825226549416,
  "log_score_train": -0.8832519313783873,
  "log_score_test": -0.8848766813649908,
  "crps_train": 0.3261957809078887,
  "crps_test": 0.3324337589357359,
  "picp_train": 0.9451388888888889,
  "picp_test": 0.9685534591194969,
  "mpiw_train": 2.33407573437067,
  "mpiw_test": 2.332111551775398
}