{
  "model": "PNN-E",
  "dataset": "wine",
  "rmse_train": 0.5422559082397475,
  "rmse_test": 0.6378206311427042,
  "log_score_train": -0.715535843833598,
  "log_score_test": -0.9432270076112612,
  "crps_train": 0.29550446017522125,
  "crps_test": 0.35344583894765796,
  "picp_train": 0.9666666666666667,
  "picp_test": 0.9371069182389937,
  "mpiw_train": 2.350291541445432,
  "mpiw_test": 2.372139751427473
}