{
  "model": "PNN-E",
  "dataset": "powerplant",
  "rmse_train": 4.0107532187136075,
  "rmse_test": 4.102277828155532,
  "log_score_train": -2.7851913315145183,
  "log_score_test": -2.822477030185445,
  "crps_train": 2.1826390820156933,
  "crps_test": 2.2334873658585095,
  "picp_train": 0.9684161634928008,
  "picp_test": 0.9654811715481172,
  "mpiw_train": 16.491470898242607,
  "mpiw_test": 16.610606627568792
}