{
  "model": "DNNC-R",
  "dataset": "kin8nm",
  "rmse_train": 0.08657626361223987,
  "rmse_test": 0.09067969646889318,
  "log_score_train": 0.8342916019591162,
  "log_score_test": 0.7713781086727036,
  "crps_train": 0.05231099426873337,
  "crps_test": 0.05464025271257238,
  "picp_train": 0.9612098196120982,
  "picp_test": 0.9487179487179487,
  "mpiw_train": 0.4592121990573229,
  "mpiw_test": 0.463511513458034
}