{
  "model": "NLM",
  "dataset": "energy",
  "rmse_train": 2.95341739031338,
  "rmse_test": 2.6258815395229385,
  "log_score_train": -1.257770340807388,
  "log_score_test": -1.741199002151694,
  "crps_train": 0.9245833909402266,
  "crps_test": 0.8257662605425707,
  "picp_train": 0.9927745664739884,
  "picp_test": 0.9605263157894737,
  "mpiw_train": 7.916379326862985,
  "mpiw_test": 6.454585675791722
}