{
  "model": "DNNC-R",
  "dataset": "wine",
  "rmse_train": 0.478463355844042,
  "rmse_test": 0.7398990987305702,
  "log_score_train": 0.026310865703627884,
  "log_score_test": -1.7602721433992938,
  "crps_train": 0.2407587645384405,
  "crps_test": 0.41186117386116744,
  "picp_train": 0.9568075117370892,
  "picp_test": 0.7771535580524345,
  "mpiw_train": 1.9721770967439514,
  "mpiw_test": 1.5979827063266578
}