{
  "model": "NLM-E",
  "dataset": "boston",
  "rmse_train": 2.6518747693654974,
  "rmse_test": 4.060663186409835,
  "log_score_train": -1.9925783571485791,
  "log_score_test": -2.238359642963815,
  "crps_train": 1.1079682146959116,
  "crps_test": 1.5234984711373016,
  "picp_train": 0.9824561403508771,
  "picp_test": 0.96,
  "mpiw_train": 9.945072727475875,
  "mpiw_test": 9.59618569585583
}