{
  "model": "PBP",
  "dataset": "concrete",
  "rmse_train": 4.870551697618748,
  "rmse_test": 8.456788689729457,
  "log_score_train": -3.0048798416069764,
  "log_score_test": -3.594866437682027,
  "crps_train": 2.659495161998887,
  "crps_test": 4.4357056561235675,
  "picp_train": 0.9548104956268222,
  "picp_test": 0.8633720930232558,
  "mpiw_train": 20.370285633399625,
  "mpiw_test": 21.942780578804935
}