{
  "model": "PNN",
  "dataset": "energy",
  "rmse_train": 3.323973472019789,
  "rmse_test": 2.450454593571577,
  "log_score_train": -1.8696421984393947,
  "log_score_test": -1.921118023213524,
  "crps_train": 1.241051647769866,
  "crps_test": 1.241622986332687,
  "picp_train": 0.9812138728323699,
  "picp_test": 0.9868421052631579,
  "mpiw_train": 9.72797303998269,
  "mpiw_test": 10.035915845513408
}