{
  "model": "PBP",
  "dataset": "wine",
  "rmse_train": 0.5868640437329937,
  "rmse_test": 0.5780641075543247,
  "log_score_train": -0.884648816849499,
  "log_score_test": -0.8715500921957943,
  "crps_train": 0.32706588292163297,
  "crps_test": 0.31934188213729126,
  "picp_train": 0.94375,
  "picp_test": 0.949685534591195,
  "mpiw_train": 2.3418885839958894,
  "mpiw_test": 2.338891022940927
}