{
  "model": "PNN-E",
  "dataset": "kin8nm",
  "rmse_train": 0.07011083517953316,
  "rmse_test": 0.09016084242493594,
  "log_score_train": 1.279198302252162,
  "log_score_test": 1.1282052352095158,
  "crps_train": 0.03813321683423499,
  "crps_test": 0.04705782644738908,
  "picp_train": 0.9908441677348471,
  "picp_test": 0.963383376052728,
  "mpiw_train": 0.347608447535571,
  "mpiw_test": 0.3438649171217912
}