{
  "model": "NLM-E",
  "dataset": "energy",
  "rmse_train": 2.9134738783969176,
  "rmse_test": 2.004482982053745,
  "log_score_train": -1.3610030398898196,
  "log_score_test": -1.6640246778302241,
  "crps_train": 0.8600620368522599,
  "crps_test": 0.8388077369320545,
  "picp_train": 0.9971098265895953,
  "picp_test": 0.9868421052631579,
  "mpiw_train": 7.417632892749606,
  "mpiw_test": 7.458655128270828
}