{
  "model": "DNNC-R",
  "dataset": "wine",
  "rmse_train": 0.44699884170974474,
  "rmse_test": 0.8265791716441233,
  "log_score_train": 0.08684329632955831,
  "log_score_test": -39.40656955125498,
  "crps_train": 0.22481618722817925,
  "crps_test": 0.5139900301468671,
  "picp_train": 0.955868544600939,
  "picp_test": 0.5749063670411985,
  "mpiw_train": 1.9213700566970058,
  "mpiw_test": 1.144605536851003
}