{
  "model": "PNN",
  "dataset": "yacht",
  "rmse_train": 1.895704958069,
  "rmse_test": 1.8701418417955205,
  "log_score_train": -1.973197991333526,
  "log_score_test": -1.9622866731636368,
  "crps_train": 1.0011952917047524,
  "crps_test": 1.0262877021226229,
  "picp_train": 1.0,
  "picp_test": 1.0,
  "mpiw_train": 12.056651691433466,
  "mpiw_test": 11.391721655957507
}