{
  "model": "DNNC-R",
  "dataset": "yacht",
  "rmse_train": 4.097240750113097,
  "rmse_test": 6.8699873147573065,
  "log_score_train": -1.2755879422321679,
  "log_score_test": -2.6363387570798484,
  "crps_train": 3.9906892177470494,
  "crps_test": 5.353595839295459,
  "picp_train": 0.9172661870503597,
  "picp_test": 0.8666666666666667,
  "mpiw_train": 24.734204269802994,
  "mpiw_test": 24.691787624643244
}