{
  "model": "MC dropout",
  "dataset": "energy",
  "rmse_train": 3.239142730820592,
  "rmse_test": 2.040581838747534,
  "log_score_train": -1.533583391701996,
  "log_score_test": -1.6000095468226394,
  "crps_train": 1.0088128127700822,
  "crps_test": 1.0165918891015775,
  "picp_train": 1.0,
  "picp_test": 0.9868421052631579,
  "mpiw_train": 8.254594871082398,
  "mpiw_test": 9.362377170022631
}