{
  "model": "MC dropout",
  "dataset": "wine",
  "rmse_train": 0.579779342439677,
  "rmse_test": 0.5930919466976651,
  "log_score_train": -0.8068715638061087,
  "log_score_test": -0.8710248025018675,
  "crps_train": 0.3153496475107272,
  "crps_test": 0.33333121296130347,
  "picp_train": 0.9673611111111111,
  "picp_test": 0.9622641509433962,
  "mpiw_train": 2.525224840669373,
  "mpiw_test": 2.5479841389408504
}