{
  "model": "NLM",
  "dataset": "energy",
  "rmse_train": 3.024180001698034,
  "rmse_test": 2.152139617626313,
  "log_score_train": -1.4182445256565905,
  "log_score_test": -1.8707530667405512,
  "crps_train": 0.9588915043469557,
  "crps_test": 0.890980294388286,
  "picp_train": 0.9898843930635838,
  "picp_test": 0.9736842105263158,
  "mpiw_train": 8.73826907746516,
  "mpiw_test": 7.535883020984806
}