{
  "model": "DNNC-R",
  "dataset": "wine",
  "rmse_train": 0.5173437080761866,
  "rmse_test": 0.6959597825881926,
  "log_score_train": -0.05395449023436575,
  "log_score_test": -0.7706497493133073,
  "crps_train": 0.26848594329187286,
  "crps_test": 0.36777406520203604,
  "picp_train": 0.9604166666666667,
  "picp_test": 0.8742138364779874,
  "mpiw_train": 2.2402475735622254,
  "mpiw_test": 2.2548157306672545
}