{
  "model": "PNN",
  "dataset": "concrete",
  "rmse_train": 5.23071417543596,
  "rmse_test": 6.0484976872444225,
  "log_score_train": -2.83044625993804,
  "log_score_test": -3.1639724118881296,
  "crps_train": 2.6230519363363927,
  "crps_test": 3.207512048480732,
  "picp_train": 0.9546925566343042,
  "picp_test": 0.8932038834951457,
  "mpiw_train": 17.588408488108616,
  "mpiw_test": 17.720415223959208
}