{
  "model": "PNN-E",
  "dataset": "wine",
  "rmse_train": 0.5455395721537981,
  "rmse_test": 0.684323525040804,
  "log_score_train": -0.6827429897809841,
  "log_score_test": -1.0809882647783051,
  "crps_train": 0.33282458618341615,
  "crps_test": 0.3805453358119546,
  "picp_train": 0.9681050656660413,
  "picp_test": 0.9080675422138836,
  "mpiw_train": 3.0922918013513723,
  "mpiw_test": 2.194637102345981
}