{
  "model": "DNNC-R",
  "dataset": "energy",
  "rmse_train": 2.849236858400393,
  "rmse_test": 2.8221138883587877,
  "log_score_train": -2.0797122997057667,
  "log_score_test": -2.1826931084938686,
  "crps_train": 1.2867071358474582,
  "crps_test": 1.266560513081625,
  "picp_train": 0.958092485549133,
  "picp_test": 0.9473684210526315,
  "mpiw_train": 12.52647122751266,
  "mpiw_test": 12.378134289549234
}