{
  "model": "DNNC-R",
  "dataset": "kin8nm",
  "rmse_train": 0.08955806586585534,
  "rmse_test": 0.10424919352605298,
  "log_score_train": 0.8192004964304098,
  "log_score_test": 0.6079869070841416,
  "crps_train": 0.05378728215727284,
  "crps_test": 0.06366824793134064,
  "picp_train": 0.9613623878410548,
  "picp_test": 0.9531307213474918,
  "mpiw_train": 0.463048455438139,
  "mpiw_test": 0.513491139197953
}