{
  "model": "PNN",
  "dataset": "kin8nm",
  "rmse_train": 0.0801280822023588,
  "rmse_test": 0.08320742559894088,
  "log_score_train": 1.212357343581727,
  "log_score_test": 1.1759084315670263,
  "crps_train": 0.04250591970078044,
  "crps_test": 0.04421476488709473,
  "picp_train": 0.9644649396446494,
  "picp_test": 0.9584859584859585,
  "mpiw_train": 0.32386535155801943,
  "mpiw_test": 0.3248849478656438
}