{
  "model": "PBP",
  "dataset": "wine",
  "rmse_train": 0.5833765982974086,
  "rmse_test": 0.722244431739165,
  "log_score_train": -0.878689977846989,
  "log_score_test": -1.099287570097243,
  "crps_train": 0.32676129394994013,
  "crps_test": 0.3939495751368067,
  "picp_train": 0.955868544600939,
  "picp_test": 0.9119850187265918,
  "mpiw_train": 2.3401446453907395,
  "mpiw_test": 2.3842878236711247
}