{
  "model": "MC dropout",
  "dataset": "energy",
  "rmse_train": 2.9323887576919336,
  "rmse_test": 2.367220577148854,
  "log_score_train": -1.4515418306231171,
  "log_score_test": -1.4835601868315238,
  "crps_train": 0.9209337981595566,
  "crps_test": 0.9315611990911322,
  "picp_train": 0.9985549132947977,
  "picp_test": 1.0,
  "mpiw_train": 7.561602822160494,
  "mpiw_test": 7.49389283617259
}