{
  "model": "DNNC-R",
  "dataset": "kin8nm",
  "rmse_train": 0.08506344957148766,
  "rmse_test": 0.09946114140121558,
  "log_score_train": 0.8580476669786095,
  "log_score_test": 0.7136249542454606,
  "crps_train": 0.051124149306141835,
  "crps_test": 0.05902164680907889,
  "picp_train": 0.9641091375206006,
  "picp_test": 0.9469058952764555,
  "mpiw_train": 0.44669872646561326,
  "mpiw_test": 0.4742191615060644
}