{
  "model": "MC dropout",
  "dataset": "concrete",
  "rmse_train": 4.0278146763522,
  "rmse_test": 5.8507522222387065,
  "log_score_train": -2.712664988388916,
  "log_score_test": -3.1420534730059004,
  "crps_train": 2.115878936067452,
  "crps_test": 2.9383773475265427,
  "picp_train": 0.9902912621359223,
  "picp_test": 0.9320388349514563,
  "mpiw_train": 18.814636332303028,
  "mpiw_test": 19.118820962154626
}