{
  "model": "DNNC-R",
  "dataset": "kin8nm",
  "rmse_train": 0.08502153343720134,
  "rmse_test": 0.08774587727413088,
  "log_score_train": 0.8761456025853321,
  "log_score_test": 0.8656611298550866,
  "crps_train": 0.05074950622231561,
  "crps_test": 0.05229897953952351,
  "picp_train": 0.9614810796148108,
  "picp_test": 0.9633699633699634,
  "mpiw_train": 0.4364950657457719,
  "mpiw_test": 0.43830557829125194
}