{
  "model": "MC dropout",
  "dataset": "kin8nm",
  "rmse_train": 0.07779818782091096,
  "rmse_test": 0.07725946756210106,
  "log_score_train": 1.1928287352687983,
  "log_score_test": 1.1990181004932001,
  "crps_train": 0.042191427054883344,
  "crps_test": 0.04197958637562716,
  "picp_train": 0.9820968398209684,
  "picp_test": 0.9743589743589743,
  "mpiw_train": 0.34452980224770857,
  "mpiw_test": 0.33996588532063055
}