{
  "model": "NLM",
  "dataset": "concrete",
  "rmse_train": 4.730101539467905,
  "rmse_test": 7.813870935368776,
  "log_score_train": -2.6507568777629817,
  "log_score_test": -3.5662994617917483,
  "crps_train": 2.2580304874875723,
  "crps_test": 4.240197138514478,
  "picp_train": 0.9854439592430859,
  "picp_test": 0.8483965014577259,
  "mpiw_train": 17.822037494788077,
  "mpiw_test": 22.364683295721957
}