{
  "model": "NLM",
  "dataset": "wine",
  "rmse_train": 0.5863839116279116,
  "rmse_test": 0.6605660532427482,
  "log_score_train": -0.7493492935944392,
  "log_score_test": -1.6690072204059534,
  "crps_train": 0.9013818363974199,
  "crps_test": 2.2184040143922044,
  "picp_train": 0.9586854460093897,
  "picp_test": 0.8370786516853933,
  "mpiw_train": 12.164768937838394,
  "mpiw_test": 33.10840393972616
}