{
  "model": "MC dropout",
  "dataset": "kin8nm",
  "rmse_train": 0.08152773263625451,
  "rmse_test": 0.08703066637081158,
  "log_score_train": 1.1551688294131541,
  "log_score_test": 1.092251086130126,
  "crps_train": 0.04308170390742491,
  "crps_test": 0.046363128527496376,
  "picp_train": 0.9924047199240472,
  "picp_test": 0.9841269841269841,
  "mpiw_train": 0.3960599942768702,
  "mpiw_test": 0.40667690092561637
}