{
  "model": "PNN-E",
  "dataset": "energy",
  "rmse_train": 3.0505358114593975,
  "rmse_test": 5.484142543392537,
  "log_score_train": -1.253346651744264,
  "log_score_test": -9.405585710556988,
  "crps_train": 1.0030528964526717,
  "crps_test": 2.6832940885192706,
  "picp_train": 0.994140625,
  "picp_test": 0.49609375,
  "mpiw_train": 7.323884877951162,
  "mpiw_test": 4.709234183023601
}