{
  "model": "PNN-E",
  "dataset": "wine",
  "rmse_train": 0.5581229520158749,
  "rmse_test": 0.5803461173698423,
  "log_score_train": -0.7195058864933562,
  "log_score_test": -0.8306212061627575,
  "crps_train": 0.29861890244533534,
  "crps_test": 0.3210647035968796,
  "picp_train": 0.9694444444444444,
  "picp_test": 0.9559748427672956,
  "mpiw_train": 2.3913061654512737,
  "mpiw_test": 2.6017780154773815
}