{
  "model": "MC dropout",
  "dataset": "powerplant",
  "rmse_train": 4.138344169500406,
  "rmse_test": 4.3718345594392485,
  "log_score_train": -2.8204847071807495,
  "log_score_test": -2.87333957956865,
  "crps_train": 2.26111517067822,
  "crps_test": 2.3735135346073033,
  "picp_train": 0.9786344635392475,
  "picp_test": 0.9738493723849372,
  "mpiw_train": 18.352375158676843,
  "mpiw_test": 18.500692062904182
}