{
  "model": "NLM-E",
  "dataset": "boston",
  "rmse_train": 1.804451240943235,
  "rmse_test": 6.582464705886135,
  "log_score_train": -1.8433576488506875,
  "log_score_test": -4.189336450775311,
  "crps_train": 0.899472476542517,
  "crps_test": 3.3681256481260755,
  "picp_train": 0.9910714285714286,
  "picp_test": 0.788235294117647,
  "mpiw_train": 8.54206169578143,
  "mpiw_test": 11.824527095322253
}