{
  "model": "PBP",
  "dataset": "kin8nm",
  "rmse_train": 0.09103920151681992,
  "rmse_test": 0.13223275555135092,
  "log_score_train": 0.9677211892926117,
  "log_score_test": 0.518121326144566,
  "crps_train": 0.050231347985492295,
  "crps_test": 0.07339841349137381,
  "picp_train": 0.9615384615384616,
  "picp_test": 0.8803074670571011,
  "mpiw_train": 0.3960149904674679,
  "mpiw_test": 0.39630392210873744
}