{
  "model": "MC dropout",
  "dataset": "wine",
  "rmse_train": 0.5641578324699015,
  "rmse_test": 0.6493214226376648,
  "log_score_train": -0.7649536572121026,
  "log_score_test": -0.9547391475003659,
  "crps_train": 0.30433479233603106,
  "crps_test": 0.35901653561960667,
  "picp_train": 0.9699812382739212,
  "picp_test": 0.9399624765478424,
  "mpiw_train": 2.3939571378031372,
  "mpiw_test": 2.370436693440804
}