{
  "model": "DNNC-R",
  "dataset": "yacht",
  "rmse_train": 4.285263652367253,
  "rmse_test": 4.512913194294565,
  "log_score_train": -1.1951104094458525,
  "log_score_test": -1.8182163891493672,
  "crps_train": 4.499702440764892,
  "crps_test": 2.794905306831536,
  "picp_train": 0.8884892086330936,
  "picp_test": 0.9666666666666667,
  "mpiw_train": 25.349440138376174,
  "mpiw_test": 24.276721706931685
}