{
  "model": "PBP",
  "dataset": "concrete",
  "rmse_train": 4.765727452479117,
  "rmse_test": 7.587260929634623,
  "log_score_train": -2.9814009319725283,
  "log_score_test": -3.6514586864425653,
  "crps_train": 2.6298769765213073,
  "crps_test": 4.119730301214137,
  "picp_train": 0.9534206695778749,
  "picp_test": 0.8367346938775511,
  "mpiw_train": 19.864563081551168,
  "mpiw_test": 19.91330768157943
}