{
  "model": "MC dropout",
  "dataset": "kin8nm",
  "rmse_train": 0.07554856134414852,
  "rmse_test": 0.08076086587365817,
  "log_score_train": 1.2035562857954243,
  "log_score_test": 1.1318666546779839,
  "crps_train": 0.0412865883430895,
  "crps_test": 0.04472813409669234,
  "picp_train": 0.9858944798589448,
  "picp_test": 0.9755799755799756,
  "mpiw_train": 0.35305984980036587,
  "mpiw_test": 0.3561727801033234
}