{
  "model": "DNNC-R",
  "dataset": "yacht",
  "rmse_train": 5.067313103712703,
  "rmse_test": 7.2945744815705185,
  "log_score_train": -1.5891553427030345,
  "log_score_test": -1.9498886320332842,
  "crps_train": 3.9764811849123114,
  "crps_test": 3.2888062252385035,
  "picp_train": 0.9568345323741008,
  "picp_test": 0.9666666666666667,
  "mpiw_train": 27.01427116992656,
  "mpiw_test": 29.453439143749577
}