{
  "model": "PBP",
  "dataset": "kin8nm",
  "rmse_train": 0.0992888698677188,
  "rmse_test": 0.10237157212225755,
  "log_score_train": 0.8829401046891929,
  "log_score_test": 0.8567330145142025,
  "crps_train": 0.055124305967802975,
  "crps_test": 0.05666337547634788,
  "picp_train": 0.9591753695917536,
  "picp_test": 0.9499389499389499,
  "mpiw_train": 0.42689339920451685,
  "mpiw_test": 0.4268996475862397
}