{
  "model": "DNNC-R",
  "dataset": "energy",
  "rmse_train": 2.569536877671986,
  "rmse_test": 1.6093172808922163,
  "log_score_train": -2.165506089397532,
  "log_score_test": -2.0090793636026043,
  "crps_train": 1.220247634836704,
  "crps_test": 1.0382268965958525,
  "picp_train": 0.9869942196531792,
  "picp_test": 0.9868421052631579,
  "mpiw_train": 12.379746156339992,
  "mpiw_test": 11.871296640947246
}