{
  "model": "PBP",
  "dataset": "kin8nm",
  "rmse_train": 0.0992833762917326,
  "rmse_test": 0.09761323024114196,
  "log_score_train": 0.8819427719529779,
  "log_score_test": 0.8956190487000425,
  "crps_train": 0.05515299774116183,
  "crps_test": 0.054489917821047194,
  "picp_train": 0.9614810796148108,
  "picp_test": 0.9621489621489622,
  "mpiw_train": 0.42943882984180265,
  "mpiw_test": 0.4294335131241929
}