{
  "model": "NLM",
  "dataset": "energy",
  "rmse_train": 2.8500279184001123,
  "rmse_test": 2.1936277845534478,
  "log_score_train": -1.231235764986637,
  "log_score_test": -1.1746368027758483,
  "crps_train": 0.8493664355441908,
  "crps_test": 0.7704219821230331,
  "picp_train": 0.9913294797687862,
  "picp_test": 0.9868421052631579,
  "mpiw_train": 5.396683585847588,
  "mpiw_test": 5.2632873704217396
}