{
  "model": "PNN",
  "dataset": "energy",
  "rmse_train": 2.9337378574682242,
  "rmse_test": 2.047027049453411,
  "log_score_train": -1.3765546162409277,
  "log_score_test": -1.2180774021532321,
  "crps_train": 0.9016690507717602,
  "crps_test": 0.8180884227261943,
  "picp_train": 0.9494219653179191,
  "picp_test": 0.9473684210526315,
  "mpiw_train": 5.708148655104864,
  "mpiw_test": 6.249844238319027
}