{
  "model": "NLM",
  "dataset": "boston",
  "rmse_train": 2.5841964999227187,
  "rmse_test": 3.394302446586301,
  "log_score_train": -1.9264873590318652,
  "log_score_test": -2.5038394125910584,
  "crps_train": 1.0782124612844437,
  "crps_test": 1.6353958190372158,
  "picp_train": 0.9758771929824561,
  "picp_test": 0.86,
  "mpiw_train": 8.774840476617564,
  "mpiw_test": 8.388420939698504
}