{
  "model": "PNN",
  "dataset": "boston",
  "rmse_train": 3.4048273799456372,
  "rmse_test": 3.3561016544659523,
  "log_score_train": -1.9406969674919685,
  "log_score_test": -5.823686041608314,
  "crps_train": 1.2475752106575113,
  "crps_test": 1.9905245471805781,
  "picp_train": 0.9643916913946587,
  "picp_test": 0.5976331360946746,
  "mpiw_train": 8.724908611582816,
  "mpiw_test": 5.246753951115443
}