{
  "model": "PNN",
  "dataset": "wine",
  "rmse_train": 0.5725370848409375,
  "rmse_test": 0.7737280555305464,
  "log_score_train": -0.7243285022196694,
  "log_score_test": -1.2223475850717784,
  "crps_train": 0.3060475408633826,
  "crps_test": 0.3976718892465809,
  "picp_train": 0.9680555555555556,
  "picp_test": 0.8930817610062893,
  "mpiw_train": 2.37273173129258,
  "mpiw_test": 2.562650400540329
}