{
  "model": "DNNC-R",
  "dataset": "concrete",
  "rmse_train": 4.615530203712423,
  "rmse_test": 5.590324477030185,
  "log_score_train": -3.0081572318074845,
  "log_score_test": -3.355865109305117,
  "crps_train": 2.637650554276914,
  "crps_test": 3.165629518166617,
  "picp_train": 0.9568500539374326,
  "picp_test": 0.8932038834951457,
  "mpiw_train": 22.085797542297446,
  "mpiw_test": 21.12265933596225
}