{
  "model": "PNN-E",
  "dataset": "kin8nm",
  "rmse_train": 0.06910477894253075,
  "rmse_test": 0.11057285258357011,
  "log_score_train": 1.322417884418473,
  "log_score_test": 0.9199702946924854,
  "crps_train": 0.03705645751190745,
  "crps_test": 0.057795709979823154,
  "picp_train": 0.9877289377289378,
  "picp_test": 0.9535139092240117,
  "mpiw_train": 0.32499192484350076,
  "mpiw_test": 0.39971271821363
}