{
  "model": "MC dropout",
  "dataset": "kin8nm",
  "rmse_train": 0.07537891633174437,
  "rmse_test": 0.09264043474162934,
  "log_score_train": 1.1989436755982563,
  "log_score_test": 1.0134384238001752,
  "crps_train": 0.04122772881419799,
  "crps_test": 0.050502899743148255,
  "picp_train": 0.9924908424908425,
  "picp_test": 0.9743777452415813,
  "mpiw_train": 0.3857866936203853,
  "mpiw_test": 0.4116103476371876
}