{
  "model": "NLM",
  "dataset": "energy",
  "rmse_train": 2.8475809340472433,
  "rmse_test": 2.125545598735609,
  "log_score_train": -1.3135604313257243,
  "log_score_test": -1.5460356721922792,
  "crps_train": 0.8315276567311389,
  "crps_test": 0.9350373565359944,
  "picp_train": 0.9956647398843931,
  "picp_test": 0.9868421052631579,
  "mpiw_train": 7.041850066696908,
  "mpiw_test": 8.045283579139415
}