{
  "model": "MC dropout",
  "dataset": "wine",
  "rmse_train": 0.5582076421308871,
  "rmse_test": 0.6832884306691827,
  "log_score_train": -0.6879225020839511,
  "log_score_test": -1.1900606511773857,
  "crps_train": 0.29385117635293373,
  "crps_test": 0.37143992665360254,
  "picp_train": 0.9715277777777778,
  "picp_test": 0.9056603773584906,
  "mpiw_train": 2.2650651838470246,
  "mpiw_test": 2.1573380659139745
}