{
  "model": "PNN-E",
  "dataset": "boston",
  "rmse_train": 2.5215898669342867,
  "rmse_test": 4.7512789938066335,
  "log_score_train": -1.6574823481227956,
  "log_score_test": -3.1915525463560255,
  "crps_train": 1.0408638620414652,
  "crps_test": 2.4025742336211993,
  "picp_train": 0.9851190476190477,
  "picp_test": 0.8352941176470589,
  "mpiw_train": 10.419772240356219,
  "mpiw_test": 11.58376534382994
}