{
  "model": "MC dropout",
  "dataset": "kin8nm",
  "rmse_train": 0.08582734807138226,
  "rmse_test": 0.08265906763357785,
  "log_score_train": 1.1448727532050562,
  "log_score_test": 1.165361034820617,
  "crps_train": 0.04526953986860095,
  "crps_test": 0.043896712498738416,
  "picp_train": 0.9741805530122688,
  "picp_test": 0.9769315269132186,
  "mpiw_train": 0.3515068475909088,
  "mpiw_test": 0.3467117080072203
}