{
  "model": "PNN-E",
  "dataset": "powerplant",
  "rmse_train": 4.04184822462614,
  "rmse_test": 4.016394232169086,
  "log_score_train": -2.7908735972332073,
  "log_score_test": -2.7876873779454603,
  "crps_train": 2.1936471268315008,
  "crps_test": 2.2057269661788217,
  "picp_train": 0.9695773339526242,
  "picp_test": 0.9675732217573222,
  "mpiw_train": 16.533251279959938,
  "mpiw_test": 16.491272973618415
}