{
  "model": "MC dropout",
  "dataset": "boston",
  "rmse_train": 2.8864124661004955,
  "rmse_test": 4.851905819565014,
  "log_score_train": -2.075502441201795,
  "log_score_test": -3.047267574075841,
  "crps_train": 1.2263319111838356,
  "crps_test": 2.0216159569733394,
  "picp_train": 0.9649122807017544,
  "picp_test": 0.9,
  "mpiw_train": 9.728245835579967,
  "mpiw_test": 8.951313804090004
}