{
  "model": "MC dropout",
  "dataset": "boston",
  "rmse_train": 3.5482202144670985,
  "rmse_test": 3.0315594489882307,
  "log_score_train": -2.5615269606839206,
  "log_score_test": -2.5969815216952763,
  "crps_train": 1.7807682492049135,
  "crps_test": 1.7750663534600783,
  "picp_train": 0.9890350877192983,
  "picp_test": 1.0,
  "mpiw_train": 18.776741198468155,
  "mpiw_test": 17.175366494632726
}