{
  "model": "NLM",
  "dataset": "boston",
  "rmse_train": 2.9450444657485058,
  "rmse_test": 6.67101696593836,
  "log_score_train": -1.8100572966635293,
  "log_score_test": -4.002025927574901,
  "crps_train": 1.0719891593823818,
  "crps_test": 3.910575597310846,
  "picp_train": 0.9880952380952381,
  "picp_test": 0.6352941176470588,
  "mpiw_train": 8.793844063861968,
  "mpiw_test": 11.538623420414355
}