{
  "model": "PNN",
  "dataset": "concrete",
  "rmse_train": 5.2429902198175045,
  "rmse_test": 7.8783261824233355,
  "log_score_train": -3.007549434134343,
  "log_score_test": -3.8930889895054173,
  "crps_train": 2.7415261668575273,
  "crps_test": 4.3771484695413445,
  "picp_train": 0.9039301310043668,
  "picp_test": 0.7784256559766763,
  "mpiw_train": 17.541787524410186,
  "mpiw_test": 20.982462171528528
}