{
  "model": "MC dropout",
  "dataset": "yacht",
  "rmse_train": 1.0757542690590502,
  "rmse_test": 0.9686940139318369,
  "log_score_train": -1.93256368768121,
  "log_score_test": -1.9746242252823505,
  "crps_train": 0.8175246051761594,
  "crps_test": 0.8155800772799048,
  "picp_train": 0.9712230215827338,
  "picp_test": 1.0,
  "mpiw_train": 10.390971023677148,
  "mpiw_test": 11.184593422280567
}