{
  "model": "NLM-E",
  "dataset": "energy",
  "rmse_train": 2.07491386571369,
  "rmse_test": 4.148771239107257,
  "log_score_train": -1.3419420187992337,
  "log_score_test": -2.5340529899358706,
  "crps_train": 0.9351934070042199,
  "crps_test": 1.730204657108092,
  "picp_train": 0.994140625,
  "picp_test": 0.87109375,
  "mpiw_train": 10.356438285595445,
  "mpiw_test": 12.024452925323871
}