{
  "model": "NLM",
  "dataset": "energy",
  "rmse_train": 2.8996217701101177,
  "rmse_test": 2.1447289503572677,
  "log_score_train": -1.2969876424662212,
  "log_score_test": -1.3484408557848753,
  "crps_train": 0.8705933386372954,
  "crps_test": 0.7754811887911752,
  "picp_train": 0.9841040462427746,
  "picp_test": 0.9736842105263158,
  "mpiw_train": 6.369686128761396,
  "mpiw_test": 6.122627913807332
}