{
  "model": "NLM-E",
  "dataset": "wine",
  "rmse_train": 0.5321951933084038,
  "rmse_test": 0.9563688657094803,
  "log_score_train": -0.6449900076004897,
  "log_score_test": -1.2685757539931701,
  "crps_train": 0.2832562406397239,
  "crps_test": 0.4783535077599463,
  "picp_train": 0.9755868544600939,
  "picp_test": 0.9232209737827716,
  "mpiw_train": 2.1799152687272434,
  "mpiw_test": 3.2377535286434243
}