{
  "model": "DNNC-R",
  "dataset": "kin8nm",
  "rmse_train": 0.08532511950165635,
  "rmse_test": 0.10182068785751777,
  "log_score_train": 0.8796163656665695,
  "log_score_test": 0.5202063663953445,
  "crps_train": 0.050879426912519364,
  "crps_test": 0.05955535754754109,
  "picp_train": 0.963003663003663,
  "picp_test": 0.8982430453879942,
  "mpiw_train": 0.43797100974285047,
  "mpiw_test": 0.4014321499585108
}