{
  "model": "MC dropout",
  "dataset": "yacht",
  "rmse_train": 1.302105327688562,
  "rmse_test": 1.1318664249924917,
  "log_score_train": -2.1095825820021914,
  "log_score_test": -2.0983837592393635,
  "crps_train": 0.935574282186202,
  "crps_test": 0.9018715247426301,
  "picp_train": 1.0,
  "picp_test": 1.0,
  "mpiw_train": 13.092910836722545,
  "mpiw_test": 12.976105517396636
}