{
  "model": "NLM-E",
  "dataset": "concrete",
  "rmse_train": 4.426890388427658,
  "rmse_test": 6.097669341922176,
  "log_score_train": -2.754877473924428,
  "log_score_test": -3.0762772256763697,
  "crps_train": 2.26835593523963,
  "crps_test": 3.095911612276145,
  "picp_train": 0.9935275080906149,
  "picp_test": 0.941747572815534,
  "mpiw_train": 21.002190240733594,
  "mpiw_test": 20.753344779209286
}