{
  "model": "MC dropout",
  "dataset": "yacht",
  "rmse_train": 2.0838073661650753,
  "rmse_test": 2.0414133813469104,
  "log_score_train": -2.117556702262567,
  "log_score_test": -2.0248755072061995,
  "crps_train": 1.1620346123051113,
  "crps_test": 1.0405769983303528,
  "picp_train": 1.0,
  "picp_test": 1.0,
  "mpiw_train": 15.009736687886981,
  "mpiw_test": 13.114560005101966
}