{
  "model": "NLM-E",
  "dataset": "wine",
  "rmse_train": 0.5717512836605818,
  "rmse_test": 0.6390407879141681,
  "log_score_train": -0.719746117414436,
  "log_score_test": -0.9925097700282115,
  "crps_train": 0.3049942552530139,
  "crps_test": 0.35931487051538885,
  "picp_train": 0.9631944444444445,
  "picp_test": 0.9119496855345912,
  "mpiw_train": 2.254110359218505,
  "mpiw_test": 2.4340715790893865
}