{
  "model": "DNNC-R",
  "dataset": "kin8nm",
  "rmse_train": 0.08305564723010352,
  "rmse_test": 0.09036415224090065,
  "log_score_train": 0.9026355066828732,
  "log_score_test": 0.8420940881986513,
  "crps_train": 0.04909240744649278,
  "crps_test": 0.05284050199969764,
  "picp_train": 0.9612098196120982,
  "picp_test": 0.9560439560439561,
  "mpiw_train": 0.4185994680669105,
  "mpiw_test": 0.41562580566718005
}