{
  "model": "PNN",
  "dataset": "boston",
  "rmse_train": 2.8965139625348866,
  "rmse_test": 3.7431855486255863,
  "log_score_train": -2.0005455430272425,
  "log_score_test": -2.7237946619736473,
  "crps_train": 1.2246682610377957,
  "crps_test": 1.6111399152169277,
  "picp_train": 0.9703264094955489,
  "picp_test": 0.8698224852071006,
  "mpiw_train": 9.268458091762273,
  "mpiw_test": 8.498991606531561
}