{
  "model": "PBP",
  "dataset": "kin8nm",
  "rmse_train": 0.10390652282646809,
  "rmse_test": 0.09737325204560368,
  "log_score_train": 0.8324504048785382,
  "log_score_test": 0.8804559481010583,
  "crps_train": 0.05798636643864765,
  "crps_test": 0.05495252006391425,
  "picp_train": 0.9650247207471159,
  "picp_test": 0.9743683632369096,
  "mpiw_train": 0.4587786341641051,
  "mpiw_test": 0.4586682013219858
}