{
  "model": "MC dropout",
  "dataset": "boston",
  "rmse_train": 2.0191659425459787,
  "rmse_test": 7.067396948518544,
  "log_score_train": -1.9285577398558738,
  "log_score_test": -3.715671878738599,
  "crps_train": 0.9926383957271974,
  "crps_test": 3.6431551493308074,
  "picp_train": 0.9910714285714286,
  "picp_test": 0.6882352941176471,
  "mpiw_train": 9.784867833088216,
  "mpiw_test": 12.753608012550236
}