{
  "model": "NLM",
  "dataset": "kin8nm",
  "rmse_train": 0.07833394653684646,
  "rmse_test": 0.07457894308761537,
  "log_score_train": 1.2363882889829632,
  "log_score_test": 1.2290689587120502,
  "crps_train": 0.04140967122614853,
  "crps_test": 0.040997542975380365,
  "picp_train": 0.9794909357260575,
  "picp_test": 0.9604540461369462,
  "mpiw_train": 0.34231748947423263,
  "mpiw_test": 0.3037800265710353
}