{
  "model": "NLM",
  "dataset": "kin8nm",
  "rmse_train": 0.07557867449277036,
  "rmse_test": 0.08219748637357147,
  "log_score_train": 1.3034584456439475,
  "log_score_test": 1.173597124885621,
  "crps_train": 0.039022589994776154,
  "crps_test": 0.04415938174618744,
  "picp_train": 0.9776597692730269,
  "picp_test": 0.9443427316001465,
  "mpiw_train": 0.3195984950464335,
  "mpiw_test": 0.30528603762964956
}