{
  "model": "PBP",
  "dataset": "wine",
  "rmse_train": 0.55779844612706,
  "rmse_test": 0.7757821413778271,
  "log_score_train": -0.8346514317357945,
  "log_score_test": -1.2594334886394678,
  "crps_train": 0.3091967519111775,
  "crps_test": 0.4306882715109711,
  "picp_train": 0.9446009389671362,
  "picp_test": 0.8782771535580525,
  "mpiw_train": 2.225703851385817,
  "mpiw_test": 2.2552334830999903
}