{
  "model": "DNNC-R",
  "dataset": "kin8nm",
  "rmse_train": 0.08727291596143458,
  "rmse_test": 0.09136773782817262,
  "log_score_train": 0.8484863596298008,
  "log_score_test": 0.7577005657152018,
  "crps_train": 0.05201258087909463,
  "crps_test": 0.05395826168689042,
  "picp_train": 0.9662281296622813,
  "picp_test": 0.9548229548229549,
  "mpiw_train": 0.453742544843439,
  "mpiw_test": 0.44493612388022746
}