{
  "model": "MC dropout",
  "dataset": "kin8nm",
  "rmse_train": 0.08412677706236073,
  "rmse_test": 0.08480121956415869,
  "log_score_train": 1.0559155240096822,
  "log_score_test": 1.0642902816350313,
  "crps_train": 0.04680198150309502,
  "crps_test": 0.04667598497001185,
  "picp_train": 0.9948460599484606,
  "picp_test": 0.9951159951159951,
  "mpiw_train": 0.44533066622066425,
  "mpiw_test": 0.4434731118377541
}