{
  "model": "PNN-E",
  "dataset": "wine",
  "rmse_train": 0.5499454281604996,
  "rmse_test": 0.5805858153359125,
  "log_score_train": -0.725620597479612,
  "log_score_test": -0.8958935839803276,
  "crps_train": 0.2966033150538057,
  "crps_test": 0.32859264364418583,
  "picp_train": 0.9715277777777778,
  "picp_test": 0.949685534591195,
  "mpiw_train": 2.3596408361401875,
  "mpiw_test": 2.380522577837961
}