{
  "model": "DNNC-R",
  "dataset": "yacht",
  "rmse_train": 3.6471398419141674,
  "rmse_test": 4.298738344807722,
  "log_score_train": -1.1783345967451078,
  "log_score_test": -1.177495576761687,
  "crps_train": 3.9153635685862445,
  "crps_test": 6.9196528815492595,
  "picp_train": 0.8992805755395683,
  "picp_test": 0.8,
  "mpiw_train": 21.785714758035407,
  "mpiw_test": 30.184998856752546
}