{
  "model": "DNNC-R",
  "dataset": "concrete",
  "rmse_train": 4.568620747141302,
  "rmse_test": 5.450559331677964,
  "log_score_train": -2.962476974140682,
  "log_score_test": -3.302901304827983,
  "crps_train": 2.5810301177377486,
  "crps_test": 2.9977572936142924,
  "picp_train": 0.9492988133764833,
  "picp_test": 0.9029126213592233,
  "mpiw_train": 21.02335645363482,
  "mpiw_test": 20.89403030051987
}