{
  "model": "DNNC-R",
  "dataset": "kin8nm",
  "rmse_train": 0.07938895301172404,
  "rmse_test": 0.10258005746522107,
  "log_score_train": 0.9651252719526681,
  "log_score_test": 0.5194753338590311,
  "crps_train": 0.046778963148241974,
  "crps_test": 0.05906018620894682,
  "picp_train": 0.9587912087912088,
  "picp_test": 0.8792093704245973,
  "mpiw_train": 0.39511606435906177,
  "mpiw_test": 0.35084646669442304
}