{
  "model": "NLM",
  "dataset": "kin8nm",
  "rmse_train": 0.08253966725278063,
  "rmse_test": 0.0754881807433825,
  "log_score_train": 1.2289741697971204,
  "log_score_test": 1.219470617281725,
  "crps_train": 0.04260231959929189,
  "crps_test": 0.0414400559480924,
  "picp_train": 0.9774766526277239,
  "picp_test": 0.9564262175027463,
  "mpiw_train": 0.3430321380360361,
  "mpiw_test": 0.3049681588838826
}