{
  "model": "DNNC-R",
  "dataset": "yacht",
  "rmse_train": 4.680963092869876,
  "rmse_test": 7.695850745767816,
  "log_score_train": -1.2423868068409238,
  "log_score_test": -7.4158903650344445,
  "crps_train": 3.6733871209818223,
  "crps_test": 3.6660828005646953,
  "picp_train": 0.9313725490196079,
  "picp_test": 0.7019230769230769,
  "mpiw_train": 23.631419838550194,
  "mpiw_test": 15.899328459355655
}