{
  "model": "MC dropout",
  "dataset": "kin8nm",
  "rmse_train": 0.08268918148488039,
  "rmse_test": 0.08981592365949552,
  "log_score_train": 1.142476120566131,
  "log_score_test": 1.0977789699634672,
  "crps_train": 0.04444142002758066,
  "crps_test": 0.04722924049920353,
  "picp_train": 0.9861657398616575,
  "picp_test": 0.9792429792429792,
  "mpiw_train": 0.38142829134324413,
  "mpiw_test": 0.3836679248510996
}