{
  "model": "MC dropout",
  "dataset": "wine",
  "rmse_train": 0.5612774743356689,
  "rmse_test": 0.7031756785378663,
  "log_score_train": -0.7313277716125763,
  "log_score_test": -1.1006622401298873,
  "crps_train": 0.3019014190943361,
  "crps_test": 0.37292593920645933,
  "picp_train": 0.9520833333333333,
  "picp_test": 0.8742138364779874,
  "mpiw_train": 2.0970223865143973,
  "mpiw_test": 2.1065211883040478
}