{
  "model": "DNNC-R",
  "dataset": "kin8nm",
  "rmse_train": 0.08929177824453119,
  "rmse_test": 0.09178844956604044,
  "log_score_train": 0.8359798201665621,
  "log_score_test": 0.7844629286246639,
  "crps_train": 0.053230505931796554,
  "crps_test": 0.054431383710263966,
  "picp_train": 0.9641936796419368,
  "picp_test": 0.9597069597069597,
  "mpiw_train": 0.45694834445112004,
  "mpiw_test": 0.44842744507684384
}