{
  "model": "NLM-E",
  "dataset": "kin8nm",
  "rmse_train": 0.07024023470507816,
  "rmse_test": 0.07921418445785222,
  "log_score_train": 1.3279304545933337,
  "log_score_test": 1.206055802418856,
  "crps_train": 0.03704012343964379,
  "crps_test": 0.04254508546859745,
  "picp_train": 0.9884636513459073,
  "picp_test": 0.9652142072500915,
  "mpiw_train": 0.3231477071625287,
  "mpiw_test": 0.31754078073319636
}