{
  "model": "PNN-E",
  "dataset": "kin8nm",
  "rmse_train": 0.0742875721664552,
  "rmse_test": 0.08121127926873765,
  "log_score_train": 1.271847651594416,
  "log_score_test": 1.1988502154893792,
  "crps_train": 0.03906918597832199,
  "crps_test": 0.042641692977321025,
  "picp_train": 0.9875220398752204,
  "picp_test": 0.9841269841269841,
  "mpiw_train": 0.3420489910853604,
  "mpiw_test": 0.3526280683732978
}