{
  "model": "NLM",
  "dataset": "boston",
  "rmse_train": 2.6004262845256445,
  "rmse_test": 5.048963265864126,
  "log_score_train": -1.9728713938834461,
  "log_score_test": -2.9308390754914173,
  "crps_train": 1.098680536092811,
  "crps_test": 2.2266257260981512,
  "picp_train": 0.9846491228070176,
  "picp_test": 0.84,
  "mpiw_train": 9.941240457878749,
  "mpiw_test": 9.202399973084013
}