{
  "model": "NLM",
  "dataset": "wine",
  "rmse_train": 0.5498977680017004,
  "rmse_test": 0.7702379555415709,
  "log_score_train": -0.7332444887688875,
  "log_score_test": -1.3411329785863755,
  "crps_train": 0.2995470388029837,
  "crps_test": 0.432200832691185,
  "picp_train": 0.9690140845070423,
  "picp_test": 0.846441947565543,
  "mpiw_train": 2.231532808983738,
  "mpiw_test": 2.790159834974971
}