{
  "model": "NLM",
  "dataset": "kin8nm",
  "rmse_train": 0.07506968299902153,
  "rmse_test": 0.09247974277333525,
  "log_score_train": 1.2549631784678055,
  "log_score_test": 1.0888267866789256,
  "crps_train": 0.04007530395977004,
  "crps_test": 0.04873072280636037,
  "picp_train": 0.9877311847646951,
  "picp_test": 0.947638227755401,
  "mpiw_train": 0.35520291967763223,
  "mpiw_test": 0.3511855601359539
}