{
  "model": "NLM-E",
  "dataset": "energy",
  "rmse_train": 2.9651343381532675,
  "rmse_test": 2.211564841241465,
  "log_score_train": -1.33954359248041,
  "log_score_test": -1.4490306833306466,
  "crps_train": 0.903458941468926,
  "crps_test": 0.8689175003739648,
  "picp_train": 0.9927745664739884,
  "picp_test": 0.9868421052631579,
  "mpiw_train": 7.109468389949193,
  "mpiw_test": 7.286034692823943
}