{
  "model": "PNN",
  "dataset": "wine",
  "rmse_train": 0.5400747509114553,
  "rmse_test": 0.6789830919697188,
  "log_score_train": -0.6585597418342797,
  "log_score_test": -1.3047258550123428,
  "crps_train": 0.28756857305188743,
  "crps_test": 0.3803694260618787,
  "picp_train": 0.974671669793621,
  "picp_test": 0.8592870544090057,
  "mpiw_train": 2.2894257578140578,
  "mpiw_test": 2.2463171707726213
}