{
  "model": "NLM-E",
  "dataset": "kin8nm",
  "rmse_train": 0.07223486701235764,
  "rmse_test": 0.07257733669330077,
  "log_score_train": 1.2945471543406457,
  "log_score_test": 1.274078375159905,
  "crps_train": 0.038251811711281745,
  "crps_test": 0.039068264425722476,
  "picp_train": 0.9907771599077716,
  "picp_test": 0.9816849816849816,
  "mpiw_train": 0.3388220678631892,
  "mpiw_test": 0.34098616181472996
}