{
  "model": "MC dropout",
  "dataset": "powerplant",
  "rmse_train": 3.8791372758895806,
  "rmse_test": 5.0293914151509265,
  "log_score_train": -2.750969407572917,
  "log_score_test": -3.057019802666742,
  "crps_train": 2.13265696375937,
  "crps_test": 2.8006332805710197,
  "picp_train": 0.9724051426779555,
  "picp_test": 0.9536050156739811,
  "mpiw_train": 16.324140437181633,
  "mpiw_test": 20.657671764476706
}