{
  "model": "NLM",
  "dataset": "concrete",
  "rmse_train": 4.653389394870869,
  "rmse_test": 5.922698629623076,
  "log_score_train": -2.7492339609764467,
  "log_score_test": -2.9787977977145084,
  "crps_train": 2.3324448853233113,
  "crps_test": 2.9574663200921125,
  "picp_train": 0.9719525350593312,
  "picp_test": 0.9223300970873787,
  "mpiw_train": 18.3881402398046,
  "mpiw_test": 18.6345582491536
}