{
  "model": "MC dropout",
  "dataset": "kin8nm",
  "rmse_train": 0.08478388366983369,
  "rmse_test": 0.08577414192068175,
  "log_score_train": 1.1447875735743704,
  "log_score_test": 1.1204531927417258,
  "crps_train": 0.04489915056799211,
  "crps_test": 0.04618038225112987,
  "picp_train": 0.9806049098060491,
  "picp_test": 0.9792429792429792,
  "mpiw_train": 0.3693481934534763,
  "mpiw_test": 0.3723029416202232
}