{
  "model": "DNNC-R",
  "dataset": "wine",
  "rmse_train": 0.4763221208322811,
  "rmse_test": 0.79302302458597,
  "log_score_train": 0.0011914519653101903,
  "log_score_test": -2.9614378075266203,
  "crps_train": 0.24171943762807843,
  "crps_test": 0.4622029371463224,
  "picp_train": 0.9699530516431925,
  "picp_test": 0.6722846441947565,
  "mpiw_train": 1.9609662986701017,
  "mpiw_test": 1.3672423984166642
}