{
  "model": "PBP",
  "dataset": "kin8nm",
  "rmse_train": 0.09733694738360843,
  "rmse_test": 0.11970605808952668,
  "log_score_train": 0.9007558072085657,
  "log_score_test": 0.6927520846627905,
  "crps_train": 0.05434710048116949,
  "crps_test": 0.06596995986164175,
  "picp_train": 0.9642922541659037,
  "picp_test": 0.918711094837056,
  "mpiw_train": 0.42332797545733175,
  "mpiw_test": 0.423253692081246
}