{
  "model": "PNN-E",
  "dataset": "concrete",
  "rmse_train": 4.4203642189399535,
  "rmse_test": 5.611721919603946,
  "log_score_train": -2.7736925728669077,
  "log_score_test": -3.026603993457654,
  "crps_train": 2.3016738549262543,
  "crps_test": 2.9569821467247808,
  "picp_train": 0.9810771470160117,
  "picp_test": 0.9533527696793003,
  "mpiw_train": 19.841866641807542,
  "mpiw_test": 20.252478099148608
}