{
  "model": "PNN",
  "dataset": "concrete",
  "rmse_train": 4.942904833082658,
  "rmse_test": 10.966321209837085,
  "log_score_train": -2.7702111339574986,
  "log_score_test": -6.820141710340144,
  "crps_train": 2.4182587845119263,
  "crps_test": 6.435521026616884,
  "picp_train": 0.9693877551020408,
  "picp_test": 0.6337209302325582,
  "mpiw_train": 17.780792702656786,
  "mpiw_test": 19.340848203433954
}