{
  "model": "PNN-E",
  "dataset": "wine",
  "rmse_train": 0.5400780399395779,
  "rmse_test": 0.6704966012874232,
  "log_score_train": -0.6995645093000762,
  "log_score_test": -1.048126868650587,
  "crps_train": 0.29112019563879804,
  "crps_test": 0.3657094217122616,
  "picp_train": 0.9694444444444444,
  "picp_test": 0.8930817610062893,
  "mpiw_train": 2.2637177943800175,
  "mpiw_test": 2.223926311119727
}