{
  "model": "PNN-E",
  "dataset": "powerplant",
  "rmse_train": 4.032816971990288,
  "rmse_test": 4.004271726871494,
  "log_score_train": -2.793851156903661,
  "log_score_test": -2.7879479647373566,
  "crps_train": 2.190084969538792,
  "crps_test": 2.1868002546350396,
  "picp_train": 0.9736414305620065,
  "picp_test": 0.9654811715481172,
  "mpiw_train": 17.004354268634824,
  "mpiw_test": 16.94325573320193
}