{
  "model": "DNNC-R",
  "dataset": "yacht",
  "rmse_train": 4.6394876776310054,
  "rmse_test": 5.315668436531913,
  "log_score_train": -1.6897385509972034,
  "log_score_test": -1.7306832131055698,
  "crps_train": 3.327732586503705,
  "crps_test": 3.962606065506429,
  "picp_train": 0.9532374100719424,
  "picp_test": 0.9666666666666667,
  "mpiw_train": 30.97273549242878,
  "mpiw_test": 37.159181189523586
}