{
  "model": "MC dropout",
  "dataset": "concrete",
  "rmse_train": 5.977771160007719,
  "rmse_test": 8.635539580719787,
  "log_score_train": -3.205003695367179,
  "log_score_test": -3.450655839436607,
  "crps_train": 3.289427043108628,
  "crps_test": 4.620479309455127,
  "picp_train": 0.9956268221574344,
  "picp_test": 0.9738372093023255,
  "mpiw_train": 32.34358285702736,
  "mpiw_test": 31.302721133153238
}