{
  "model": "MC dropout",
  "dataset": "kin8nm",
  "rmse_train": 0.08721375516111618,
  "rmse_test": 0.08860782746068302,
  "log_score_train": 1.066709233383831,
  "log_score_test": 1.0405457456213778,
  "crps_train": 0.04745422038637975,
  "crps_test": 0.04870408888718472,
  "picp_train": 0.9913196799131968,
  "picp_test": 0.9829059829059829,
  "mpiw_train": 0.42384959103832703,
  "mpiw_test": 0.4395933945456005
}