{
  "model": "NLM",
  "dataset": "yacht",
  "rmse_train": 1.0459266213604674,
  "rmse_test": 0.6359423030984573,
  "log_score_train": -1.2072487678663386,
  "log_score_test": -1.0668143647497375,
  "crps_train": 0.5017108912933286,
  "crps_test": 0.3671385819063528,
  "picp_train": 1.0,
  "picp_test": 1.0,
  "mpiw_train": 6.522738844518615,
  "mpiw_test": 5.056896808397723
}