{
  "model": "MC dropout",
  "dataset": "wine",
  "rmse_train": 0.5617581221106909,
  "rmse_test": 0.8339311735930902,
  "log_score_train": -0.7710027754227862,
  "log_score_test": -1.2816245761622447,
  "crps_train": 0.30641412436914434,
  "crps_test": 0.4759779330790496,
  "picp_train": 0.9774647887323944,
  "picp_test": 0.9812734082397003,
  "mpiw_train": 2.424507918475421,
  "mpiw_test": 4.59318329809489
}