{
  "model": "NLM",
  "dataset": "wine",
  "rmse_train": 0.5755166465631579,
  "rmse_test": 0.627855614980742,
  "log_score_train": -0.7102660886370409,
  "log_score_test": -1.5453794247094594,
  "crps_train": 0.3064746142752577,
  "crps_test": 0.3485427219833152,
  "picp_train": 0.9347222222222222,
  "picp_test": 0.8805031446540881,
  "mpiw_train": 1.969275437880648,
  "mpiw_test": 1.9302030529993945
}