{
  "model": "MC dropout",
  "dataset": "boston",
  "rmse_train": 2.2713388287556873,
  "rmse_test": 6.469151638616164,
  "log_score_train": -2.130865271354849,
  "log_score_test": -4.166564136755356,
  "crps_train": 1.183689446325231,
  "crps_test": 3.164877887682851,
  "picp_train": 0.9880952380952381,
  "picp_test": 0.8294117647058824,
  "mpiw_train": 11.26734153572437,
  "mpiw_test": 11.188916344939704
}