{
  "model": "NLM-E",
  "dataset": "wine",
  "rmse_train": 0.561374235647951,
  "rmse_test": 0.6637963055575772,
  "log_score_train": -0.7547919651156154,
  "log_score_test": -1.2612611809622285,
  "crps_train": 0.5664244017576733,
  "crps_test": 0.37875928503858497,
  "picp_train": 0.9680555555555556,
  "picp_test": 0.9119496855345912,
  "mpiw_train": 6.799118122003124,
  "mpiw_test": 2.6017036794122688
}