{
  "model": "PBP",
  "dataset": "kin8nm",
  "rmse_train": 0.09514876376929131,
  "rmse_test": 0.10637901175476558,
  "log_score_train": 0.9266591364424682,
  "log_score_test": 0.821473372133216,
  "crps_train": 0.05280580942164959,
  "crps_test": 0.05811074601633696,
  "picp_train": 0.9603960396039604,
  "picp_test": 0.9328449328449329,
  "mpiw_train": 0.40625796372197787,
  "mpiw_test": 0.4062750560064062
}