{
  "model": "NLM",
  "dataset": "kin8nm",
  "rmse_train": 0.07246385934476883,
  "rmse_test": 0.1024494762154885,
  "log_score_train": 1.2710224369645182,
  "log_score_test": 0.982498502941929,
  "crps_train": 0.03895845953225229,
  "crps_test": 0.053592958088699995,
  "picp_train": 0.9877289377289378,
  "picp_test": 0.9707174231332357,
  "mpiw_train": 0.3414829287910116,
  "mpiw_test": 0.41487631814457676
}