{
  "model": "MC dropout",
  "dataset": "boston",
  "rmse_train": 3.855913277637614,
  "rmse_test": 3.942561516897403,
  "log_score_train": -2.355596663434296,
  "log_score_test": -2.611547349946742,
  "crps_train": 1.527773115352607,
  "crps_test": 2.0075537744759444,
  "picp_train": 0.9970326409495549,
  "picp_test": 0.9940828402366864,
  "mpiw_train": 16.739062830975488,
  "mpiw_test": 16.207147771282624
}