{
  "model": "PBP",
  "dataset": "wine",
  "rmse_train": 0.571176703186617,
  "rmse_test": 0.6848020871292205,
  "log_score_train": -0.856165411878219,
  "log_score_test": -1.0709762421446003,
  "crps_train": 0.31769603508814054,
  "crps_test": 0.38306678573538266,
  "picp_train": 0.9446529080675422,
  "picp_test": 0.9061913696060038,
  "mpiw_train": 2.2636433938795433,
  "mpiw_test": 2.25881539871134
}