{
  "model": "MC dropout",
  "dataset": "boston",
  "rmse_train": 2.6437069708363055,
  "rmse_test": 6.294820040056899,
  "log_score_train": -2.3262475294284375,
  "log_score_test": -2.702613063894118,
  "crps_train": 1.4200322843352553,
  "crps_test": 2.4430122562532834,
  "picp_train": 0.9890350877192983,
  "picp_test": 0.96,
  "mpiw_train": 14.45112071989755,
  "mpiw_test": 14.537337936302174
}