{
  "model": "PBP",
  "dataset": "yacht",
  "rmse_train": 0.7568007112529292,
  "rmse_test": 1.377912379458091,
  "log_score_train": -1.5588510800735123,
  "log_score_test": -1.7562117804057538,
  "crps_train": 0.5202229796257642,
  "crps_test": 0.7111395645844379,
  "picp_train": 0.9964028776978417,
  "picp_test": 0.9666666666666667,
  "mpiw_train": 6.812035165203848,
  "mpiw_test": 6.8508638528459045
}