{
  "model": "DNNC-R",
  "dataset": "energy",
  "rmse_train": 2.4261802087243574,
  "rmse_test": 3.189179122433951,
  "log_score_train": -1.7891895195790586,
  "log_score_test": -2.152784637113088,
  "crps_train": 0.9551206069448176,
  "crps_test": 1.1653286054944239,
  "picp_train": 0.9812138728323699,
  "picp_test": 0.9868421052631579,
  "mpiw_train": 9.424688960736875,
  "mpiw_test": 10.216018289235045
}