{
  "model": "NLM",
  "dataset": "boston",
  "rmse_train": 2.94435379502283,
  "rmse_test": 3.104819603916769,
  "log_score_train": -2.112431669166522,
  "log_score_test": -2.389592927727188,
  "crps_train": 1.2429413017493844,
  "crps_test": 1.4110762137639568,
  "picp_train": 0.9881305637982196,
  "picp_test": 0.9585798816568047,
  "mpiw_train": 11.417245301799923,
  "mpiw_test": 9.36491695723178
}