{
  "model": "MC dropout",
  "dataset": "kin8nm",
  "rmse_train": 0.08193437641778624,
  "rmse_test": 0.09653652475492798,
  "log_score_train": 1.1670931114025778,
  "log_score_test": 1.0639844189685084,
  "crps_train": 0.043737684487685655,
  "crps_test": 0.04962411413131373,
  "picp_train": 0.982368099823681,
  "picp_test": 0.9682539682539683,
  "mpiw_train": 0.36754626319478717,
  "mpiw_test": 0.3702175917489946
}