{
  "model": "NLM-E",
  "dataset": "wine",
  "rmse_train": 0.5737740467273728,
  "rmse_test": 0.6360088803536301,
  "log_score_train": -0.7454982202818589,
  "log_score_test": -1.0168162530377347,
  "crps_train": 0.3205599312392696,
  "crps_test": 0.3525267378735725,
  "picp_train": 0.9611111111111111,
  "picp_test": 0.9245283018867925,
  "mpiw_train": 2.5834605337162295,
  "mpiw_test": 2.473592290274364
}