{
  "model": "DNNC-R",
  "dataset": "powerplant",
  "rmse_train": 5.149626299664732,
  "rmse_test": 5.338931651715154,
  "log_score_train": -3.37215684197792,
  "log_score_test": -3.3704367250177727,
  "crps_train": 3.3997990034968875,
  "crps_test": 3.4426853773949135,
  "picp_train": 0.9634231305155597,
  "picp_test": 0.9696652719665272,
  "mpiw_train": 31.852549767767663,
  "mpiw_test": 31.940536306001956
}