{
  "model": "PNN",
  "dataset": "wine",
  "rmse_train": 0.5910128067999648,
  "rmse_test": 0.664989522854125,
  "log_score_train": -0.8013653295687315,
  "log_score_test": -1.309137513241045,
  "crps_train": 0.33721705429437776,
  "crps_test": 0.3690218715126148,
  "picp_train": 0.9643527204502814,
  "picp_test": 0.874296435272045,
  "mpiw_train": 2.784170497491992,
  "mpiw_test": 2.109603204366032
}