{
  "model": "PNN-E",
  "dataset": "energy",
  "rmse_train": 2.9784014513129895,
  "rmse_test": 2.15199178451084,
  "log_score_train": -1.3048789826267027,
  "log_score_test": -1.5389499425164346,
  "crps_train": 0.8779415780454701,
  "crps_test": 0.8515734302531126,
  "picp_train": 0.9956647398843931,
  "picp_test": 0.9868421052631579,
  "mpiw_train": 6.523612476232803,
  "mpiw_test": 6.632813267488901
}