{
  "model": "MC dropout",
  "dataset": "wine",
  "rmse_train": 0.6567879273982214,
  "rmse_test": 0.6054391400860718,
  "log_score_train": -0.8923443457675343,
  "log_score_test": -0.9181717789318207,
  "crps_train": 0.35168097573602414,
  "crps_test": 0.33599218338520265,
  "picp_train": 0.9645833333333333,
  "picp_test": 0.9622641509433962,
  "mpiw_train": 2.7596379235852173,
  "mpiw_test": 2.508042894152088
}