{
  "model": "DNNC-R",
  "dataset": "powerplant",
  "rmse_train": 4.423472596243965,
  "rmse_test": 6.249618405756773,
  "log_score_train": -3.3372318152988796,
  "log_score_test": -3.6809398827724955,
  "crps_train": 3.1493910037478487,
  "crps_test": 3.7812144658333686,
  "picp_train": 0.9614299153339605,
  "picp_test": 0.8931034482758621,
  "mpiw_train": 31.94354045316558,
  "mpiw_test": 27.81892578969639
}