{
  "model": "NLM-E",
  "dataset": "kin8nm",
  "rmse_train": 0.0729528283904955,
  "rmse_test": 0.07514453134750777,
  "log_score_train": 1.277413902341667,
  "log_score_test": 1.278036764654089,
  "crps_train": 0.038701681213543414,
  "crps_test": 0.0388265900299002,
  "picp_train": 0.9911840499118405,
  "picp_test": 0.9877899877899878,
  "mpiw_train": 0.3506916436175338,
  "mpiw_test": 0.3382435453576938
}