{
  "model": "MC dropout",
  "dataset": "energy",
  "rmse_train": 2.696035931280718,
  "rmse_test": 2.0860204269969134,
  "log_score_train": -1.5866566343509159,
  "log_score_test": -1.5039661687754693,
  "crps_train": 0.8811091421076089,
  "crps_test": 0.8203468875114776,
  "picp_train": 0.976878612716763,
  "picp_test": 0.9868421052631579,
  "mpiw_train": 7.368333565523569,
  "mpiw_test": 7.887545393398616
}