{
  "model": "PNN-E",
  "dataset": "kin8nm",
  "rmse_train": 0.07222990304417025,
  "rmse_test": 0.07932527627942873,
  "log_score_train": 1.2746071414988476,
  "log_score_test": 1.212631950417616,
  "crps_train": 0.03893481372791408,
  "crps_test": 0.04228587249156099,
  "picp_train": 0.9869987181834828,
  "picp_test": 0.975100695715855,
  "mpiw_train": 0.33823433163555783,
  "mpiw_test": 0.33409482082463776
}