{
  "model": "MC dropout",
  "dataset": "wine",
  "rmse_train": 0.5434478588085105,
  "rmse_test": 0.8059053295172764,
  "log_score_train": -0.778830246441233,
  "log_score_test": -1.1312070549976891,
  "crps_train": 0.30133429029549,
  "crps_test": 0.4298144487918118,
  "picp_train": 0.9755868544600939,
  "picp_test": 0.9288389513108615,
  "mpiw_train": 2.405519068911994,
  "mpiw_test": 2.8801303902461037
}