{
  "model": "PNN",
  "dataset": "kin8nm",
  "rmse_train": 0.08674412919222126,
  "rmse_test": 0.08753134362094227,
  "log_score_train": 1.1839167118796254,
  "log_score_test": 1.1111278109930112,
  "crps_train": 0.044669531488754265,
  "crps_test": 0.046923413306597904,
  "picp_train": 0.9602604096026041,
  "picp_test": 0.9291819291819292,
  "mpiw_train": 0.32629291156521384,
  "mpiw_test": 0.32578324791124974
}