{
  "model": "MC dropout",
  "dataset": "kin8nm",
  "rmse_train": 0.07612405691294162,
  "rmse_test": 0.08377685890221923,
  "log_score_train": 1.1944071851216227,
  "log_score_test": 1.1274924540570601,
  "crps_train": 0.04167921122717192,
  "crps_test": 0.04552131125289685,
  "picp_train": 0.9840688518586339,
  "picp_test": 0.9736360307579641,
  "mpiw_train": 0.3543989159406919,
  "mpiw_test": 0.3498785082443906
}