{
  "model": "MC dropout",
  "dataset": "wine",
  "rmse_train": 0.5763504128670913,
  "rmse_test": 0.5344063208135944,
  "log_score_train": -0.7903894404353337,
  "log_score_test": -0.8158009306021294,
  "crps_train": 0.31288477800915504,
  "crps_test": 0.30674745400603304,
  "picp_train": 0.9673611111111111,
  "picp_test": 0.9622641509433962,
  "mpiw_train": 2.5067240920674503,
  "mpiw_test": 2.6382996900571807
}