{
  "model": "NLM",
  "dataset": "concrete",
  "rmse_train": 4.627138020264993,
  "rmse_test": 4.909950413796999,
  "log_score_train": -2.7483221100033814,
  "log_score_test": -2.843370938344747,
  "crps_train": 2.341351623567799,
  "crps_test": 2.5390260712514325,
  "picp_train": 0.9816612729234089,
  "picp_test": 0.9611650485436893,
  "mpiw_train": 19.042570985358978,
  "mpiw_test": 17.808805664328034
}