{
  "model": "DNNC-R",
  "dataset": "powerplant",
  "rmse_train": 4.524992270837634,
  "rmse_test": 4.620547126832257,
  "log_score_train": -3.298816218856168,
  "log_score_test": -3.3111798948954014,
  "crps_train": 3.069391117795805,
  "crps_test": 3.117281214908056,
  "picp_train": 0.9532048304691129,
  "picp_test": 0.950836820083682,
  "mpiw_train": 31.150074878158787,
  "mpiw_test": 31.01914756357172
}