{
  "model": "NLM",
  "dataset": "boston",
  "rmse_train": 2.9814990154822074,
  "rmse_test": 4.24143679439227,
  "log_score_train": -1.9640334217786204,
  "log_score_test": -2.628382086739563,
  "crps_train": 1.2042039781928615,
  "crps_test": 1.6381773832321118,
  "picp_train": 0.9627192982456141,
  "picp_test": 0.88,
  "mpiw_train": 8.093596792619286,
  "mpiw_test": 8.234602849203448
}