{
  "model": "NLM-E",
  "dataset": "wine",
  "rmse_train": 0.5773914480786915,
  "rmse_test": 0.6180571275071407,
  "log_score_train": -0.6964452569868226,
  "log_score_test": -0.9780447568731518,
  "crps_train": 0.30282097320573903,
  "crps_test": 0.34624986778765815,
  "picp_train": 0.9765478424015009,
  "picp_test": 0.9136960600375235,
  "mpiw_train": 2.3780682645562545,
  "mpiw_test": 2.3074348351280585
}