{
  "model": "DNNC-R",
  "dataset": "concrete",
  "rmse_train": 4.543922675993909,
  "rmse_test": 5.513272024791661,
  "log_score_train": -2.958580313981609,
  "log_score_test": -3.3005257746739862,
  "crps_train": 2.5411664524090254,
  "crps_test": 2.9427061499223166,
  "picp_train": 0.9514563106796117,
  "picp_test": 0.9320388349514563,
  "mpiw_train": 20.725632307295506,
  "mpiw_test": 20.84429401747288
}