{
  "model": "MC dropout",
  "dataset": "wine",
  "rmse_train": 0.5913078313100262,
  "rmse_test": 0.6349063251275744,
  "log_score_train": -0.8268458685263433,
  "log_score_test": -0.946861642922749,
  "crps_train": 0.3234592990613695,
  "crps_test": 0.3522039832514917,
  "picp_train": 0.9770833333333333,
  "picp_test": 0.9685534591194969,
  "mpiw_train": 2.6331627232893204,
  "mpiw_test": 2.776896991917218
}