{
  "model": "NLM",
  "dataset": "boston",
  "rmse_train": 1.8088885551074239,
  "rmse_test": 7.620232858132575,
  "log_score_train": -1.892909064480675,
  "log_score_test": -7.249711997967559,
  "crps_train": 0.9261094278063724,
  "crps_test": 4.620121962606446,
  "picp_train": 0.9821428571428571,
  "picp_test": 0.4470588235294118,
  "mpiw_train": 8.464213248523052,
  "mpiw_test": 9.195378242835964
}