{
  "model": "PNN",
  "dataset": "boston",
  "rmse_train": 2.7464482294594563,
  "rmse_test": 16.409096187662993,
  "log_score_train": -1.792903502971333,
  "log_score_test": -364.85978664823824,
  "crps_train": 1.0339520263639568,
  "crps_test": 7.671238198096679,
  "picp_train": 0.9553571428571429,
  "picp_test": 0.5117647058823529,
  "mpiw_train": 7.897937615015029,
  "mpiw_test": 7.846658750328585
}