{
  "model": "NLM-E",
  "dataset": "boston",
  "rmse_train": 2.7094769301574053,
  "rmse_test": 2.723809302512797,
  "log_score_train": -2.0194794044322957,
  "log_score_test": -2.322256752294492,
  "crps_train": 1.121354908304609,
  "crps_test": 1.4378302601988975,
  "picp_train": 0.9910979228486647,
  "picp_test": 0.9763313609467456,
  "mpiw_train": 10.707482862407506,
  "mpiw_test": 10.285454558910285
}