{
  "model": "NLM",
  "dataset": "kin8nm",
  "rmse_train": 0.0787721933517404,
  "rmse_test": 0.0770956191820993,
  "log_score_train": 1.1562734252831415,
  "log_score_test": 1.1660207498163535,
  "crps_train": 0.043359566746300746,
  "crps_test": 0.04297009459359855,
  "picp_train": 0.9959714338033328,
  "picp_test": 0.9827901867447821,
  "mpiw_train": 0.4240929284135277,
  "mpiw_test": 0.3800778443205457
}