{
  "model": "PNN-E",
  "dataset": "boston",
  "rmse_train": 2.659721379121242,
  "rmse_test": 2.7631839131541684,
  "log_score_train": -1.9672061733402437,
  "log_score_test": -2.2929564046453743,
  "crps_train": 1.1147871081946086,
  "crps_test": 1.4351794052413884,
  "picp_train": 0.993421052631579,
  "picp_test": 0.9,
  "mpiw_train": 10.190899601528468,
  "mpiw_test": 8.606782885818037
}