{
  "model": "MC dropout",
  "dataset": "kin8nm",
  "rmse_train": 0.09653795133684318,
  "rmse_test": 0.08707339942495834,
  "log_score_train": 1.046504096353301,
  "log_score_test": 1.0716370255092953,
  "crps_train": 0.05069950013871834,
  "crps_test": 0.04772555474725044,
  "picp_train": 0.9721662699139352,
  "picp_test": 0.9589893811790553,
  "mpiw_train": 0.39103571308092044,
  "mpiw_test": 0.3518603155062836
}