{
  "model": "PNN-E",
  "dataset": "wine",
  "rmse_train": 0.5290307757578377,
  "rmse_test": 0.7877241898453062,
  "log_score_train": -0.6648436708638306,
  "log_score_test": -1.2170173575259742,
  "crps_train": 0.28611266308908256,
  "crps_test": 0.4390350372062126,
  "picp_train": 0.9746478873239437,
  "picp_test": 0.9325842696629213,
  "mpiw_train": 2.3621715149727915,
  "mpiw_test": 3.27715061649526
}