{
  "model": "MC dropout",
  "dataset": "concrete",
  "rmse_train": 5.380347282938383,
  "rmse_test": 6.705080033504466,
  "log_score_train": -2.982537421390803,
  "log_score_test": -3.1501135769155533,
  "crps_train": 2.824273732438322,
  "crps_test": 3.3998936200272762,
  "picp_train": 0.9892125134843581,
  "picp_test": 0.9223300970873787,
  "mpiw_train": 23.580248496412484,
  "mpiw_test": 22.561369461023038
}