{
  "model": "DNNC-R",
  "dataset": "energy",
  "rmse_train": 1.7955691090843469,
  "rmse_test": 6.784261984868048,
  "log_score_train": -1.6422480076256514,
  "log_score_test": -8.098118123101223,
  "crps_train": 0.8285952335703048,
  "crps_test": 2.210437636231856,
  "picp_train": 0.9884393063583815,
  "picp_test": 0.9342105263157895,
  "mpiw_train": 8.228830280504663,
  "mpiw_test": 7.9352974017143145
}