{
  "model": "NLM",
  "dataset": "wine",
  "rmse_train": 0.5380062708545125,
  "rmse_test": 0.6908674364742922,
  "log_score_train": -0.6272576636347156,
  "log_score_test": -1.2333789739085579,
  "crps_train": 0.28174869747884573,
  "crps_test": 0.3933797642670437,
  "picp_train": 0.9652908067542214,
  "picp_test": 0.8667917448405253,
  "mpiw_train": 2.1342467382645007,
  "mpiw_test": 2.150315471543033
}