{
  "model": "NLM",
  "dataset": "wine",
  "rmse_train": 0.5750535029074559,
  "rmse_test": 0.6353097155554117,
  "log_score_train": -0.7191393500798999,
  "log_score_test": -1.0907074580055651,
  "crps_train": 0.30610745489022206,
  "crps_test": 0.3550673542332772,
  "picp_train": 0.9540337711069419,
  "picp_test": 0.874296435272045,
  "mpiw_train": 2.0562391249155496,
  "mpiw_test": 2.015666361778459
}