{
  "model": "MC dropout",
  "dataset": "wine",
  "rmse_train": 0.6027732065175463,
  "rmse_test": 0.6119042304221406,
  "log_score_train": -0.8171526555678638,
  "log_score_test": -0.9039813599849593,
  "crps_train": 0.32565610508831744,
  "crps_test": 0.3424131895699196,
  "picp_train": 0.9548611111111112,
  "picp_test": 0.9622641509433962,
  "mpiw_train": 2.286275339916279,
  "mpiw_test": 2.3513599999682735
}