{
  "model": "NLM",
  "dataset": "concrete",
  "rmse_train": 4.767587325507506,
  "rmse_test": 6.672346969384582,
  "log_score_train": -2.7560148159715516,
  "log_score_test": -3.226328416308202,
  "crps_train": 2.3734518528817063,
  "crps_test": 3.4076759435137425,
  "picp_train": 0.9741100323624595,
  "picp_test": 0.8543689320388349,
  "mpiw_train": 18.08902209197398,
  "mpiw_test": 17.520329121728516
}