{
  "model": "PNN-E",
  "dataset": "energy",
  "rmse_train": 2.5820834367112213,
  "rmse_test": 4.45395108833299,
  "log_score_train": -0.969167686448013,
  "log_score_test": -10.387087893435918,
  "crps_train": 0.5234534219807303,
  "crps_test": 2.7061278423030295,
  "picp_train": 0.998046875,
  "picp_test": 0.55859375,
  "mpiw_train": 5.354104583166215,
  "mpiw_test": 5.386795235656107
}