{
  "model": "DNNC-R",
  "dataset": "concrete",
  "rmse_train": 4.800244750400243,
  "rmse_test": 8.014997111540199,
  "log_score_train": -3.012644434569552,
  "log_score_test": -3.650765674916502,
  "crps_train": 2.7042173173213584,
  "crps_test": 4.545773276198524,
  "picp_train": 0.9519650655021834,
  "picp_test": 0.880466472303207,
  "mpiw_train": 21.49532846536281,
  "mpiw_test": 25.295802961311068
}