{
  "model": "PNN",
  "dataset": "concrete",
  "rmse_train": 5.1516849912226155,
  "rmse_test": 6.910912238869577,
  "log_score_train": -2.8036042055968946,
  "log_score_test": -3.1210852545802874,
  "crps_train": 2.5504306086335498,
  "crps_test": 3.265081404647824,
  "picp_train": 0.9784250269687162,
  "picp_test": 0.8932038834951457,
  "mpiw_train": 19.130410884088228,
  "mpiw_test": 19.509957324827507
}