{
  "model": "NLM",
  "dataset": "concrete",
  "rmse_train": 4.610885490049493,
  "rmse_test": 6.4677701109932375,
  "log_score_train": -2.7936916195128245,
  "log_score_test": -3.1842145599180807,
  "crps_train": 2.3911743562308483,
  "crps_test": 3.2449525266041537,
  "picp_train": 0.9881337648327939,
  "picp_test": 0.941747572815534,
  "mpiw_train": 22.69472939423161,
  "mpiw_test": 22.58485801184123
}