{
  "model": "DNNC-R",
  "dataset": "boston",
  "rmse_train": 2.2569271185668565,
  "rmse_test": 8.588851075119239,
  "log_score_train": -2.1359184954925086,
  "log_score_test": -12.105447499391015,
  "crps_train": 1.199243503103851,
  "crps_test": 5.398057193215253,
  "picp_train": 0.9732142857142857,
  "picp_test": 0.4294117647058823,
  "mpiw_train": 10.416011022504634,
  "mpiw_test": 6.744458938833941
}