{
  "model": "NLM-E",
  "dataset": "concrete",
  "rmse_train": 4.289121931254256,
  "rmse_test": 4.960414467481545,
  "log_score_train": -2.7421233019741966,
  "log_score_test": -2.894841957657182,
  "crps_train": 2.2210787103071556,
  "crps_test": 2.6309657643064512,
  "picp_train": 0.9913700107874865,
  "picp_test": 0.9611650485436893,
  "mpiw_train": 20.309700168262736,
  "mpiw_test": 20.730256975196923
}