{
  "model": "NLM",
  "dataset": "wine",
  "rmse_train": 0.5569044924139647,
  "rmse_test": 0.6324432498859031,
  "log_score_train": -0.7439444808900105,
  "log_score_test": -1.0628179416088732,
  "crps_train": 0.29886666923144545,
  "crps_test": 0.35499791425745925,
  "picp_train": 0.9849906191369606,
  "picp_test": 0.8630393996247655,
  "mpiw_train": 2.5999971194973637,
  "mpiw_test": 2.073245760832939
}