{
  "model": "NLM-E",
  "dataset": "boston",
  "rmse_train": 2.1613324741836033,
  "rmse_test": 4.7498110618716245,
  "log_score_train": -1.9281085245571825,
  "log_score_test": -2.7547173645965772,
  "crps_train": 0.9871448002342421,
  "crps_test": 2.1206219802588064,
  "picp_train": 0.993421052631579,
  "picp_test": 0.88,
  "mpiw_train": 9.644291884057123,
  "mpiw_test": 8.955480256577982
}