{
  "model": "MC dropout",
  "dataset": "concrete",
  "rmse_train": 5.932238074463608,
  "rmse_test": 14.45421211722282,
  "log_score_train": -3.261261973652685,
  "log_score_test": -4.489308290516783,
  "crps_train": 3.393850586159617,
  "crps_test": 7.305097344782902,
  "picp_train": 1.0,
  "picp_test": 0.813953488372093,
  "mpiw_train": 34.31670360511441,
  "mpiw_test": 35.988166246594275
}