{
  "model": "PBP",
  "dataset": "yacht",
  "rmse_train": 0.783720844011887,
  "rmse_test": 1.1930051006966944,
  "log_score_train": -1.5761308001748249,
  "log_score_test": -1.6721674767871493,
  "crps_train": 0.5326875539401109,
  "crps_test": 0.6275427900834697,
  "picp_train": 0.9928057553956835,
  "picp_test": 0.9666666666666667,
  "mpiw_train": 6.899579117932681,
  "mpiw_test": 6.90887511325679
}