{
  "model": "NLM-E",
  "dataset": "wine",
  "rmse_train": 0.5719273358406173,
  "rmse_test": 0.590000139493123,
  "log_score_train": -0.7423882208652708,
  "log_score_test": -0.8406307462941008,
  "crps_train": 0.3060454668134811,
  "crps_test": 0.32613182675212915,
  "picp_train": 0.9638888888888889,
  "picp_test": 0.9245283018867925,
  "mpiw_train": 2.3091269747105883,
  "mpiw_test": 2.413489143078118
}