{
  "model": "PNN-E",
  "dataset": "boston",
  "rmse_train": 1.418956793233117,
  "rmse_test": 6.6800071433371695,
  "log_score_train": -1.6137301268038584,
  "log_score_test": -8.043664417388001,
  "crps_train": 0.7249490131110383,
  "crps_test": 3.3180022269212808,
  "picp_train": 0.9851190476190477,
  "picp_test": 0.6235294117647059,
  "mpiw_train": 6.265988803951778,
  "mpiw_test": 8.183849738832217
}