{
  "model": "NLM",
  "dataset": "concrete",
  "rmse_train": 4.674203983907132,
  "rmse_test": 7.220015316360132,
  "log_score_train": -2.747856288516077,
  "log_score_test": -3.4716348497580065,
  "crps_train": 2.3718461885520976,
  "crps_test": 3.6277809963600673,
  "picp_train": 0.9687162891046386,
  "picp_test": 0.9029126213592233,
  "mpiw_train": 18.456470884851075,
  "mpiw_test": 18.889266279351315
}