{
  "model": "NLM",
  "dataset": "kin8nm",
  "rmse_train": 0.0735770947342531,
  "rmse_test": 0.08014779239467,
  "log_score_train": 1.264853728153156,
  "log_score_test": 1.196463433220887,
  "crps_train": 0.03960731356132691,
  "crps_test": 0.04274077158189973,
  "picp_train": 0.9806049098060491,
  "picp_test": 0.9719169719169719,
  "mpiw_train": 0.3350761058146546,
  "mpiw_test": 0.338940780417394
}