{
  "model": "MC dropout",
  "dataset": "energy",
  "rmse_train": 3.5121329248053303,
  "rmse_test": 2.3962030483944217,
  "log_score_train": -1.8380340040834322,
  "log_score_test": -1.8160936397067338,
  "crps_train": 1.248419344992452,
  "crps_test": 1.079359015740931,
  "picp_train": 0.9921875,
  "picp_test": 0.99609375,
  "mpiw_train": 9.671631541697337,
  "mpiw_test": 8.37894370958314
}