{
  "model": "MC dropout",
  "dataset": "yacht",
  "rmse_train": 1.9567148487792059,
  "rmse_test": 2.1534990696145426,
  "log_score_train": -2.367567566812204,
  "log_score_test": -2.232645407512168,
  "crps_train": 1.285781337129148,
  "crps_test": 1.2050083459817638,
  "picp_train": 1.0,
  "picp_test": 1.0,
  "mpiw_train": 17.424028461141848,
  "mpiw_test": 14.11179835789183
}