{
  "model": "MC dropout",
  "dataset": "powerplant",
  "rmse_train": 4.223571706741896,
  "rmse_test": 4.06401249306843,
  "log_score_train": -2.826758902117224,
  "log_score_test": -2.831887488416743,
  "crps_train": 2.2899310391969694,
  "crps_test": 2.2724562239038466,
  "picp_train": 0.9709985891205518,
  "picp_test": 0.962684227030417,
  "mpiw_train": 17.29454044093556,
  "mpiw_test": 16.722704416009147
}