{
  "model": "DNNC-R",
  "dataset": "kin8nm",
  "rmse_train": 0.08829566400930598,
  "rmse_test": 0.09553940067277958,
  "log_score_train": 0.831741899861527,
  "log_score_test": 0.7810268927177332,
  "crps_train": 0.05265802187340943,
  "crps_test": 0.05641591537333536,
  "picp_train": 0.9641936796419368,
  "picp_test": 0.9560439560439561,
  "mpiw_train": 0.457677390294955,
  "mpiw_test": 0.4566800966488067
}