{
  "model": "MC dropout",
  "dataset": "yacht",
  "rmse_train": 3.51798171569173,
  "rmse_test": 4.010450608226048,
  "log_score_train": -2.8846193841723804,
  "log_score_test": -2.9539754392703124,
  "crps_train": 2.182085842986634,
  "crps_test": 2.4038530922994874,
  "picp_train": 1.0,
  "picp_test": 1.0,
  "mpiw_train": 30.457492680162286,
  "mpiw_test": 30.985576761234498
}