{
  "model": "MC dropout",
  "dataset": "boston",
  "rmse_train": 3.208550541619941,
  "rmse_test": 3.2604833925676386,
  "log_score_train": -2.2784771877074417,
  "log_score_test": -2.505577488747942,
  "crps_train": 1.4611577458224516,
  "crps_test": 1.8375312593147415,
  "picp_train": 0.9890350877192983,
  "picp_test": 0.96,
  "mpiw_train": 13.885617835014864,
  "mpiw_test": 15.086897360118698
}