{
  "model": "PNN",
  "dataset": "boston",
  "rmse_train": 3.1518857020525375,
  "rmse_test": 4.039640622775464,
  "log_score_train": -2.0429343204817743,
  "log_score_test": -4.186091111416097,
  "crps_train": 1.268267080201862,
  "crps_test": 2.3333568670128404,
  "picp_train": 0.9880952380952381,
  "picp_test": 0.7529411764705882,
  "mpiw_train": 12.444699448329542,
  "mpiw_test": 12.618705236145049
}