{
  "model": "PNN",
  "dataset": "wine",
  "rmse_train": 0.5673259174688583,
  "rmse_test": 0.65950364100357,
  "log_score_train": -0.7192193965326705,
  "log_score_test": -1.001840619719544,
  "crps_train": 0.3022864016363145,
  "crps_test": 0.3643213325701116,
  "picp_train": 0.9513888888888888,
  "picp_test": 0.8930817610062893,
  "mpiw_train": 2.1535818335901515,
  "mpiw_test": 2.269504555773365
}