{
  "model": "PNN",
  "dataset": "energy",
  "rmse_train": 3.0546053103445012,
  "rmse_test": 1.866546342618439,
  "log_score_train": -1.412036861124614,
  "log_score_test": -1.3074544343430718,
  "crps_train": 0.9653172887926093,
  "crps_test": 0.754743296517352,
  "picp_train": 0.9855491329479769,
  "picp_test": 0.9868421052631579,
  "mpiw_train": 6.801767775724297,
  "mpiw_test": 6.194954534310017
}