{
  "model": "MC dropout",
  "dataset": "kin8nm",
  "rmse_train": 0.07911780397661224,
  "rmse_test": 0.0806772574559333,
  "log_score_train": 1.1838286654733017,
  "log_score_test": 1.1503807928380418,
  "crps_train": 0.04268857871518742,
  "crps_test": 0.04395999451142336,
  "picp_train": 0.9829106198291062,
  "picp_test": 0.9743589743589743,
  "mpiw_train": 0.3561545626088462,
  "mpiw_test": 0.35598670572044705
}