{
  "model": "PNN-E",
  "dataset": "powerplant",
  "rmse_train": 3.962522789285666,
  "rmse_test": 6.383319088026241,
  "log_score_train": -2.766585285376688,
  "log_score_test": -3.275853291015914,
  "crps_train": 2.1569527022487933,
  "crps_test": 3.519583845611975,
  "picp_train": 0.9666039510818438,
  "picp_test": 0.8981191222570533,
  "mpiw_train": 16.402177247995798,
  "mpiw_test": 20.83753307509265
}