{
  "model": "NLM-E",
  "dataset": "wine",
  "rmse_train": 0.5580860456380711,
  "rmse_test": 0.6556429872816336,
  "log_score_train": -0.7424785560560457,
  "log_score_test": -0.95754132672636,
  "crps_train": 0.32686967563483776,
  "crps_test": 0.35260281602324484,
  "picp_train": 0.9694444444444444,
  "picp_test": 0.9308176100628931,
  "mpiw_train": 2.798784643002591,
  "mpiw_test": 2.4748959878358274
}