{
  "model": "NLM",
  "dataset": "boston",
  "rmse_train": 2.7714522140845554,
  "rmse_test": 4.765181266301926,
  "log_score_train": -1.973334011287956,
  "log_score_test": -3.980965880890811,
  "crps_train": 1.127656778415073,
  "crps_test": 2.7176706979344276,
  "picp_train": 0.9940652818991098,
  "picp_test": 0.6627218934911243,
  "mpiw_train": 10.660715266222535,
  "mpiw_test": 9.021831591104295
}