{
  "model": "MC dropout",
  "dataset": "concrete",
  "rmse_train": 5.687584508095544,
  "rmse_test": 6.400474762440545,
  "log_score_train": -3.299706866206784,
  "log_score_test": -3.326695609911682,
  "crps_train": 3.3746273363820847,
  "crps_test": 3.6497785585665423,
  "picp_train": 1.0,
  "picp_test": 0.9970845481049563,
  "mpiw_train": 37.24975874676029,
  "mpiw_test": 35.153887800342105
}