{
  "model": "PBP",
  "dataset": "wine",
  "rmse_train": 0.5786494401826592,
  "rmse_test": 0.6924203782618235,
  "log_score_train": -0.8707162714291597,
  "log_score_test": -1.0639159577765254,
  "crps_train": 0.32231627037058863,
  "crps_test": 0.38156090032413936,
  "picp_train": 0.9474178403755869,
  "picp_test": 0.9101123595505618,
  "mpiw_train": 2.3179611739806636,
  "mpiw_test": 2.3457310232393938
}