{
  "model": "DNNC-R",
  "dataset": "energy",
  "rmse_train": 2.55640169609681,
  "rmse_test": 2.10434278203586,
  "log_score_train": -1.9942739312471096,
  "log_score_test": -1.9728723403079487,
  "crps_train": 1.1796324075228817,
  "crps_test": 1.1833135651955928,
  "picp_train": 0.9638728323699421,
  "picp_test": 0.9605263157894737,
  "mpiw_train": 11.88504943024622,
  "mpiw_test": 11.551261852053889
}