{
  "model": "PBP",
  "dataset": "energy",
  "rmse_train": 2.7348016758975726,
  "rmse_test": 6.486665938711615,
  "log_score_train": -2.227333272281548,
  "log_score_test": -3.0462029422286947,
  "crps_train": 1.2010830791611198,
  "crps_test": 2.1354706597247843,
  "picp_train": 0.9421965317919075,
  "picp_test": 0.8552631578947368,
  "mpiw_train": 9.972199850901983,
  "mpiw_test": 10.207683702211122
}