{
  "model": "DNNC-R",
  "dataset": "boston",
  "rmse_train": 2.238573885712632,
  "rmse_test": 4.962802181045042,
  "log_score_train": -2.236218228577228,
  "log_score_test": -3.5952833727823927,
  "crps_train": 1.2453975543058207,
  "crps_test": 2.4832890363390927,
  "picp_train": 0.9583333333333334,
  "picp_test": 0.82,
  "mpiw_train": 12.446117768410508,
  "mpiw_test": 11.40528069027092
}