{
  "model": "PBP",
  "dataset": "wine",
  "rmse_train": 0.5831003923626623,
  "rmse_test": 0.647991643428661,
  "log_score_train": -0.8781507559771328,
  "log_score_test": -0.9926107373472618,
  "crps_train": 0.32517474812052316,
  "crps_test": 0.35484110610794206,
  "picp_train": 0.9458333333333333,
  "picp_test": 0.9245283018867925,
  "mpiw_train": 2.324819904341903,
  "mpiw_test": 2.321840139600006
}