{
  "model": "PNN",
  "dataset": "energy",
  "rmse_train": 2.8858924102240398,
  "rmse_test": 9.514494981695313,
  "log_score_train": -0.8102020084313981,
  "log_score_test": -1042.6922879386893,
  "crps_train": 0.5274772623556544,
  "crps_test": 6.94589591240689,
  "picp_train": 0.98828125,
  "picp_test": 0.20703125,
  "mpiw_train": 4.495307171213978,
  "mpiw_test": 1.9569436393734747
}