{
  "model": "PNN-E",
  "dataset": "kin8nm",
  "rmse_train": 0.07145457709096642,
  "rmse_test": 0.10483292534725201,
  "log_score_train": 1.2998565490614244,
  "log_score_test": 0.9093521635470255,
  "crps_train": 0.03816326264459619,
  "crps_test": 0.05675455893849627,
  "picp_train": 0.9868131868131869,
  "picp_test": 0.9370424597364568,
  "mpiw_train": 0.33216493894126337,
  "mpiw_test": 0.3973912486716403
}