{
  "model": "MC dropout",
  "dataset": "kin8nm",
  "rmse_train": 0.08425957519506388,
  "rmse_test": 0.08413228200380136,
  "log_score_train": 1.075623975276484,
  "log_score_test": 1.1011833459279912,
  "crps_train": 0.04723937870994089,
  "crps_test": 0.04605725117172775,
  "picp_train": 0.9848013184398462,
  "picp_test": 0.9772976931526913,
  "mpiw_train": 0.42837175288086565,
  "mpiw_test": 0.38007640838548024
}