{
  "model": "MC dropout",
  "dataset": "powerplant",
  "rmse_train": 4.1621784455112145,
  "rmse_test": 4.2468706744142795,
  "log_score_train": -2.825771664169164,
  "log_score_test": -2.8979192048361084,
  "crps_train": 2.2727296023679098,
  "crps_test": 2.4013506984756385,
  "picp_train": 0.9713121178868162,
  "picp_test": 0.964879272499216,
  "mpiw_train": 17.86807953455209,
  "mpiw_test": 18.421086061207962
}