{
  "model": "PNN",
  "dataset": "yacht",
  "rmse_train": 3.546480361959783,
  "rmse_test": 2.726968973041007,
  "log_score_train": -2.1220241096513157,
  "log_score_test": -2.2573858875051136,
  "crps_train": 1.4700188514287225,
  "crps_test": 1.428630372765958,
  "picp_train": 0.9951219512195122,
  "picp_test": 0.9223300970873787,
  "mpiw_train": 13.444136769437256,
  "mpiw_test": 11.298240286118954
}