{
  "model": "MC dropout",
  "dataset": "wine",
  "rmse_train": 0.5717488904378345,
  "rmse_test": 0.6889385416530217,
  "log_score_train": -0.7351567354588087,
  "log_score_test": -1.1078551169208666,
  "crps_train": 0.3036073189904772,
  "crps_test": 0.38654620142460283,
  "picp_train": 0.9540337711069419,
  "picp_test": 0.8986866791744841,
  "mpiw_train": 2.2032597009108756,
  "mpiw_test": 2.1801655871905163
}