{
  "model": "PNN-E",
  "dataset": "yacht",
  "rmse_train": 0.8641958168245,
  "rmse_test": 0.8594179272762177,
  "log_score_train": -1.4397282520292314,
  "log_score_test": -1.3184841001114351,
  "crps_train": 0.5583017814691814,
  "crps_test": 0.4850554654029652,
  "picp_train": 1.0,
  "picp_test": 1.0,
  "mpiw_train": 8.033315796940688,
  "mpiw_test": 6.3167571062199235
}