{
  "model": "MC dropout",
  "dataset": "yacht",
  "rmse_train": 1.4164902871454585,
  "rmse_test": 1.357703575517367,
  "log_score_train": -2.463451499287477,
  "log_score_test": -2.4717313250458237,
  "crps_train": 1.3247565640543753,
  "crps_test": 1.2902841897009352,
  "picp_train": 1.0,
  "picp_test": 1.0,
  "mpiw_train": 19.840681730185935,
  "mpiw_test": 19.555480643016526
}