{
  "model": "PBP",
  "dataset": "wine",
  "rmse_train": 0.5864922161778149,
  "rmse_test": 0.6123506289593846,
  "log_score_train": -0.8834667532168895,
  "log_score_test": -0.9283559779104051,
  "crps_train": 0.3266987591154536,
  "crps_test": 0.3425314835757353,
  "picp_train": 0.9451388888888889,
  "picp_test": 0.9371069182389937,
  "mpiw_train": 2.3383522982250735,
  "mpiw_test": 2.3354949640541367
}