{
  "model": "PNN-E",
  "dataset": "wine",
  "rmse_train": 0.5555480259339328,
  "rmse_test": 0.6038101214526786,
  "log_score_train": -0.771564424318289,
  "log_score_test": -0.9748814095951539,
  "crps_train": 0.35759242620168114,
  "crps_test": 0.34143912131122023,
  "picp_train": 0.9831144465290806,
  "picp_test": 0.8874296435272045,
  "mpiw_train": 3.4869559701801096,
  "mpiw_test": 2.2506917755246145
}