{
  "model": "PNN-E",
  "dataset": "boston",
  "rmse_train": 2.536521986958323,
  "rmse_test": 2.4945248865683456,
  "log_score_train": -2.086243580654687,
  "log_score_test": -2.2189061547854463,
  "crps_train": 1.1554438302510566,
  "crps_test": 1.3198065040690634,
  "picp_train": 0.9890350877192983,
  "picp_test": 0.96,
  "mpiw_train": 11.70548555058648,
  "mpiw_test": 10.336444621191186
}