{
  "model": "PNN",
  "dataset": "yacht",
  "rmse_train": 1.2905297382416174,
  "rmse_test": 2.503250365342082,
  "log_score_train": -1.2686983263378762,
  "log_score_test": -10.518368518897342,
  "crps_train": 0.5991703855070454,
  "crps_test": 1.6593940903945577,
  "picp_train": 0.9317073170731708,
  "picp_test": 0.4077669902912621,
  "mpiw_train": 3.6121223873807216,
  "mpiw_test": 3.5886403402469664
}