{
  "model": "MC dropout",
  "dataset": "boston",
  "rmse_train": 2.8450352998314923,
  "rmse_test": 4.712192009622006,
  "log_score_train": -2.2598175835186702,
  "log_score_test": -2.9188290187484602,
  "crps_train": 1.3347585214959767,
  "crps_test": 2.4147659642068984,
  "picp_train": 0.9970238095238095,
  "picp_test": 0.9529411764705882,
  "mpiw_train": 13.90143366379731,
  "mpiw_test": 19.860918836408683
}