{
  "model": "NLM",
  "dataset": "concrete",
  "rmse_train": 4.6196909662337085,
  "rmse_test": 5.0164830155667675,
  "log_score_train": -2.828274501686219,
  "log_score_test": -2.9563520956960363,
  "crps_train": 2.477000074322727,
  "crps_test": 2.7739045586555866,
  "picp_train": 0.9881337648327939,
  "picp_test": 0.9805825242718447,
  "mpiw_train": 24.665108080757232,
  "mpiw_test": 23.652986585743953
}