{
  "model": "DNNC-R",
  "dataset": "concrete",
  "rmse_train": 4.722622242614128,
  "rmse_test": 4.954911953871451,
  "log_score_train": -2.960972924245293,
  "log_score_test": -2.9775532857470837,
  "crps_train": 2.626066809902659,
  "crps_test": 2.678357453463741,
  "picp_train": 0.9514563106796117,
  "picp_test": 0.9514563106796117,
  "mpiw_train": 20.850250302270886,
  "mpiw_test": 20.80501643215399
}