{
  "model": "MC dropout",
  "dataset": "concrete",
  "rmse_train": 4.378223382722712,
  "rmse_test": 6.1122685084202955,
  "log_score_train": -2.8105144163090245,
  "log_score_test": -3.01377071765096,
  "crps_train": 2.3316003109298653,
  "crps_test": 2.8379342244774017,
  "picp_train": 0.9816612729234089,
  "picp_test": 0.9611650485436893,
  "mpiw_train": 20.785078897029596,
  "mpiw_test": 21.524635003238668
}