{
  "model": "NLM",
  "dataset": "wine",
  "rmse_train": 0.5312330447630361,
  "rmse_test": 0.7475767004958909,
  "log_score_train": -0.6759125897009158,
  "log_score_test": -1.2394874962969682,
  "crps_train": 0.2835916831713588,
  "crps_test": 0.41590939385905157,
  "picp_train": 0.9830985915492958,
  "picp_test": 0.9213483146067416,
  "mpiw_train": 2.3867317602896536,
  "mpiw_test": 3.092755459863322
}