{
  "model": "MC dropout",
  "dataset": "boston",
  "rmse_train": 3.0353319205485665,
  "rmse_test": 5.606893338786804,
  "log_score_train": -2.517142401168447,
  "log_score_test": -2.7591289891899713,
  "crps_train": 1.6305703709779225,
  "crps_test": 2.3894398986509815,
  "picp_train": 0.9912280701754386,
  "picp_test": 0.94,
  "mpiw_train": 17.48897353300391,
  "mpiw_test": 16.842150505011602
}