{
  "model": "MC dropout",
  "dataset": "wine",
  "rmse_train": 0.5810266767824493,
  "rmse_test": 0.6413117549531682,
  "log_score_train": -0.8008078751476206,
  "log_score_test": -0.9285327271715131,
  "crps_train": 0.3161943534518493,
  "crps_test": 0.34735599636132247,
  "picp_train": 0.975609756097561,
  "picp_test": 0.9362101313320825,
  "mpiw_train": 2.5023582392406296,
  "mpiw_test": 2.416978884797527
}