{
  "model": "NLM-E",
  "dataset": "wine",
  "rmse_train": 0.5735504494115442,
  "rmse_test": 0.5792287008856897,
  "log_score_train": -0.7847956583181191,
  "log_score_test": -0.8838309714629836,
  "crps_train": 0.34917480307237797,
  "crps_test": 0.32804064465860394,
  "picp_train": 0.9756944444444444,
  "picp_test": 0.9685534591194969,
  "mpiw_train": 3.207689027573415,
  "mpiw_test": 2.5213611151057065
}