{
  "model": "PNN",
  "dataset": "kin8nm",
  "rmse_train": 0.08072321452360019,
  "rmse_test": 0.09707040000270953,
  "log_score_train": 1.2235922180840828,
  "log_score_test": 1.0124028130891765,
  "crps_train": 0.04244390553197849,
  "crps_test": 0.05165586666101022,
  "picp_train": 0.9626442043581761,
  "picp_test": 0.9091907726107653,
  "mpiw_train": 0.3103731418082262,
  "mpiw_test": 0.30095886184845644
}