{
  "model": "DNNC-R",
  "dataset": "energy",
  "rmse_train": 2.0654804104949602,
  "rmse_test": 2.585027855279472,
  "log_score_train": -1.8158054502491772,
  "log_score_test": -2.271772558738465,
  "crps_train": 0.8710735777210896,
  "crps_test": 1.0358543771245012,
  "picp_train": 0.9812138728323699,
  "picp_test": 0.9605263157894737,
  "mpiw_train": 9.106854102401934,
  "mpiw_test": 8.844316244721012
}