{
  "model": "DNNC-R",
  "dataset": "yacht",
  "rmse_train": 5.684552006985894,
  "rmse_test": 10.32709296276607,
  "log_score_train": -1.5089969176939975,
  "log_score_test": -9.947467328300954,
  "crps_train": 4.5885581492790415,
  "crps_test": 4.970762872666741,
  "picp_train": 0.9264705882352942,
  "picp_test": 0.4423076923076923,
  "mpiw_train": 30.447896974974597,
  "mpiw_test": 14.339594989357055
}