{
  "model": "PBP",
  "dataset": "yacht",
  "rmse_train": 0.9502062641987714,
  "rmse_test": 1.8732548911062405,
  "log_score_train": -1.720394665413458,
  "log_score_test": -1.9616784415276238,
  "crps_train": 0.6235686083097215,
  "crps_test": 0.9611893279088005,
  "picp_train": 0.9950980392156863,
  "picp_test": 0.9615384615384616,
  "mpiw_train": 7.935464969362049,
  "mpiw_test": 8.33287351785655
}