{
  "model": "DNNC-R",
  "dataset": "wine",
  "rmse_train": 0.5181742334779095,
  "rmse_test": 0.6219089871717307,
  "log_score_train": -0.07912059717462346,
  "log_score_test": -0.27964331090152483,
  "crps_train": 0.26925360943630605,
  "crps_test": 0.326358798790239,
  "picp_train": 0.9666666666666667,
  "picp_test": 0.9245283018867925,
  "mpiw_train": 2.310955513432933,
  "mpiw_test": 2.378462310020273
}