{
  "model": "NLM",
  "dataset": "kin8nm",
  "rmse_train": 0.07392389254209412,
  "rmse_test": 0.07983498773597039,
  "log_score_train": 1.2952665536966936,
  "log_score_test": 1.2357254502111163,
  "crps_train": 0.039105730064161806,
  "crps_test": 0.0416245852174977,
  "picp_train": 0.9730096297300963,
  "picp_test": 0.9633699633699634,
  "mpiw_train": 0.3118010407384728,
  "mpiw_test": 0.3131743967679447
}