{
  "model": "DNNC-R",
  "dataset": "energy",
  "rmse_train": 2.3085327198611845,
  "rmse_test": 1.8989482839559042,
  "log_score_train": -1.7553337009912957,
  "log_score_test": -1.9258784318723372,
  "crps_train": 0.9712558887686253,
  "crps_test": 0.9982898602326215,
  "picp_train": 0.976878612716763,
  "picp_test": 0.9473684210526315,
  "mpiw_train": 9.393631155792754,
  "mpiw_test": 9.478872584133454
}