{
  "model": "DNNC-R",
  "dataset": "kin8nm",
  "rmse_train": 0.0881793354096681,
  "rmse_test": 0.09505822339061366,
  "log_score_train": 0.856540578450424,
  "log_score_test": 0.8045969116386107,
  "crps_train": 0.05243162515425504,
  "crps_test": 0.05646592444135097,
  "picp_train": 0.9597143380333272,
  "picp_test": 0.9699743683632369,
  "mpiw_train": 0.4462790709542375,
  "mpiw_test": 0.48566609613429224
}