{
  "model": "MC dropout",
  "dataset": "kin8nm",
  "rmse_train": 0.08578984317609198,
  "rmse_test": 0.0866263005759063,
  "log_score_train": 1.1109653618721003,
  "log_score_test": 1.0677743194307607,
  "crps_train": 0.046400076430372285,
  "crps_test": 0.04796540038344061,
  "picp_train": 0.9731452597314526,
  "picp_test": 0.9597069597069597,
  "mpiw_train": 0.35498082444276113,
  "mpiw_test": 0.35679043973069174
}