{
  "model": "MC dropout",
  "dataset": "yacht",
  "rmse_train": 3.009544294116696,
  "rmse_test": 2.985280475754138,
  "log_score_train": -2.3434787828415424,
  "log_score_test": -2.5641716941639823,
  "crps_train": 1.5906619417382486,
  "crps_test": 1.7301272576952516,
  "picp_train": 0.9607843137254902,
  "picp_test": 0.9326923076923077,
  "mpiw_train": 14.94941397185685,
  "mpiw_test": 14.818129685943688
}