{
  "model": "NLM-E",
  "dataset": "kin8nm",
  "rmse_train": 0.07185584269532416,
  "rmse_test": 0.07938710311690389,
  "log_score_train": 1.2875145460560415,
  "log_score_test": 1.2410189994373646,
  "crps_train": 0.03836767437767491,
  "crps_test": 0.04109400128480633,
  "picp_train": 0.9896921198969212,
  "picp_test": 0.9816849816849816,
  "mpiw_train": 0.3514967788180144,
  "mpiw_test": 0.3564639681014716
}