{
  "model": "DNNC-R",
  "dataset": "wine",
  "rmse_train": 0.507447622629905,
  "rmse_test": 0.7178452391881209,
  "log_score_train": -0.007356577473474227,
  "log_score_test": -1.680765244961197,
  "crps_train": 0.2580784916245546,
  "crps_test": 0.40655963921087707,
  "picp_train": 0.9615023474178404,
  "picp_test": 0.7771535580524345,
  "mpiw_train": 2.0654550852066977,
  "mpiw_test": 1.5974480781088767
}