{
  "model": "NLM",
  "dataset": "boston",
  "rmse_train": 2.639071365580386,
  "rmse_test": 5.687114375517099,
  "log_score_train": -1.705082926439989,
  "log_score_test": -4.858414240520184,
  "crps_train": 0.9424983529195137,
  "crps_test": 3.247162794400519,
  "picp_train": 0.9791666666666666,
  "picp_test": 0.6411764705882353,
  "mpiw_train": 7.25147010839881,
  "mpiw_test": 9.092829396995672
}