{
  "model": "PNN",
  "dataset": "wine",
  "rmse_train": 0.5778202461621514,
  "rmse_test": 0.6145506592999163,
  "log_score_train": -0.7222664295569925,
  "log_score_test": -0.9885280327100446,
  "crps_train": 0.3061733245506807,
  "crps_test": 0.3436208391196446,
  "picp_train": 0.9555555555555556,
  "picp_test": 0.8867924528301887,
  "mpiw_train": 2.1652902956449873,
  "mpiw_test": 2.1659761904328705
}