{
  "model": "MC dropout",
  "dataset": "kin8nm",
  "rmse_train": 0.0834613661417764,
  "rmse_test": 0.08839033783203837,
  "log_score_train": 1.0646598602839124,
  "log_score_test": 1.0376395157853568,
  "crps_train": 0.047228729101418766,
  "crps_test": 0.049037850288260194,
  "picp_train": 0.9896921198969212,
  "picp_test": 0.9853479853479854,
  "mpiw_train": 0.4516984945671254,
  "mpiw_test": 0.4532062591379511
}