{
  "model": "PBP",
  "dataset": "energy",
  "rmse_train": 2.9319126807021187,
  "rmse_test": 2.558009304168579,
  "log_score_train": -2.392257917184534,
  "log_score_test": -2.2901115282497866,
  "crps_train": 1.3305388433095144,
  "crps_test": 1.271757103996348,
  "picp_train": 0.9436416184971098,
  "picp_test": 0.9210526315789473,
  "mpiw_train": 10.626596298740834,
  "mpiw_test": 10.680895698757428
}