{
  "model": "DNNC-R",
  "dataset": "kin8nm",
  "rmse_train": 0.08667987786283136,
  "rmse_test": 0.09138834098859631,
  "log_score_train": 0.8382702808057851,
  "log_score_test": 0.7792765433158029,
  "crps_train": 0.052169306334881586,
  "crps_test": 0.05474773543967705,
  "picp_train": 0.9639224196392242,
  "picp_test": 0.9560439560439561,
  "mpiw_train": 0.45702287192266894,
  "mpiw_test": 0.45680788449751386
}