{
  "model": "NLM-E",
  "dataset": "powerplant",
  "rmse_train": 4.015837316719357,
  "rmse_test": 3.8263772645715015,
  "log_score_train": -2.781635907037617,
  "log_score_test": -2.7557083509503344,
  "crps_train": 2.1763874046881235,
  "crps_test": 2.1442972517532812,
  "picp_train": 0.9694612169066419,
  "picp_test": 0.9707112970711297,
  "mpiw_train": 16.564166574214497,
  "mpiw_test": 16.45685123700371
}