{
  "model": "NLM",
  "dataset": "yacht",
  "rmse_train": 1.2918093721413342,
  "rmse_test": 0.8245731311876291,
  "log_score_train": -0.9742738909715111,
  "log_score_test": -1.014817074212345,
  "crps_train": 0.48669642994499485,
  "crps_test": 0.40589590138972803,
  "picp_train": 0.9964028776978417,
  "picp_test": 1.0,
  "mpiw_train": 4.6235139275045025,
  "mpiw_test": 4.366124406010239
}