{
  "model": "PBP",
  "dataset": "energy",
  "rmse_train": 2.939869311155601,
  "rmse_test": 2.3589109589062587,
  "log_score_train": -2.2531988506659713,
  "log_score_test": -2.280182817522249,
  "crps_train": 1.3146941640640761,
  "crps_test": 1.2711941697047124,
  "picp_train": 0.9277456647398844,
  "picp_test": 0.9078947368421053,
  "mpiw_train": 9.869632547331607,
  "mpiw_test": 9.694770830923982
}