{
  "model": "NLM",
  "dataset": "boston",
  "rmse_train": 2.9103296473592932,
  "rmse_test": 5.741820439351974,
  "log_score_train": -1.8333459829117857,
  "log_score_test": -4.410419613729632,
  "crps_train": 1.0881852280163056,
  "crps_test": 2.9268034142466957,
  "picp_train": 0.9851190476190477,
  "picp_test": 0.6823529411764706,
  "mpiw_train": 8.575702230746142,
  "mpiw_test": 8.674099371643045
}