{
  "model": "PBP",
  "dataset": "energy",
  "rmse_train": 2.340340714431962,
  "rmse_test": 7.250420144345518,
  "log_score_train": -2.1964215221377823,
  "log_score_test": -3.6349911804435364,
  "crps_train": 1.1447576572155556,
  "crps_test": 2.42014905134545,
  "picp_train": 0.9494219653179191,
  "picp_test": 0.881578947368421,
  "mpiw_train": 9.980131894927316,
  "mpiw_test": 10.508628486771144
}