{
  "model": "MC dropout",
  "dataset": "yacht",
  "rmse_train": 1.3754195972341274,
  "rmse_test": 1.5431485533367844,
  "log_score_train": -2.1284693497804543,
  "log_score_test": -2.1280896140225347,
  "crps_train": 0.9680822493766629,
  "crps_test": 0.9931824432246672,
  "picp_train": 1.0,
  "picp_test": 1.0,
  "mpiw_train": 13.37863450889429,
  "mpiw_test": 12.11027749819125
}