{
  "model": "MC dropout",
  "dataset": "energy",
  "rmse_train": 4.265027714267816,
  "rmse_test": 3.3590367103926906,
  "log_score_train": -1.7855151279491899,
  "log_score_test": -1.6769415990711536,
  "crps_train": 1.5955258527348333,
  "crps_test": 1.2938104462205986,
  "picp_train": 0.9985549132947977,
  "picp_test": 1.0,
  "mpiw_train": 18.013594790285442,
  "mpiw_test": 15.63043364423731
}