{
  "model": "NLM-E",
  "dataset": "kin8nm",
  "rmse_train": 0.07147515816551789,
  "rmse_test": 0.08487916398871187,
  "log_score_train": 1.3069307073808651,
  "log_score_test": 1.2080130669791855,
  "crps_train": 0.03813401368479192,
  "crps_test": 0.043247086513252875,
  "picp_train": 0.9868131868131869,
  "picp_test": 0.9707174231332357,
  "mpiw_train": 0.3254004475191312,
  "mpiw_test": 0.3345834397216944
}