{
  "model": "NLM",
  "dataset": "wine",
  "rmse_train": 0.5507051372453932,
  "rmse_test": 0.6900048895983819,
  "log_score_train": -0.6937935706091004,
  "log_score_test": -1.279996361384552,
  "crps_train": 0.30066386135393247,
  "crps_test": 0.39259411958933405,
  "picp_train": 0.9596622889305816,
  "picp_test": 0.8818011257035647,
  "mpiw_train": 2.294918803625062,
  "mpiw_test": 2.154012930584834
}