{
  "model": "NLM",
  "dataset": "kin8nm",
  "rmse_train": 0.07794981315369763,
  "rmse_test": 0.07746333505847292,
  "log_score_train": 1.287152643930349,
  "log_score_test": 1.2080001163545562,
  "crps_train": 0.040084735563619724,
  "crps_test": 0.04189627269594094,
  "picp_train": 0.9618879696188797,
  "picp_test": 0.9462759462759462,
  "mpiw_train": 0.2976874726102122,
  "mpiw_test": 0.2979244878822098
}