{
  "model": "NLM-E",
  "dataset": "wine",
  "rmse_train": 0.5624756971848507,
  "rmse_test": 0.6110259377899973,
  "log_score_train": -0.671502108828117,
  "log_score_test": -1.2154849116225352,
  "crps_train": 0.294871086721316,
  "crps_test": 0.34000063511092615,
  "picp_train": 0.9681050656660413,
  "picp_test": 0.8930581613508443,
  "mpiw_train": 2.215345204720675,
  "mpiw_test": 2.1458732431143797
}