{
  "model": "MC dropout",
  "dataset": "concrete",
  "rmse_train": 6.205761901117843,
  "rmse_test": 7.403891001889556,
  "log_score_train": -3.3463042578384523,
  "log_score_test": -3.411753019886784,
  "crps_train": 3.598182130424847,
  "crps_test": 4.1507820527303165,
  "picp_train": 1.0,
  "picp_test": 1.0,
  "mpiw_train": 39.316197012253404,
  "mpiw_test": 36.56307128798244
}