{
  "model": "PNN",
  "dataset": "kin8nm",
  "rmse_train": 0.08114352257004466,
  "rmse_test": 0.11230560547650757,
  "log_score_train": 1.2067666440126668,
  "log_score_test": 0.6871853081213053,
  "crps_train": 0.04303755936828773,
  "crps_test": 0.06185850722550172,
  "picp_train": 0.96996336996337,
  "picp_test": 0.8620058565153733,
  "mpiw_train": 0.3277378188475319,
  "mpiw_test": 0.3450609690297025
}