{
  "model": "MC dropout",
  "dataset": "kin8nm",
  "rmse_train": 0.08090506453865942,
  "rmse_test": 0.08264314180600293,
  "log_score_train": 1.1272848983200459,
  "log_score_test": 1.1256737725907537,
  "crps_train": 0.04439640535879125,
  "crps_test": 0.04487074140695821,
  "picp_train": 0.9857169016663615,
  "picp_test": 0.9805931893079458,
  "mpiw_train": 0.39024469830059255,
  "mpiw_test": 0.3804856381721141
}