{
  "model": "MC dropout",
  "dataset": "wine",
  "rmse_train": 0.6109096447274651,
  "rmse_test": 0.581791113047982,
  "log_score_train": -0.8669362376863494,
  "log_score_test": -0.8552593828903551,
  "crps_train": 0.3327034076084252,
  "crps_test": 0.3231676107531296,
  "picp_train": 0.9718574108818011,
  "picp_test": 0.9362101313320825,
  "mpiw_train": 2.739110968144435,
  "mpiw_test": 2.317890478041847
}