{
  "model": "NLM",
  "dataset": "boston",
  "rmse_train": 1.7559114847836699,
  "rmse_test": 6.462723843372869,
  "log_score_train": -1.7357553346688288,
  "log_score_test": -4.9742957050481165,
  "crps_train": 0.8344322938524332,
  "crps_test": 3.2371239086506045,
  "picp_train": 0.9791666666666666,
  "picp_test": 0.6705882352941176,
  "mpiw_train": 7.322146052420367,
  "mpiw_test": 8.022195650221114
}