{
  "model": "MC dropout",
  "dataset": "kin8nm",
  "rmse_train": 0.07762360500133134,
  "rmse_test": 0.10895569965011889,
  "log_score_train": 1.1855184918238295,
  "log_score_test": 0.9072430780769747,
  "crps_train": 0.042203428309582375,
  "crps_test": 0.057621846923141276,
  "picp_train": 0.9897435897435898,
  "picp_test": 0.968887262079063,
  "mpiw_train": 0.38458378044504143,
  "mpiw_test": 0.4602628402911536
}