{
  "model": "PNN-E",
  "dataset": "wine",
  "rmse_train": 0.5691544015742294,
  "rmse_test": 0.5799427714806946,
  "log_score_train": -0.7379253678462373,
  "log_score_test": -0.854738981327254,
  "crps_train": 0.3029519226212939,
  "crps_test": 0.31929984164209196,
  "picp_train": 0.9784240150093808,
  "picp_test": 0.924953095684803,
  "mpiw_train": 2.5238138387273326,
  "mpiw_test": 2.341767386638679
}