{
  "model": "MC dropout",
  "dataset": "wine",
  "rmse_train": 0.550420064060843,
  "rmse_test": 3.0995092999247467,
  "log_score_train": -0.7461643385050357,
  "log_score_test": -1.6622264105041271,
  "crps_train": 0.30026543948440193,
  "crps_test": 1.1139177574214125,
  "picp_train": 0.9755868544600939,
  "picp_test": 0.8277153558052435,
  "mpiw_train": 2.4202913338081036,
  "mpiw_test": 4.399663504305154
}