{
  "model": "PBP",
  "dataset": "kin8nm",
  "rmse_train": 0.09431313652271749,
  "rmse_test": 0.09755839650613207,
  "log_score_train": 0.9344325165058012,
  "log_score_test": 0.9053166804256325,
  "crps_train": 0.05234841747966356,
  "crps_test": 0.05376989707559802,
  "picp_train": 0.95931099959311,
  "picp_test": 0.9548229548229549,
  "mpiw_train": 0.4052893502464382,
  "mpiw_test": 0.4052818487583879
}