{
  "model": "DNNC-R",
  "dataset": "concrete",
  "rmse_train": 4.615676236818065,
  "rmse_test": 6.228945275007514,
  "log_score_train": -2.981458597977865,
  "log_score_test": -3.4610987762325576,
  "crps_train": 2.6004418488662666,
  "crps_test": 3.5784417525246064,
  "picp_train": 0.95361380798274,
  "picp_test": 0.8737864077669902,
  "mpiw_train": 21.482742346280737,
  "mpiw_test": 21.485168250580355
}