{
  "model": "MC dropout",
  "dataset": "kin8nm",
  "rmse_train": 0.07442716007861598,
  "rmse_test": 0.08072568237048766,
  "log_score_train": 1.2526034029664463,
  "log_score_test": 1.1650678861357446,
  "crps_train": 0.04003859639724348,
  "crps_test": 0.04382969684415891,
  "picp_train": 0.9791129797911298,
  "picp_test": 0.967032967032967,
  "mpiw_train": 0.3221907290865028,
  "mpiw_test": 0.32316161244215813
}