{
  "model": "MC dropout",
  "dataset": "kin8nm",
  "rmse_train": 0.08070897850610714,
  "rmse_test": 0.11323032722295186,
  "log_score_train": 1.1859160619946922,
  "log_score_test": 0.7636601073659908,
  "crps_train": 0.04309354681936976,
  "crps_test": 0.06219338727680627,
  "picp_train": 0.9836996336996336,
  "picp_test": 0.9055636896046853,
  "mpiw_train": 0.36414475494858867,
  "mpiw_test": 0.40131097229684043
}