{
  "model": "MC dropout",
  "dataset": "concrete",
  "rmse_train": 3.667104522476687,
  "rmse_test": 10.601786292432346,
  "log_score_train": -2.648584708192998,
  "log_score_test": -4.009357314848874,
  "crps_train": 1.961762823958797,
  "crps_test": 5.593664155792564,
  "picp_train": 0.9941690962099126,
  "picp_test": 0.7819767441860465,
  "mpiw_train": 18.45653751812769,
  "mpiw_test": 23.872016989674552
}