{
  "model": "MC dropout",
  "dataset": "wine",
  "rmse_train": 0.5782229901492222,
  "rmse_test": 0.6218361483289806,
  "log_score_train": -0.7651986905769509,
  "log_score_test": -1.0228107646326925,
  "crps_train": 0.31024565189336956,
  "crps_test": 0.34020365297397265,
  "picp_train": 0.9701388888888889,
  "picp_test": 0.949685534591195,
  "mpiw_train": 2.468060699627399,
  "mpiw_test": 2.4721261072903724
}