{
  "model": "DNNC-R",
  "dataset": "yacht",
  "rmse_train": 3.56921897999736,
  "rmse_test": 10.748632841088117,
  "log_score_train": -1.1640197941673807,
  "log_score_test": -4.099083725480354,
  "crps_train": 4.403784223134013,
  "crps_test": 7.418328214823469,
  "picp_train": 0.8780487804878049,
  "picp_test": 0.6893203883495146,
  "mpiw_train": 23.152200547014758,
  "mpiw_test": 25.704744034954178
}