{
  "model": "NLM-E",
  "dataset": "kin8nm",
  "rmse_train": 0.07268684135895763,
  "rmse_test": 0.08109050044924786,
  "log_score_train": 1.296662701261239,
  "log_score_test": 1.2261386339026956,
  "crps_train": 0.03840729283246355,
  "crps_test": 0.042015835299666515,
  "picp_train": 0.9883358198833582,
  "picp_test": 0.9792429792429792,
  "mpiw_train": 0.3349323233383085,
  "mpiw_test": 0.3459114035480051
}