{
  "model": "DNNC-R",
  "dataset": "yacht",
  "rmse_train": 4.132269321569631,
  "rmse_test": 3.7474886569954835,
  "log_score_train": -1.608424158220504,
  "log_score_test": -1.3625169885143589,
  "crps_train": 3.499424835560597,
  "crps_test": 4.150256059386921,
  "picp_train": 0.9532374100719424,
  "picp_test": 0.9333333333333333,
  "mpiw_train": 28.95861138544441,
  "mpiw_test": 31.394570176787646
}