{
  "model": "MC dropout",
  "dataset": "yacht",
  "rmse_train": 3.5176436368607114,
  "rmse_test": 3.2127753222576665,
  "log_score_train": -2.763265170270522,
  "log_score_test": -2.826665396256978,
  "crps_train": 2.01935427539192,
  "crps_test": 2.1002335349938264,
  "picp_train": 1.0,
  "picp_test": 1.0,
  "mpiw_train": 27.276547608091693,
  "mpiw_test": 27.676963060559753
}