{
  "model": "MC dropout",
  "dataset": "concrete",
  "rmse_train": 5.159874487136867,
  "rmse_test": 6.593499331366586,
  "log_score_train": -2.937676646111941,
  "log_score_test": -3.1171817543935703,
  "crps_train": 2.712717670710119,
  "crps_test": 3.439594715186243,
  "picp_train": 1.0,
  "picp_test": 0.9805825242718447,
  "mpiw_train": 27.093789165536332,
  "mpiw_test": 30.366832312308276
}