{
  "model": "NLM-E",
  "dataset": "kin8nm",
  "rmse_train": 0.07295045024607091,
  "rmse_test": 0.07864391625313001,
  "log_score_train": 1.2953030741109277,
  "log_score_test": 1.2310487661323364,
  "crps_train": 0.038435606929755686,
  "crps_test": 0.04159100968170651,
  "picp_train": 0.987548068119392,
  "picp_test": 0.9791285243500549,
  "mpiw_train": 0.33490531992555655,
  "mpiw_test": 0.3303128525044304
}