{
  "model": "MC dropout",
  "dataset": "kin8nm",
  "rmse_train": 0.07351594815459765,
  "rmse_test": 0.11267621510319559,
  "log_score_train": 1.2345901340873042,
  "log_score_test": 0.8493204017285689,
  "crps_train": 0.04017218752694563,
  "crps_test": 0.05996965304685975,
  "picp_train": 0.986996336996337,
  "picp_test": 0.9439970717423133,
  "mpiw_train": 0.35979002659703174,
  "mpiw_test": 0.42113147355424946
}