{
  "model": "PNN",
  "dataset": "boston",
  "rmse_train": 3.1959164412615007,
  "rmse_test": 8.085921700396986,
  "log_score_train": -2.026517189679242,
  "log_score_test": -74.47713541018179,
  "crps_train": 1.2268130022139414,
  "crps_test": 4.827635977786459,
  "picp_train": 0.9226190476190477,
  "picp_test": 0.5294117647058824,
  "mpiw_train": 8.316085802687388,
  "mpiw_test": 8.338027009487602
}