{
  "model": "MC dropout",
  "dataset": "wine",
  "rmse_train": 0.5609667654340492,
  "rmse_test": 0.8868552247325655,
  "log_score_train": -0.7397193178756952,
  "log_score_test": -1.239077559068055,
  "crps_train": 0.30253546132445963,
  "crps_test": 0.46967843448968116,
  "picp_train": 0.9765258215962441,
  "picp_test": 0.9063670411985019,
  "mpiw_train": 2.3567125810118474,
  "mpiw_test": 2.9598619030113205
}