{
  "model": "PBP",
  "dataset": "kin8nm",
  "rmse_train": 0.09589890696395188,
  "rmse_test": 0.1051300620008343,
  "log_score_train": 0.9156531368020848,
  "log_score_test": 0.8337811024302781,
  "crps_train": 0.05321408630107202,
  "crps_test": 0.05807184640928529,
  "picp_train": 0.958904109589041,
  "picp_test": 0.9523809523809523,
  "mpiw_train": 0.4170605160838667,
  "mpiw_test": 0.4170553265385617
}