{
  "model": "PNN",
  "dataset": "wine",
  "rmse_train": 0.5198851934186051,
  "rmse_test": 0.9058547346459997,
  "log_score_train": -0.6013867399206163,
  "log_score_test": -2.3198603415812147,
  "crps_train": 0.2762365843453068,
  "crps_test": 0.5802999284370233,
  "picp_train": 0.9849765258215962,
  "picp_test": 0.9456928838951311,
  "mpiw_train": 2.149383400685005,
  "mpiw_test": 6.199133679948134
}