{
  "model": "MC dropout",
  "dataset": "kin8nm",
  "rmse_train": 0.08144260759876293,
  "rmse_test": 0.10141806558797752,
  "log_score_train": 1.1798034436807658,
  "log_score_test": 1.0809739960590266,
  "crps_train": 0.04334447964355362,
  "crps_test": 0.049862869003760454,
  "picp_train": 0.9824175824175824,
  "picp_test": 0.9546120058565154,
  "mpiw_train": 0.36013599967528215,
  "mpiw_test": 0.3455137027009263
}