{
  "model": "NLM",
  "dataset": "energy",
  "rmse_train": 2.769083388109021,
  "rmse_test": 4.086417653222248,
  "log_score_train": -1.2155833242596923,
  "log_score_test": -1.350438992010673,
  "crps_train": 0.8403985034104585,
  "crps_test": 1.1126386340568695,
  "picp_train": 0.9869942196531792,
  "picp_test": 0.9736842105263158,
  "mpiw_train": 5.963301346384381,
  "mpiw_test": 6.053187758909937
}