{
  "model": "MC dropout",
  "dataset": "yacht",
  "rmse_train": 3.5518244591057155,
  "rmse_test": 2.9679486748840374,
  "log_score_train": -2.9259252345229014,
  "log_score_test": -2.8092312769467025,
  "crps_train": 2.2822139191882997,
  "crps_test": 1.997006432227678,
  "picp_train": 1.0,
  "picp_test": 1.0,
  "mpiw_train": 29.031346629813935,
  "mpiw_test": 25.2929171251448
}