{
  "model": "NLM-E",
  "dataset": "concrete",
  "rmse_train": 4.343095613543751,
  "rmse_test": 6.235105498386809,
  "log_score_train": -2.742999976589232,
  "log_score_test": -3.1106631745076223,
  "crps_train": 2.243363304187018,
  "crps_test": 3.1073182631688274,
  "picp_train": 0.9913700107874865,
  "picp_test": 0.941747572815534,
  "mpiw_train": 21.20748897657087,
  "mpiw_test": 21.1602327871603
}