{
  "model": "PBP",
  "dataset": "energy",
  "rmse_train": 2.86127642100449,
  "rmse_test": 3.2705018808149906,
  "log_score_train": -2.359767159480986,
  "log_score_test": -2.4634068750417093,
  "crps_train": 1.322922261371888,
  "crps_test": 1.4470509123494444,
  "picp_train": 0.9393063583815029,
  "picp_test": 0.9473684210526315,
  "mpiw_train": 10.521130394003539,
  "mpiw_test": 10.466369081750532
}