{
  "model": "NLM-E",
  "dataset": "boston",
  "rmse_train": 2.7987175848938084,
  "rmse_test": 2.7169921335816567,
  "log_score_train": -1.9083497678488222,
  "log_score_test": -2.390057852173103,
  "crps_train": 1.0927877180788512,
  "crps_test": 1.4922892238179688,
  "picp_train": 0.9846491228070176,
  "picp_test": 0.92,
  "mpiw_train": 9.89686054427687,
  "mpiw_test": 9.981297916418383
}