{
  "model": "MC dropout",
  "dataset": "boston",
  "rmse_train": 3.76220907121702,
  "rmse_test": 6.616145915612783,
  "log_score_train": -2.1982105658185978,
  "log_score_test": -3.167247321019969,
  "crps_train": 1.4663825526771077,
  "crps_test": 3.5843991015359506,
  "picp_train": 0.9880952380952381,
  "picp_test": 0.9823529411764705,
  "mpiw_train": 12.949098842346778,
  "mpiw_test": 26.997629045268535
}