{
  "model": "MC dropout",
  "dataset": "boston",
  "rmse_train": 2.881586880702627,
  "rmse_test": 4.04564598946619,
  "log_score_train": -2.36626755510591,
  "log_score_test": -2.4257989545557472,
  "crps_train": 1.4984517649128346,
  "crps_test": 1.6826579592614594,
  "picp_train": 0.9910979228486647,
  "picp_test": 0.9644970414201184,
  "mpiw_train": 15.693373790766737,
  "mpiw_test": 12.27207062418072
}