{
  "model": "DNNC-R",
  "dataset": "concrete",
  "rmse_train": 4.210654619525357,
  "rmse_test": 8.881623703619614,
  "log_score_train": -2.8033802680183713,
  "log_score_test": -8.165446217571827,
  "crps_train": 2.2617341058726574,
  "crps_test": 5.8672002884367735,
  "picp_train": 0.9577259475218659,
  "picp_test": 0.5,
  "mpiw_train": 18.350952894018317,
  "mpiw_test": 12.482869452777729
}