{
  "model": "DNNC-R",
  "dataset": "kin8nm",
  "rmse_train": 0.08723922947742013,
  "rmse_test": 0.09097511942554766,
  "log_score_train": 0.8349349998723499,
  "log_score_test": 0.7723046869834486,
  "crps_train": 0.0527704773276617,
  "crps_test": 0.0546256302621117,
  "picp_train": 0.9616167096161671,
  "picp_test": 0.9426129426129426,
  "mpiw_train": 0.463067232905161,
  "mpiw_test": 0.4626117370497663
}