{
  "model": "PBP",
  "dataset": "concrete",
  "rmse_train": 4.970831713832084,
  "rmse_test": 4.8944852539035795,
  "log_score_train": -3.0244948260754456,
  "log_score_test": -3.009785477351625,
  "crps_train": 2.738462833827416,
  "crps_test": 2.7106703774474834,
  "picp_train": 0.9546925566343042,
  "picp_test": 0.970873786407767,
  "mpiw_train": 20.710630174916503,
  "mpiw_test": 20.691353135551175
}