{
  "model": "PNN-E",
  "dataset": "energy",
  "rmse_train": 2.919741562235124,
  "rmse_test": 2.136402507530063,
  "log_score_train": -1.2908524932261718,
  "log_score_test": -1.5663860290304825,
  "crps_train": 0.8468439461891334,
  "crps_test": 0.8798205102786868,
  "picp_train": 0.9971098265895953,
  "picp_test": 0.9868421052631579,
  "mpiw_train": 6.733040456944257,
  "mpiw_test": 6.293093988010595
}