{
  "model": "NLM",
  "dataset": "wine",
  "rmse_train": 0.5283696446680365,
  "rmse_test": 1.6682219310825663,
  "log_score_train": -0.6532476734992606,
  "log_score_test": -2.331808905970718,
  "crps_train": 0.2813676911350552,
  "crps_test": 0.7810689060937609,
  "picp_train": 0.9793427230046948,
  "picp_test": 0.7265917602996255,
  "mpiw_train": 2.2465538786320036,
  "mpiw_test": 2.825756260894352
}