{
  "model": "MC dropout",
  "dataset": "powerplant",
  "rmse_train": 4.144967515063388,
  "rmse_test": 3.804651003461155,
  "log_score_train": -2.8420740904145867,
  "log_score_test": -2.780662845924955,
  "crps_train": 2.284335329478873,
  "crps_test": 2.162194773055655,
  "picp_train": 0.9750348351137947,
  "picp_test": 0.9895397489539749,
  "mpiw_train": 18.711327827088223,
  "mpiw_test": 18.481817359971018
}