{
  "model": "MC dropout",
  "dataset": "yacht",
  "rmse_train": 2.2563630529341263,
  "rmse_test": 2.5661613665363543,
  "log_score_train": -2.474476165206711,
  "log_score_test": -2.5712520615118,
  "crps_train": 1.521848891836886,
  "crps_test": 1.6786152754205057,
  "picp_train": 1.0,
  "picp_test": 1.0,
  "mpiw_train": 21.944631063162063,
  "mpiw_test": 24.285956206123526
}