{
  "model": "MC dropout",
  "dataset": "kin8nm",
  "rmse_train": 0.08945876055957382,
  "rmse_test": 0.08600371956707739,
  "log_score_train": 1.093024278010911,
  "log_score_test": 1.1231945631796048,
  "crps_train": 0.04756818806242214,
  "crps_test": 0.04587653568510515,
  "picp_train": 0.9694195202343893,
  "picp_test": 0.9619187110948371,
  "mpiw_train": 0.3713670995184385,
  "mpiw_test": 0.34319986585669227
}