{
  "model": "DNNC-R",
  "dataset": "kin8nm",
  "rmse_train": 0.08465881126659379,
  "rmse_test": 0.11096564321918032,
  "log_score_train": 0.8526879191545083,
  "log_score_test": 0.5485746122445891,
  "crps_train": 0.051488870227871075,
  "crps_test": 0.06425766559471474,
  "picp_train": 0.9639194139194139,
  "picp_test": 0.8817715959004392,
  "mpiw_train": 0.45920635269964044,
  "mpiw_test": 0.38619731531946716
}