{
  "model": "PBP",
  "dataset": "wine",
  "rmse_train": 0.5535887888465811,
  "rmse_test": 0.7480103959020742,
  "log_score_train": -0.8273630570729771,
  "log_score_test": -1.173065153006664,
  "crps_train": 0.3092421875044536,
  "crps_test": 0.40838501951718437,
  "picp_train": 0.955868544600939,
  "picp_test": 0.8876404494382022,
  "mpiw_train": 2.242654550908933,
  "mpiw_test": 2.2693499262953765
}