{
  "model": "MC dropout",
  "dataset": "concrete",
  "rmse_train": 3.948010133517525,
  "rmse_test": 4.758649591927898,
  "log_score_train": -2.7292836740879727,
  "log_score_test": -2.983146213697719,
  "crps_train": 2.0942779454773226,
  "crps_test": 2.5301766204418685,
  "picp_train": 0.9935275080906149,
  "picp_test": 0.9611650485436893,
  "mpiw_train": 20.260216680214363,
  "mpiw_test": 19.574689755497026
}