{
  "model": "NLM-E",
  "dataset": "kin8nm",
  "rmse_train": 0.0723798763878282,
  "rmse_test": 0.07365060297205084,
  "log_score_train": 1.3223327127533118,
  "log_score_test": 1.2900058312222573,
  "crps_train": 0.03787066373095511,
  "crps_test": 0.038918628283866184,
  "picp_train": 0.982368099823681,
  "picp_test": 0.9731379731379731,
  "mpiw_train": 0.31445492832825706,
  "mpiw_test": 0.31190830056753105
}