{
  "model": "PBP",
  "dataset": "concrete",
  "rmse_train": 5.118076472537099,
  "rmse_test": 6.804775079555529,
  "log_score_train": -3.0551167714217073,
  "log_score_test": -3.384759299576716,
  "crps_train": 2.8184340419725316,
  "crps_test": 3.7667149257839316,
  "picp_train": 0.9592430858806404,
  "picp_test": 0.8746355685131195,
  "mpiw_train": 21.610035008909804,
  "mpiw_test": 21.54389717706083
}