{
  "model": "PNN",
  "dataset": "yacht",
  "rmse_train": 1.4894438159315861,
  "rmse_test": 5.151514013605965,
  "log_score_train": -1.1881855725792365,
  "log_score_test": -134.46204594297444,
  "crps_train": 0.5989541291998642,
  "crps_test": 3.269039550096797,
  "picp_train": 0.9166666666666666,
  "picp_test": 0.3173076923076923,
  "mpiw_train": 3.4255027627942978,
  "mpiw_test": 2.2287889771314244
}