{
  "model": "PBP",
  "dataset": "kin8nm",
  "rmse_train": 0.09411223961383913,
  "rmse_test": 0.09521591634248452,
  "log_score_train": 0.9363254702925913,
  "log_score_test": 0.9265377497361723,
  "crps_train": 0.05211973109261474,
  "crps_test": 0.05299637994008325,
  "picp_train": 0.9608029296080293,
  "picp_test": 0.9658119658119658,
  "mpiw_train": 0.40504949169004545,
  "mpiw_test": 0.4050616022923303
}