{
  "model": "NLM",
  "dataset": "wine",
  "rmse_train": 0.5350679282401751,
  "rmse_test": 0.6738262415160925,
  "log_score_train": -0.644555041314978,
  "log_score_test": -1.1506664832254638,
  "crps_train": 0.27998909721999,
  "crps_test": 0.3822364247846025,
  "picp_train": 0.9671669793621013,
  "picp_test": 0.8592870544090057,
  "mpiw_train": 2.104938058741577,
  "mpiw_test": 2.0730693551108357
}