{
  "model": "DNNC-R",
  "dataset": "boston",
  "rmse_train": 2.1570522314194953,
  "rmse_test": 3.081196445388222,
  "log_score_train": -2.1589534184496344,
  "log_score_test": -2.5985565059743494,
  "crps_train": 1.199056897838819,
  "crps_test": 1.6523338904147449,
  "picp_train": 0.9525222551928784,
  "picp_test": 0.9053254437869822,
  "mpiw_train": 11.301315819056914,
  "mpiw_test": 11.570509116219036
}