{
  "model": "NLM-E",
  "dataset": "energy",
  "rmse_train": 2.5287892505369527,
  "rmse_test": 5.06359014838419,
  "log_score_train": -1.4223721987976192,
  "log_score_test": -1.5806709000917119,
  "crps_train": 0.8655547521879027,
  "crps_test": 1.406606644551501,
  "picp_train": 0.9956647398843931,
  "picp_test": 0.9868421052631579,
  "mpiw_train": 7.955945188822683,
  "mpiw_test": 9.819089137952774
}