{
  "model": "MC dropout",
  "dataset": "wine",
  "rmse_train": 0.5776828369113945,
  "rmse_test": 0.6952752036006801,
  "log_score_train": -0.7934522601668889,
  "log_score_test": -1.020987701590975,
  "crps_train": 0.31501305608315755,
  "crps_test": 0.3794980638668942,
  "picp_train": 0.9727699530516432,
  "picp_test": 0.9550561797752809,
  "mpiw_train": 2.568593454472741,
  "mpiw_test": 2.984333745584813
}